phase,reference_date,gen_id,country_tag,polity_1776,formation_key,current_repo_status,recommendation,candidate_name,native_or_original_name,alternate_names_transliterations,birth_date,birth_date_precision,age_on_1776_01_01,birth_date_notes,birth_place,birth_polity,birth_state_v3,birth_state_v3_confidence,death_date,death_place,military_function_1776,function_dates,command_1776,campaign_or_activity_1776_01_01,culture_historical,culture_v3_candidate,religion,social_origin,traits_historically_argumentable,portrait_status,portrait_description,existing_dna_or_template,overall_confidence,decision_reason,source_1,source_2,source_3
CLEANUP-2D-5K,1776-01-01,GEN1776-151,DEI,VOC territorial administration / Dutch East India Company,Koninklijk_Nederlandsch_Indisch_Leger,PROCEDURAL_ALLOWED,KEEP_PROCEDURAL,Gideon Dulez/Dubez; Johan George Englert,,Gideon Dulez / Dubez; Johan George Englert,,not established,,,,,,,,,"Named VOC artillery/military majors are attested during 1776, but exact status on 1776-01-01 is unproven.",,,No exact formation-wide commander securely tied to the reference date was identified.,Dutch / European VOC officer corps (candidate-specific data incomplete),,not established candidate-by-candidate,,None recommended without exact-reference-date identity.,,,Current formation entry uses template=default; no explicit DNA is present in that formation entry.,MEDIUM,"Contemporary VOC records identify named majors in Batavia later in 1776, but the evidence located is post-reference-date and does not prove formation-wide command on 1776-01-01. Do not backdate them. Note separately that the formation label 'KNIL' is itself later than 1776, but renaming formations is outside this research phase.",https://github.com/Malzars-sys/1776-Age-of-Revolutions/blob/cleanup-post-release/common/history/military_formations/06_military_formations_asia.txt,,
CLEANUP-2D-5K,1776-01-01,GEN1776-152,BUR,Konbaung Kingdom (Burma),tatmadaw,IMPLEMENT_NAMED_HISTORICAL_GENERAL,REBUILD_NAMED_HISTORICAL_GENERAL,Maha Thiha Thura,မဟာသီဟသူရ,Maha Thiha Thura; Maha Thihathura; Maha Thihathura; childhood name reported as Maung Tha,1720,YEAR_ONLY_DISPUTED,~55 if 1720 is accepted; conflicting Thai tradition implies ~72 in 1775,"Modern Burmese-language biographical source gives 1720-1782 and Mu River/Shwebo origin. A Thai institutional narrative for the 1775 campaign reports the Burmese commander as age 72, implying c.1703. No exact civil birth record was located. Recommended: encode 1720 only if the engine requires a year, with an explicit disputed-year research note; never preserve an unreferenced procedural age.",Mu River valley / Shwebo area,"Upper Burma, pre-Konbaung / Burmese realm",STATE_MANDALAY (approximate mapping for Shwebo/Mu Valley),MEDIUM,1782,Ava / Upper Burma (executed after Bodawpaya's accession crisis),Senior Royal Burmese Army commander; commander-in-chief / overall commander of the 1775-1776 Siam campaign.,Top command documented across the late 1760s-1776; active as overall commander in the 1775 invasion.,Main Burmese invasion forces operating through the Martaban-Myawaddy-Raheng/Sukhothai-Phitsanulok axis; subordinate columns operated elsewhere.,Burmese-Siamese War of 1775-1776; campaigning in northern Siam around Phitsanulok. Withdrawal occurs only after Hsinbyushin's death later in 1776.,Bamar/Burmese (probable; native upper-Burma military elite),Burmese/Bamar culture key — verify exact mod/vanilla key at implementation time,"Theravada Buddhist — historically very probable, but no personal devotional record located in the consulted core sources",Mu Valley/Shwebo military elite; selected into Alaungpaya's fighting cadre according to Burmese biographical tradition,"experienced commander [HIGH]; strategic commander [HIGH]; offensive campaigner [HIGH]; pragmatic/diplomatic commander [MEDIUM, based on Qing peace decision]",NO_AUTHENTICATED_CONTEMPORARY_PORTRAIT_LOCATED,Later generic/retrospective depictions may exist; none located that can be authenticated as a contemporary likeness.,Current formation entry uses template=default; no explicit DNA is present in that formation entry.,HIGH military identity / MEDIUM birth data,"The named commander is correct, but the personal profile must be rebuilt. He was the senior Burmese commander leading the 1775-1776 invasion of Siam. Birth data are disputed enough that a procedural-looking exact age must not be retained.",https://github.com/Malzars-sys/1776-Age-of-Revolutions/blob/cleanup-post-release/common/history/military_formations/06_military_formations_asia.txt,https://www.myawady.net.mm/kunbheaangkhette-ccsuukiimhaasiihsuur,"Maung Htin Aung, A History of Burma, Cambridge University Press, 1967, pp. 184-186 (1775 invasion and 1776 withdrawal)."
CLEANUP-2D-5K,1776-01-01,GEN1776-153,PHI,Spanish Captaincy General of the Philippines,ejercito_de_filipinas,PROCEDURAL_ALLOWED,IMPLEMENT_NAMED_HISTORICAL_GENERAL,Simón de Anda y Salazar,Simón de Anda y Salazar,Simon de Anda; Simón Anda y Salazar,1709-10-28,EXACT,66,1709 is preferred. A minority tertiary tradition gives 1701; Basque reference and authority records support 28 Oct 1709.,"Subijana / Subijana-Morillas, Álava",Crown of Spain,STATE_NAVARRA (approximate V3 mapping for Álava/Basque provinces),MEDIUM,1776-10-30,"Cavite, Philippines",Governor and Captain General of the Philippines; supreme colonial military authority.,1770-1776 (second governorship/captaincy-general period),"Captaincy General forces, including direct personnel authority over the Manila Infantry Regiment.",No active major war identified on the exact date; garrison/defence administration and strengthening of military defences. His earlier 1762-1764 resistance to the British demonstrates real field-military experience.,"Basque (Álava), in Spanish imperial service",Basque if available; otherwise Spanish only as a fallback mapping,Roman Catholic,"Educated Basque legal/administrative elite; former Dominican novice, jurist and royal official before military-colonial command",experienced commander [HIGH]; defensive strategist [HIGH]; organizer/administrator [HIGH but may not map to a general trait],PORTRAIT/ENGRAVING_AVAILABLE; DATE/AUTHENTICITY_OF_LIKENESS_TO_BE_CHECKED,"Historical portraits and later monuments exist; use only a rights-cleared period portrait/engraving if one can be sourced, not a monument as DNA evidence.",Current formation entry uses template=default; no explicit DNA is present in that formation entry.,HIGH,"Admissible not merely as governor: he formally held the office of Governor and Captain General, and an Archivo General de Indias file records him on 1775-12-30 giving his opinion on officer appointments to companies of the Manila Infantry Regiment. This is direct military-administrative authority immediately before the reference date.",https://github.com/Malzars-sys/1776-Age-of-Revolutions/blob/cleanup-post-release/common/history/military_formations/06_military_formations_asia.txt,https://pares.mcu.es/ParesBusquedas20/catalogo/description/13086945,https://www.fbbva.es/publicaciones/la-politica-religiosa-del-alaves-simon-de-anda-y-salazar-en-filipinas-es/
CLEANUP-2D-5K,1776-01-01,GEN1776-156,ACE,Sultanate of Aceh,cleanup2d3b_ace_land_1,PROCEDURAL_ALLOWED,KEEP_PROCEDURAL,,,,,,,,,,,,,,,,,,,,,,,,,Current formation entry uses template=default; no explicit DNA is present in that formation entry.,MEDIUM,No separately identifiable non-sovereign field commander with sufficient biographical data and a demonstrable command on 1776-01-01 was located in the consulted sources. Do not substitute the sultan merely because he was ruler.,https://github.com/Malzars-sys/1776-Age-of-Revolutions/blob/cleanup-post-release/common/history/military_formations/06_military_formations_asia.txt,,
CLEANUP-2D-5K,1776-01-01,GEN1776-157,BAL,Balinese kingdoms / aggregate Bali tag,cleanup2d3b_bal_land_1,PROCEDURAL_ALLOWED_PENDING_STRUCTURE_REWORK,KEEP_PROCEDURAL_PENDING_STRUCTURE_REWORK,,,,,,,,,,,,,,,,,,,,,,,,,Current formation entry uses template=default; no explicit DNA is present in that formation entry.,HIGH,Bali in 1776 was politically fragmented. A single 'national general' would project a unitary hierarchy onto multiple courts. No formation-specific commander was securely identified; preserve the structural-rework flag.,https://github.com/Malzars-sys/1776-Age-of-Revolutions/blob/cleanup-post-release/common/history/military_formations/06_military_formations_asia.txt,,
CLEANUP-2D-5K,1776-01-01,GEN1776-158,BLG,Bulungan polity / sultanate,cleanup2d3b_blg_land_1,PROCEDURAL_ALLOWED,KEEP_PROCEDURAL,,,,,,,,,,,,,,,,,,,,,,,,,Current formation entry uses template=default; no explicit DNA is present in that formation entry.,MEDIUM,No sufficiently documented non-sovereign commander tied to the current formation on 1776-01-01 was located. Preserve a procedural commander rather than elevate a ruler or later figure.,https://github.com/Malzars-sys/1776-Age-of-Revolutions/blob/cleanup-post-release/common/history/military_formations/06_military_formations_asia.txt,,
CLEANUP-2D-5K,1776-01-01,GEN1776-159,BNJ,Sultanate of Banjar/Banjarmasin,cleanup2d3b_bnj_land_1,PROCEDURAL_ALLOWED,KEEP_PROCEDURAL,,,,,,,,,,,,,,,,,,,,,,,,,Current formation entry uses template=default; no explicit DNA is present in that formation entry.,MEDIUM,No separately documented officer with exact-reference-date formation command and reconstructable biography was located. Do not use the reigning sultan by default.,https://github.com/Malzars-sys/1776-Age-of-Revolutions/blob/cleanup-post-release/common/history/military_formations/06_military_formations_asia.txt,,
CLEANUP-2D-5K,1776-01-01,GEN1776-160,BRU,Sultanate of Brunei,cleanup2d3b_bru_land_1,PROCEDURAL_ALLOWED,KEEP_PROCEDURAL,,,,,,,,,,,,,,,,,,,,,,,,,Current formation entry uses template=default; no explicit DNA is present in that formation entry.,MEDIUM,The sources located chiefly expose sovereigns and dynastic office-holders. No non-sovereign formation commander securely documented for 1776-01-01 was identified.,https://github.com/Malzars-sys/1776-Age-of-Revolutions/blob/cleanup-post-release/common/history/military_formations/06_military_formations_asia.txt,,
CLEANUP-2D-5K,1776-01-01,GEN1776-161,BTN,Sultanate of Buton,cleanup2d3b_btn_land_1,PROCEDURAL_ALLOWED,KEEP_PROCEDURAL,,,,,,,,,,,,,,,,,,,,,,,,,Current formation entry uses template=default; no explicit DNA is present in that formation entry.,MEDIUM,No independently attested formation-level commander with enough personal data for a historical character was located for the exact reference date.,https://github.com/Malzars-sys/1776-Age-of-Revolutions/blob/cleanup-post-release/common/history/military_formations/06_military_formations_asia.txt,,
CLEANUP-2D-5K,1776-01-01,GEN1776-162,CAM,Kingdom of Cambodia,cleanup2d3b_cam_land_1,PROCEDURAL_ALLOWED_PENDING_STRUCTURE_REWORK,KEEP_PROCEDURAL_PENDING_STRUCTURE_REWORK,,,,,,,,,,,,,,,,,,,,,,,,,Current formation entry uses template=default; no explicit DNA is present in that formation entry.,HIGH,Cambodia was in a period of intense Siamese/Vietnamese dynastic intervention. No commander matching the current abstract formation without relying on the sovereign was established. Preserve the structural-rework status.,https://github.com/Malzars-sys/1776-Age-of-Revolutions/blob/cleanup-post-release/common/history/military_formations/06_military_formations_asia.txt,,
CLEANUP-2D-5K,1776-01-01,GEN1776-163,CHP,Kingdom of Champasak,cleanup2d3b_chp_land_1,PROCEDURAL_ALLOWED_PENDING_STRUCTURE_REWORK,KEEP_PROCEDURAL_PENDING_STRUCTURE_REWORK,,,,,,,,,,,,,,,,,,,,,,,,,Current formation entry uses template=default; no explicit DNA is present in that formation entry.,HIGH,No separately attested 1776 field commander could be tied confidently to the current formation. Do not turn the ruler of Champasak into a general solely because of political authority.,https://github.com/Malzars-sys/1776-Age-of-Revolutions/blob/cleanup-post-release/common/history/military_formations/06_military_formations_asia.txt,,
CLEANUP-2D-5K,1776-01-01,GEN1776-164,CMI,Chiang Mai / Lanna tag in current architecture,cleanup2d3b_cmi_land_1,PROCEDURAL_ALLOWED_PENDING_STRUCTURE_REWORK,KEEP_PROCEDURAL_PENDING_STRUCTURE_REWORK,Kawila,,Kawila; Prince Kawila; Phraya Kawila,1742,YEAR_ONLY,~33,,Lampang / Lanna,Lanna under Burmese suzerainty,STATE_CHIANG_MAI (regional approximation; birthplace is Lampang),MEDIUM,1816,,"Lanna prince/commander associated with Lampang resistance and Siamese-aligned forces, not yet ruler/commander of Chiang Mai.",,,Northern Siam/Lanna warfare aftermath; Chiang Mai itself had been destabilized/abandoned rather than functioning as a normal centralized military state.,Northern Thai / Lanna,Thai/Lao-derived Lanna mapping — verify exact key,Theravada Buddhist,Lampang princely family (Chao Chet Ton lineage),"experienced commander [later strongly attested], organizer [later strongly attested]; not recommended for this formation/date",RETROSPECTIVE_ROYAL/PRINCELY_DEPICTIONS_ONLY_FOR_THIS_PHASE,,Current formation entry uses template=default; no explicit DNA is present in that formation entry.,HIGH,"REJECT_FOR_OFFICE_DATE_AND_POLITY_SCOPE: Kawila is a major historical military figure, but Chiang Mai University scholarship places his Chiang Mai appointment in 1782 and his earlier power base in Lampang/Lamphun. He must not be retroactively made commander of a Chiang Mai formation on 1776-01-01.",https://github.com/Malzars-sys/1776-Age-of-Revolutions/blob/cleanup-post-release/common/history/military_formations/06_military_formations_asia.txt,https://cmuj.cmu.ac.th/asr/journal_de.php?id=64,
CLEANUP-2D-5K,1776-01-01,GEN1776-165,JMB,Sultanate of Jambi,cleanup2d3b_jmb_land_1,PROCEDURAL_ALLOWED_PENDING_STRUCTURE_REWORK,KEEP_PROCEDURAL_PENDING_STRUCTURE_REWORK,,,,,,,,,,,,,,,,,,,,,,,,,Current formation entry uses template=default; no explicit DNA is present in that formation entry.,HIGH,No separately attested formation commander with exact-reference-date command and sufficient personal reconstruction was found. Preserve structural rework rather than using the sultan.,https://github.com/Malzars-sys/1776-Age-of-Revolutions/blob/cleanup-post-release/common/history/military_formations/06_military_formations_asia.txt,,
CLEANUP-2D-5K,1776-01-01,GEN1776-166,JOH,Johor-Riau-Lingga polity,cleanup2d3b_joh_land_1,PROCEDURAL_ALLOWED,IMPLEMENT_NAMED_HISTORICAL_GENERAL,Raja Haji Fisabilillah,Raja Haji Fisabilillah,Raja Haji; Raja Haji Fisabillillah; Raja Haji Marhum Teluk Ketapang; Pangeran Sutawijaya (Jambi title),1725-1727,CONFLICTING_APPROXIMATE_YEAR_RANGE,~48-50,Indonesian Ministry of Culture page gives 1725; IKPNI national-hero profile gives approximately 1727. Preserve as an uncertain range rather than fabricate a day/month.,Kota Lama / Hulu Riau (Riau archipelago),Johor-Riau realm,STATE_MALAYA (approximate current-mod mapping; verify Riau island province assignment before implementation),MEDIUM,1784-06-18,"Teluk Ketapang, near Malacca","Engku Kelana / assistant to the Yang Dipertuan Muda, with responsibility for security and territorial integrity; experienced military expedition leader.",Engku Kelana for decades before elevation to Yang Dipertuan Muda IV in 1777.,Mobile/security forces of the Riau-Johor political sphere; prior operations in Selangor and regional expeditions.,No single battle was proven to be underway on exactly 1 Jan 1776; he was actively serving as Engku Kelana with security and regional expedition responsibilities.,Bugis-Riau elite; paternal Bugis YDM dynasty integrated into Malay-Riau polity,Bugis preferred if available; Malay is a possible political fallback but loses lineage specificity,Sunni Islam,"Princely Bugis-Riau military-political elite, son of Daeng Celak (YDM II)","experienced commander [HIGH]; expeditionary/security commander [HIGH]; brave [MEDIUM-HIGH, combat wound and later battle record]; naval experience [HIGH, but use only if a land-general trait can represent it]",NO_AUTHENTICATED_CONTEMPORARY_PORTRAIT_LOCATED,Modern heroic paintings/statues exist; do not treat them as contemporary facial evidence for DNA.,Current formation entry uses template=default; no explicit DNA is present in that formation entry.,MEDIUM-HIGH,"Strong admissible non-sovereign candidate. On 1776-01-01 he was Engku Kelana, an office explicitly associated with maintaining security and territorial integrity, and he already had combat experience against the Dutch. His later Yang Dipertuan Muda IV title begins in 1777 and must NOT be backdated.",https://github.com/Malzars-sys/1776-Age-of-Revolutions/blob/cleanup-post-release/common/history/military_formations/06_military_formations_asia.txt,https://ikpni.or.id/pahlawan/raja-haji-fisabilillah/,https://kebudayaan.kemdikbud.go.id/bpnbkepri/momen-hari-pahlawan-mengenang-raja-haji/
CLEANUP-2D-5K,1776-01-01,GEN1776-167,KTI,Kutai Kartanegara Sultanate,cleanup2d3b_kti_land_1,PROCEDURAL_ALLOWED,KEEP_PROCEDURAL,,,,,,,,,,,,,,,,,,,,,,,,,Current formation entry uses template=default; no explicit DNA is present in that formation entry.,MEDIUM,No non-sovereign commander with secure 1776-01-01 field command and sufficient biographical data was located.,https://github.com/Malzars-sys/1776-Age-of-Revolutions/blob/cleanup-post-release/common/history/military_formations/06_military_formations_asia.txt,,
CLEANUP-2D-5K,1776-01-01,GEN1776-168,LAN,Lanfang tag (anachronistic at reference date),cleanup2d3b_lan_land_1,PROCEDURAL_ALLOWED_PENDING_STRUCTURE_REWORK,KEEP_PROCEDURAL_PENDING_STRUCTURE_REWORK,Luo Fangbo,羅芳伯,Luo Fangbo; Lo Fong Pak,1738,YEAR_ONLY,~37,,"Jiaying Prefecture / later Meixian, Guangdong",Qing Empire,STATE_GUANGDONG,HIGH,1795,West Borneo,Chinese migrant/miner-community leader in formation; NOT yet head of Lanfang because Lanfang was formed in 1777.,"Lanfang president/head from 1777 to 1795, not on reference date.",,Community/mining leadership in West Borneo; no admissible Lanfang state command yet.,Hakka Chinese,Hakka if supported; otherwise Han/Chinese fallback,not securely established in consulted sources,"Hakka migrant from Guangdong; teacher, miner and community organizer",organizer [later strongly attested]; martial skill [reported]; none should justify 1776 Lanfang appointment,NO_AUTHENTICATED_CONTEMPORARY_PORTRAIT_LOCATED,,Current formation entry uses template=default; no explicit DNA is present in that formation entry.,HIGH,"REJECT_FOR_REFERENCE_DATE/STATE_EXISTENCE: Luo Fangbo was already in West Borneo, but the Lanfang kongsi itself was founded in 1777. Assigning him as a Lanfang general on 1776-01-01 would backdate the polity/office.",https://github.com/Malzars-sys/1776-Age-of-Revolutions/blob/cleanup-post-release/common/history/military_formations/06_military_formations_asia.txt,https://worldhistoryconnected.press.uillinois.edu/17.3/Eng.html,https://journals.itb.ac.id/index.php/sostek/article/view/1379
CLEANUP-2D-5K,1776-01-01,GEN1776-169,LUA,Kingdom of Luang Prabang,cleanup2d3b_lua_land_1,PROCEDURAL_ALLOWED_PENDING_STRUCTURE_REWORK,KEEP_PROCEDURAL_PENDING_STRUCTURE_REWORK,,,,,,,,,,,,,,,,,,,,,,,,,Current formation entry uses template=default; no explicit DNA is present in that formation entry.,HIGH,No independently documented formation commander with reconstructable personal data was located for the exact reference date. Preserve structural rework and do not default to the king.,https://github.com/Malzars-sys/1776-Age-of-Revolutions/blob/cleanup-post-release/common/history/military_formations/06_military_formations_asia.txt,,
CLEANUP-2D-5K,1776-01-01,GEN1776-170,MGD,Sultanate of Maguindanao,cleanup2d3b_mgd_land_1,PROCEDURAL_ALLOWED,KEEP_PROCEDURAL,,,,,,,,,,,,,,,,,,,,,,,,,Current formation entry uses template=default; no explicit DNA is present in that formation entry.,MEDIUM,No non-sovereign commander could be securely tied to the mod formation on 1776-01-01 with enough personal data for implementation.,https://github.com/Malzars-sys/1776-Age-of-Revolutions/blob/cleanup-post-release/common/history/military_formations/06_military_formations_asia.txt,,
CLEANUP-2D-5K,1776-01-01,GEN1776-171,PON,Sultanate of Pontianak,cleanup2d3b_pon_land_1,PROCEDURAL_ALLOWED,KEEP_PROCEDURAL,,,,,,,,,,,,,,,,,,,,,,,,,Current formation entry uses template=default; no explicit DNA is present in that formation entry.,HIGH,Syarif Abdurrahman is historically central but is the sovereign/founder and cannot be used merely because he led the polity. No separate formation commander with adequate evidence was located.,https://github.com/Malzars-sys/1776-Age-of-Revolutions/blob/cleanup-post-release/common/history/military_formations/06_military_formations_asia.txt,,
CLEANUP-2D-5K,1776-01-01,GEN1776-172,PRK,Sultanate of Perak,cleanup2d3b_prk_land_1,PROCEDURAL_ALLOWED,KEEP_PROCEDURAL,,,,,,,,,,,,,,,,,,,,,,,,,Current formation entry uses template=default; no explicit DNA is present in that formation entry.,MEDIUM,No separately attested non-sovereign commander with a secure command on the exact reference date and adequate personal data was located.,https://github.com/Malzars-sys/1776-Age-of-Revolutions/blob/cleanup-post-release/common/history/military_formations/06_military_formations_asia.txt,,
CLEANUP-2D-5K,1776-01-01,GEN1776-173,SAK,Sultanate of Siak Sri Indrapura,cleanup2d3b_sak_land_1,PROCEDURAL_ALLOWED,KEEP_PROCEDURAL,,,,,,,,,,,,,,,,,,,,,,,,,Current formation entry uses template=default; no explicit DNA is present in that formation entry.,MEDIUM,No independently attested field commander matching the current formation and reference date was located without substituting a ruler.,https://github.com/Malzars-sys/1776-Age-of-Revolutions/blob/cleanup-post-release/common/history/military_formations/06_military_formations_asia.txt,,
CLEANUP-2D-5K,1776-01-01,GEN1776-174,SEL,Sultanate of Selangor,cleanup2d3b_sel_land_1,PROCEDURAL_ALLOWED,KEEP_PROCEDURAL,,,,,,,,,,,,,,,,,,,,,,,,,Current formation entry uses template=default; no explicit DNA is present in that formation entry.,MEDIUM-HIGH,The obvious named figures are rulers or Riau-Johor elites whose exact Selangor formation command on 1776-01-01 is not established. Raja Haji is assigned to JOH where his Engku Kelana office fits better.,https://github.com/Malzars-sys/1776-Age-of-Revolutions/blob/cleanup-post-release/common/history/military_formations/06_military_formations_asia.txt,,
CLEANUP-2D-5K,1776-01-01,GEN1776-175,SIA,Thonburi Kingdom / Siam,cleanup2d3b_sia_land_1,IMPLEMENT_NAMED_HISTORICAL_GENERAL,REBUILD_NAMED_HISTORICAL_GENERAL,Chao Phraya Chakri (Thongduang),ทองด้วง,Thongduang; Thong Duang; Chao Phraya Chakri; later Somdet Chao Phraya Maha Kasat Suek; later Rama I / Phutthayotfa Chulalok,1737-03-20,EXACT_DAY_MONTH_CALENDAR_CONVERSION_RESOLVED_WITH_NOTE,38,"Thai Fine Arts Department gives 20 March B.E. 2279. Some Thai institutional English pages mechanically render this as 1736, while modern authority records commonly give 20 Mar 1737. Because old Thai year-counting changed in April/Songkran rather than 1 January, the recommended Gregorian implementation date is 1737-03-20. Keep the calendar-conversion note in research documentation.",Ayutthaya,Ayutthaya Kingdom,STATE_BANGKOK (current V3 regional approximation for Ayutthaya/central Siam),HIGH,1809-09-07,Bangkok,Chao Phraya Chakri; commander-in-chief under King Taksin.,Chao Phraya Chakri from 1772; appointed commander-in-chief in 1775; higher Somdet Chao Phraya rank only after a later 1776 eastern campaign.,Major Siamese field army; coordinated with Chao Phraya Surasi in the northern theatre.,"Burmese-Siamese War of 1775-1776. After redirecting from Chiang Saen, Chakri and Surasi defended/operated around Phitsanulok against Maha Thiha Thura's invasion; the siege/breakout sequence continued into 1776.",Siamese/Thai court-military identity; paternal Mon and maternal Chinese ancestry reported in later genealogical tradition,Thai/Siamese culture key,Theravada Buddhist; personally ordained as a monk in youth,"Ayutthayan noble/official family; rose through police, provincial and military offices under Taksin",experienced commander [HIGH]; defensive strategist [HIGH]; offensive/vanguard commander [HIGH]; brave/unyielding [MEDIUM],LATER_ROYAL_PORTRAITS_AVAILABLE; NO_VERIFIED_1776_CONTEMPORARY_LIKENESS,Royal portraits depict him later as Rama I; they can guide broad appearance only with caution and should not be represented as a 1776 life portrait.,Current formation entry uses template=default; no explicit DNA is present in that formation entry.,HIGH,"The existing historical identity is correct, but the profile must be rebuilt. On 1776-01-01 he was still Chao Phraya Chakri and already commander-in-chief; the higher Somdet Chao Phraya Maha Kasat Suek title followed a later 1776 campaign and must not be applied at the reference date.",https://github.com/Malzars-sys/1776-Age-of-Revolutions/blob/cleanup-post-release/common/history/military_formations/06_military_formations_asia.txt,https://www.lib.kmutt.ac.th/chapter-19-the-top-generals-of-king-taksin-the-great/,https://finearts.go.th/museumstorage/view/40646-50Royalinmemory-%E0%B9%92%E0%B9%90-%E0%B8%A1%E0%B8%B5%E0%B8%99%E0%B8%B2%E0%B8%84%E0%B8%A1-%E0%B9%92%E0%B9%92%E0%B9%97%E0%B9%99--%E0%B9%92%E0%B9%98%E0%B9%96-%E0%B8%9B%E0%B8%B5%E0%B8%81%E0%B9%88%E0%B8%AD%E0%B8%99----%E0%B8%A7%E0%B8%B1%E0%B8%99%E0%B8%9E%E0%B8%A3%E0%B8%B0%E0%B8%A3%E0%B8%B2%E0%B8%8A%E0%B8%AA%E0%B8%A1%E0%B8%A0%E0%B8%9E%E0%B8%9E%E0%B8%A3%E0%B8%B0%E0%B8%9A%E0%B8%B2%E0%B8%97%E0%B8%AA%E0%B8%A1%E0%B9%80%E0%B8%94%E0%B9%87%E0%B8%88%E0%B8%9E%E0%B8%A3%E0%B8%B0%E0%B8%9E%E0%B8%B8%E0%B8%97%E0%B8%98%E0%B8%A2%E0%B8%AD%E0%B8%94%E0%B8%9F%E0%B9%89%E0%B8%B2%E0%B8%88%E0%B8%B8%E0%B8%AC%E0%B8%B2%E0%B9%82%E0%B8%A5%E0%B8%81--%E0%B8%A3%E0%B8%B1%E0%B8%8A%E0%B8%81%E0%B8%B2%E0%B8%A5%E0%B8%97%E0%B8%B5%E0%B9%88-%E0%B9%91-
CLEANUP-2D-5K,1776-01-01,GEN1776-176,SMB,Sultanate of Sambas,cleanup2d3b_smb_land_1,PROCEDURAL_ALLOWED,KEEP_PROCEDURAL,,,,,,,,,,,,,,,,,,,,,,,,,Current formation entry uses template=default; no explicit DNA is present in that formation entry.,MEDIUM,No separately attested formation commander with sufficient personal and command data for 1776-01-01 was located.,https://github.com/Malzars-sys/1776-Age-of-Revolutions/blob/cleanup-post-release/common/history/military_formations/06_military_formations_asia.txt,,
CLEANUP-2D-5K,1776-01-01,GEN1776-177,SRK,Surakarta Sunanate,cleanup2d3b_srk_land_1,PROCEDURAL_ALLOWED,DEFER_POLITY_SCOPE_MISMATCH_KEEP_PROCEDURAL,Mangkunegara I (Raden Mas Said),Raden Mas Said / Mangkunegara I,Mangkunagara I; Mangkunegara I; Raden Mas Said; Prince Sambernyawa,1726,YEAR_ONLY (day/month not revalidated in this phase),~49,,Kartasura/central Java region,Mataram/central Javanese court world,STATE_CENTRAL_JAVA,HIGH,1795,,Semi-independent Mangkunegaran prince with his own military following; renowned former rebel commander.,Mangkunegaran principality from 1757; 1768-1778 is primarily a period of political marginalization/competition rather than a new open rebellion.,"Mangkunegaran forces, not clearly the Sunanate's generic SRK formation.",No exact active campaign requiring transfer of his command to SRK was established.,Javanese,Javanese,Islam (Javanese court tradition),Javanese royal/princely elite,expert/experienced commander [HIGH]; irregular/guerrilla warfare expertise [HIGH]; charismatic military leader [HIGH],LATER_COURT/RETROSPECTIVE_DEPICTIONS; NO_1776_LIKENESS_VERIFIED,,Current formation entry uses template=default; no explicit DNA is present in that formation entry.,HIGH,"Historically a first-rate Javanese military commander, but by 1776 he was the semi-independent ruler/prince of Mangkunegaran within the Surakarta political space, not automatically the commander of the Surakarta Sunanate's generic formation. Use only if a future architecture decision explicitly aggregates Mangkunegaran forces into SRK.",https://github.com/Malzars-sys/1776-Age-of-Revolutions/blob/cleanup-post-release/common/history/military_formations/06_military_formations_asia.txt,https://catalogue.uiii.ac.id/?id=9935&p=show_detail,
CLEANUP-2D-5K,1776-01-01,GEN1776-178,STG,Sintang polity / sultanate,cleanup2d3b_stg_land_1,PROCEDURAL_ALLOWED,KEEP_PROCEDURAL,,,,,,,,,,,,,,,,,,,,,,,,,Current formation entry uses template=default; no explicit DNA is present in that formation entry.,MEDIUM,No independently documented formation commander with secure 1776 command and sufficient biographical data was located.,https://github.com/Malzars-sys/1776-Age-of-Revolutions/blob/cleanup-post-release/common/history/military_formations/06_military_formations_asia.txt,,
CLEANUP-2D-5K,1776-01-01,GEN1776-179,SUL,Sultanate of Sulu,cleanup2d3b_sul_land_1,PROCEDURAL_ALLOWED,KEEP_PROCEDURAL,,,,,,,,,,,,,,,,,,,,,,,,,Current formation entry uses template=default; no explicit DNA is present in that formation entry.,MEDIUM,No separately attested non-sovereign land commander could be tied to the current formation on the exact date with enough personal data. Do not convert the sultan into a general by default.,https://github.com/Malzars-sys/1776-Age-of-Revolutions/blob/cleanup-post-release/common/history/military_formations/06_military_formations_asia.txt,,
CLEANUP-2D-5K,1776-01-01,GEN1776-180,TID,Sultanate of Tidore,cleanup2d3b_tid_land_1,PROCEDURAL_ALLOWED,KEEP_PROCEDURAL,,,,,,,,,,,,,,,,,,,,,,,,,Current formation entry uses template=default; no explicit DNA is present in that formation entry.,MEDIUM,No non-sovereign commander matching the current land formation and reference date was located with sufficient biographical certainty. Later anti-Dutch figures must not be backdated.,https://github.com/Malzars-sys/1776-Age-of-Revolutions/blob/cleanup-post-release/common/history/military_formations/06_military_formations_asia.txt,,
CLEANUP-2D-5K,1776-01-01,GEN1776-181,YOG,Sultanate of Yogyakarta,cleanup2d3b_yog_land_1,PROCEDURAL_ALLOWED,KEEP_PROCEDURAL,,,,,,,,,,,,,,,,,,,,,,,,,Current formation entry uses template=default; no explicit DNA is present in that formation entry.,HIGH,No formation-specific non-sovereign commander with adequate 1776 evidence was identified. Hamengkubuwono I was a major military figure historically but was the reigning sovereign and is therefore not used automatically under the stated rule.,https://github.com/Malzars-sys/1776-Age-of-Revolutions/blob/cleanup-post-release/common/history/military_formations/06_military_formations_asia.txt,,
CLEANUP-2D-5K,1776-01-01,,DAI,Đại Việt in current country architecture,,NO_LAND_FORMATION_FOUND_IN_CURRENT_ASIA_FORMATION_FILE,NO_GENERAL_ASSIGNMENT_NO_CURRENT_LAND_FORMATION,,,,,,,,,,,,,,,,,,,,,,,,,N/A — no current DAI land formation/general entry found in the audited formation file.,HIGH,"The DAI country history exists in the repository, but no c:DAI land formation is present in the current 06_military_formations_asia.txt. Do not create or assign a general in this phase; this is an architecture note, not an omission to 'fix' during research.",https://github.com/Malzars-sys/1776-Age-of-Revolutions/blob/cleanup-post-release/common/history/military_formations/06_military_formations_asia.txt,https://github.com/Malzars-sys/1776-Age-of-Revolutions/blob/cleanup-post-release/common/history/countries/dai%20-%20dai%20viet.txt,
