scope_group,country_tag,general_slot,formation_id,formation_name,hq_region,formation_state_basis,current_character,current_status,candidate_full_name,decision,decision_class,confidence,admissible_1776_01_01,birth_date,birth_date_precision,birth_place_historical,birth_polity_at_birth,v3_birth_state,v3_birth_state_confidence,death_date,death_date_precision,rank_1776_01_01,military_office_1776_01_01,office_start,office_end,command_type,formation_theatre_mapping,mapping_justification,culture_v3,culture_confidence,religion,religion_confidence,social_origin,ig_mapping_suggested,ideology_mapping_suggested,traits_suggested,portrait_status,portrait_reference,dna_existing,dna_reference,template_existing,template_reference,repo_character_existing,repo_event_hook,source_1,source_2,source_3,source_notes,decision_notes,research_only_no_implementation
PRUSSIA,PRU,GEN1776-003,cleanup2d4_formation_003,cleanup2d3b_pru_land_4,region_central_europe,"ANHALT + BRANDENBURG; conscript footprint across Brandenburg, Silesia, Westphalia, East/West Prussia, Rhineland/Pomerania",PROCEDURAL,PROCEDURAL,Friedrich Ehrenreich von Ramin,ACCEPT_REPLACE_PROCEDURAL,TERRITORIAL_COMMAND_ABSTRACTION,MEDIUM-HIGH,YES,1709-04-10,DAY,"Brüssow, Uckermark",Brandenburg-Prussia / Kingdom of Prussia,STATE_BRANDENBURG,HIGH,1782-12-02,DAY,Generalleutnant,Governor of Berlin,1767-07,1782-12-02,TERRITORIAL_HIGH_COMMAND,Broad central-Prussian / Brandenburg rear-area abstraction,"Active senior Frederician general and Governor of Berlin from 1767. Not a field-army commander on 1776-01-01, so use only as an explicitly labelled territorial-command abstraction.",north_german,HIGH,Evangelical/Protestant (source marks with uncertainty),MEDIUM,Old landed nobility,ig_armed_forces,royalist/traditionalist (gameplay inference only),No strong trait recommendation beyond experienced senior commander; avoid overfitting,CONTEMPORARY_PORTRAIT_NOT_VERIFIED_IN_THIS_AUDIT,,NO,No candidate-specific reusable DNA found in common/dna_data/ during this audit.,NO,No candidate-specific reusable character template found in common/character_templates/.,NO_NEW_REUSABLE_PROFILE,NO_RELEVANT_EXISTING_EVENT_HOOK_FOUND,Deutsche Biographie — Friedrich Ehrenreich von Ramin — https://www.deutsche-biographie.de/gnd124458947.html,https://github.com/Malzars-sys/1776-Age-of-Revolutions/blob/cleanup-post-release/common/history/military_formations/00_military_formations_europe.txt,,,"Chosen over an ungrounded procedural general; weaker geographic fit than Tauentzien/Saldern, hence abstraction label.",YES
PRUSSIA,PRU,GEN1776-004,cleanup2d4_formation_004,cleanup2d3b_pru_land_1 / 2_Armee,region_central_europe,ANHALT,PROCEDURAL,PROCEDURAL,Friedrich Christoph von Saldern,ACCEPT_REPLACE_PROCEDURAL,TERRITORIAL_INSPECTORATE_ABSTRACTION,HIGH,YES,1719-06-02,DAY,"Kolberg (Kołobrzeg), Pomerania",Kingdom of Prussia,STATE_POMERANIA,HIGH,1785-03-14,DAY,Generalleutnant,Inspector of infantry in the Duchy of Magdeburg and Altmark,1763,1785,INFANTRY_INSPECTORATE,Anhalt/Magdeburg-central Prussian formation,The formation is Anhalt-centred; Saldern's continuing Magdeburg/Altmark infantry inspectorate is the closest documented 1776 command structure among senior Frederician generals.,north_german,HIGH,Evangelical,HIGH,Lower-Saxon/Prussian nobility; military family,ig_armed_forces,royalist/traditionalist (gameplay inference only),meticulous; infantry drill/tactics emphasis (gameplay inference),CONTEMPORARY_PORTRAIT_NOT_VERIFIED_IN_THIS_AUDIT,,NO,No candidate-specific reusable DNA found in common/dna_data/ during this audit.,NO,No candidate-specific reusable character template found in common/character_templates/.,NO_NEW_REUSABLE_PROFILE,NO_RELEVANT_EXISTING_EVENT_HOOK_FOUND,Deutsche Biographie — Friedrich Christoph von Saldern — https://www.deutsche-biographie.de/gnd100202284.html,https://github.com/Malzars-sys/1776-Age-of-Revolutions/blob/cleanup-post-release/common/history/military_formations/00_military_formations_europe.txt,,,,YES
PRUSSIA,PRU,GEN1776-005,cleanup2d4_formation_005,cleanup2d3b_pru_land_2 / main_Armee,region_central_europe,ANHALT + LOWER_SILESIA,PROCEDURAL,PROCEDURAL,Wichard Joachim Heinrich von Möllendorff,ACCEPT_REPLACE_PROCEDURAL,INSPECTORATE_ABSTRACTION,MEDIUM-HIGH,YES,1724-01-07,DAY,"Lindenberg, Prignitz",Kingdom of Prussia / Margraviate of Brandenburg,STATE_BRANDENBURG,HIGH,1816-01-28,DAY,General officer; exact 1776 rank should be checked against a contemporary Rangliste before coding,Infantry inspectorate service (Märkische/Pomeranian inspection sequence after the Seven Years' War),after 1763,before/into 1783 depending inspectorate assignment,INFANTRY_INSPECTORATE,Central/eastern Prussian main-army abstraction,A proven senior Frederician general in continuing inspectorate duty by 1776. The exact inspectorate chronology/rank should be checked in a contemporary Rangliste before implementation.,north_german,HIGH,Evangelical,HIGH,Old Prignitz landed nobility,ig_armed_forces,royalist/moderate-conservative (gameplay inference only),experienced commander; disciplined/organizational profile (gameplay inference),CONTEMPORARY_PORTRAIT_NOT_VERIFIED_IN_THIS_AUDIT,,NO,No candidate-specific reusable DNA found in common/dna_data/ during this audit.,NO,No candidate-specific reusable character template found in common/character_templates/.,NO_NEW_REUSABLE_PROFILE,NO_RELEVANT_EXISTING_EVENT_HOOK_FOUND,Deutsche Biographie — Wichard Joachim Heinrich von Möllendorff — https://www.deutsche-biographie.de/gnd117081051.html,https://github.com/Malzars-sys/1776-Age-of-Revolutions/blob/cleanup-post-release/common/history/military_formations/00_military_formations_europe.txt,,Exact January-1776 rank and exact inspectorate transfer date remain the principal primary-source verification item.,,YES
PRUSSIA,PRU,GEN1776-006,cleanup2d4_formation_006,cleanup2d3b_pru_land_3 / Elbe_Armee,region_central_europe,LOWER_SILESIA + BRANDENBURG,PROCEDURAL,PROCEDURAL,Friedrich Bogislaw (Boguslaw) von Tauentzien,ACCEPT_REPLACE_PROCEDURAL,TERRITORIAL_INSPECTORATE_ABSTRACTION,HIGH,YES,1710-04-18,DAY,"Tauentzien (Tawecino), Lauenburg district, Hinterpommern",Brandenburg-Prussia / Kingdom of Prussia,STATE_POMERANIA,HIGH,1791-03-21,DAY,General der Infanterie (promoted 1775),Governor of Breslau; Silesian infantry inspector,1763,inspection to 1784; governor to 1791,TERRITORIAL_AND_INFANTRY_INSPECTORATE,Lower-Silesian formation,Strongest geographic fit in the Prussian audit: continuing Breslau/Silesian command and inspectorate directly overlap the formation's Lower Silesia base.,north_german,HIGH,Not independently verified in this audit,UNKNOWN,Pomeranian/Prussian nobility,ig_armed_forces,royalist/traditionalist (gameplay inference only),stalwart defender / experienced defensive commander (gameplay inference),CONTEMPORARY_PORTRAIT_NOT_VERIFIED_IN_THIS_AUDIT,,NO,No candidate-specific reusable DNA found in common/dna_data/ during this audit.,NO,No candidate-specific reusable character template found in common/character_templates/.,NO_NEW_REUSABLE_PROFILE,NO_RELEVANT_EXISTING_EVENT_HOOK_FOUND,Deutsche Biographie — Friedrich Bogislaw von Tauentzien — https://www.deutsche-biographie.de/gnd117250686.html,https://github.com/Malzars-sys/1776-Age-of-Revolutions/blob/cleanup-post-release/common/history/military_formations/00_military_formations_europe.txt,,,,YES
ITALY_NORTHWEST,GEN,GEN1776-007,cleanup2d4_formation_007,cleanup2d3e_r1_gen_land_1,region_southern_europe,STATE_PIEDMONT,PROCEDURAL,PROCEDURAL,,KEEP_PROCEDURAL,NO_DEFENSIBLE_NAMED_GENERAL_AT_CUTOFF,HIGH,N/A,,UNKNOWN,,,,,,UNKNOWN,,,,,,,Strict 1776-01-01 cutoff: no army-level named officer with sufficiently documented current command was established in this audit.,,,,,,,,,NOT_APPLICABLE,,NO,,NO,,NO,NO_RELEVANT_HOOK_FOUND,https://github.com/Malzars-sys/1776-Age-of-Revolutions/blob/cleanup-post-release/common/history/military_formations/00_military_formations_europe.txt,,,,Do not force a Genoese general without a documented army-level appointment active on 1776-01-01.,YES
ITALY_NORTH,VEN,GEN1776-008,cleanup2d4_formation_008,cleanup2d3e_r1_ven_land_1,region_southern_europe,STATE_ISTRIA; conscripts VENETIA/ISTRIA/SOUTH_TYROL,PROCEDURAL,PROCEDURAL,,KEEP_PROCEDURAL,NO_DEFENSIBLE_NAMED_GENERAL_AT_CUTOFF,HIGH,N/A,,UNKNOWN,,,,,,UNKNOWN,,,,,,,Strict 1776-01-01 cutoff: no army-level named officer with sufficiently documented current command was established in this audit.,,,,,,,,,NOT_APPLICABLE,,NO,,NO,,NO,NO_RELEVANT_HOOK_FOUND,https://github.com/Malzars-sys/1776-Age-of-Revolutions/blob/cleanup-post-release/common/history/military_formations/00_military_formations_europe.txt,,,,Venetian military command was institutionally complex; no sufficiently documented single army-level holder was established for the cutoff.,YES
HABSBURG_AUSTRIA,AUS,GEN1776-009,cleanup2d4_formation_009,cleanup2d3b_aus_land_3,region_balkans,STATE_BUKOVINA + wide Habsburg conscript footprint,Andreas Hadik,HISTORICAL_NAMED,Gabriel Freiherr Splényi von Miháldy,ACCEPT_REPLACE_CURRENT_AND_REMAP_HADIK,DIRECT_TERRITORIAL_COMMAND,HIGH_FOR_OFFICE_MEDIUM_FOR_BIODETAILS,YES,1734-10-02,DAY,"Ternyn, Upper Hungary","Kingdom of Hungary, Habsburg Monarchy",STATE_SLOVAKIA,MEDIUM — historical Ternyn mapping should be geochecked before coding,1814-04-01,DAY,Generalmajor,Military organizer/commander responsible for newly acquired Bukovina,appointed 1773-05; occupation/administration from 1774-09-01,1778-04-06 / reassigned in 1778,DIRECT_TERRITORIAL_COMMAND,Bukovina,The formation's permanent units are based in Bukovina. Splényi was appointed before the cutoff specifically to organize and administer the newly acquired province.,hungarian,MEDIUM,Catholic,HIGH,Hungarian noble military family; son of an imperial cavalry general,ig_armed_forces,royalist (gameplay inference only),organizer / meticulous / experienced administrator (gameplay inference),CONTEMPORARY_PORTRAIT_NOT_VERIFIED_IN_THIS_AUDIT,,NO,No candidate-specific reusable DNA found in common/dna_data/ during this audit.,NO,No candidate-specific reusable character template found in common/character_templates/.,NO_NEW_REUSABLE_PROFILE,NO_RELEVANT_EXISTING_EVENT_HOOK_FOUND,Deutsche Biographie — Gabriel Freiherr Splényi von Miháldy — https://www.deutsche-biographie.de/gnd121754561.html,https://github.com/Malzars-sys/1776-Age-of-Revolutions/blob/cleanup-post-release/common/history/military_formations/00_military_formations_europe.txt,,Death-date conflict in biographical traditions: Deutsche Biographie/ADB gives 1814-04-01; some older biographical compilations give 1818-04-01. Preserve conflict until primary confirmation.,"Hadik is not rejected; he is remapped to the central AUS slot because his Jan-1776 office is Hofkriegsrat president, not Bukovina field/territorial commander.",YES
HABSBURG_AUSTRIA,AUS,GEN1776-010,cleanup2d4_formation_010,cleanup2d3b_aus_land_4 / generalkommando_lemberg,region_central_europe,STATE_AUSTRIA in current unit placement; formation identity explicitly Lemberg,PROCEDURAL,PROCEDURAL,Joseph (Josip/József) Šišković,ACCEPT_REPLACE_PROCEDURAL,DIRECT_TERRITORIAL_COMMAND,HIGH_FOR_ADMISSIBILITY_MEDIUM_FOR_BIODETAILS,YES,1719-07-02,DAY,Szeged,"Kingdom of Hungary, Habsburg Monarchy",STATE_CENTRAL_HUNGARY,MEDIUM — geographic mapping; verify exact mod state key before coding,1783-02-04,DAY,Feldzeugmeister,Military commander / commanding general in Galicia,1775-10-13 (appointment period; some accounts state September 1775),1779-04-30 transfer to Bohemia,DIRECT_TERRITORIAL_COMMAND,Lemberg / Galicia,Direct fit to the formation identity: he was appointed to the Galician military command before 1776-01-01.,croat,MEDIUM — Bunjevac/Dalmatian family simplified to V3 Croatian,Catholic,MEDIUM-HIGH,Military-border/Bunjevac family elevated in Habsburg service,ig_armed_forces,royalist (gameplay inference only),experienced organizer / border-command specialist (gameplay inference),CONTEMPORARY_PORTRAIT_AVAILABLE,Wikimedia Commons — Category: Josip Šišković — https://commons.wikimedia.org/wiki/Category:Josip_%C5%A0i%C5%A1kovi%C4%87,NO,No candidate-specific reusable DNA found in common/dna_data/ during this audit.,NO,No candidate-specific reusable character template found in common/character_templates/.,NO_NEW_REUSABLE_PROFILE,NO_RELEVANT_EXISTING_EVENT_HOOK_FOUND,Hrvatska enciklopedija — Josip Šišković — https://www.enciklopedija.hr/clanak/siskovic-josip,Wikimedia Commons — Category: Josip Šišković — https://commons.wikimedia.org/wiki/Category:Josip_%C5%A0i%C5%A1kovi%C4%87,https://github.com/Malzars-sys/1776-Age-of-Revolutions/blob/cleanup-post-release/common/history/military_formations/00_military_formations_europe.txt,"Death-date conflict: Croatian Encyclopedia gives Prague, 1783-02-04; other catalogues/databases circulate December 1783 dates. Use 1783-02-04 only with source note until archival confirmation.",,YES
HABSBURG_AUSTRIA,AUS,GEN1776-011,cleanup2d4_formation_011,cleanup2d3b_aus_land_1,region_central_europe,STATE_AUSTRIA,Franz Moritz von Lacy,HISTORICAL_NAMED,Andreas Hadik von Futak,ACCEPT_REPLACE_LACY_HIGHER_COMMAND_ABSTRACTION,HIGHER_COMMAND_ABSTRACTION,HIGH,YES,1710-10-16,DAY,"Csallóköz / Große Schüttinsel (Žitný ostrov), Kingdom of Hungary","Kingdom of Hungary, Habsburg Monarchy",STATE_SLOVAKIA,MEDIUM-HIGH,1790-03-12,DAY,Feldmarschall,President of the Hofkriegsrat,1774-05,1790,CENTRAL_SUPREME_MILITARY_ADMINISTRATION,Vienna/central Habsburg army abstraction,Hadik is the most defensible higher-command abstraction: on 1776-01-01 he held the top central military-administrative office of the monarchy. He should not be presented as direct commander of this specific army.,hungarian,HIGH,Catholic,HIGH,Hungarian noble military family; father served as a hussar captain,ig_armed_forces,royalist (gameplay inference only),experienced offensive commander / bold raider; senior administrator (gameplay inference),CONTEMPORARY_PORTRAIT_AVAILABLE,Contemporary engraving by J. E. Mansfeld after G. Weikert is recorded in biographical collections; verify reproduction rights/source before mod use.,NO,No candidate-specific reusable DNA found in common/dna_data/ during this audit.,NO,No candidate-specific reusable character template found in common/character_templates/.,NO_NEW_REUSABLE_PROFILE,NO_RELEVANT_EXISTING_EVENT_HOOK_FOUND,Deutsche Biographie — Andreas Hadik von Futak — https://www.deutsche-biographie.de/gnd129786578.html,Österreichisches Staatsarchiv / Archivinformationssystem — Hofkriegsrat administrative history — https://www.archivinformationssystem.at/archivplansuche.aspx?ID=2351669,https://github.com/Malzars-sys/1776-Age-of-Revolutions/blob/cleanup-post-release/common/history/military_formations/00_military_formations_europe.txt,"Lacy re-evaluation: born 1725-10-21 St Petersburg, died 1801-11-24 Vienna; Austrian Field Marshal; army General Inspector from 1765; Hofkriegsrat president 1766-1774; from 1774-05-28 member of the State Council. He remains historically important but no longer held the Hofkriegsrat presidency on 1776-01-01. Sources: Deutsche Biographie — Franz Moritz von Lacy — https://www.deutsche-biographie.de/gnd118778404.html ; Österreichisches Staatsarchiv / Archivinformationssystem — Hofkriegsrat administrative history — https://www.archivinformationssystem.at/archivplansuche.aspx?ID=2351669","Explicit HIGHER_COMMAND_ABSTRACTION. This is a remap, not evidence that Hadik directly commanded the in-game formation.",YES
HABSBURG_AUSTRIA,AUS,GEN1776-012,cleanup2d4_formation_012,cleanup2d3b_aus_land_2 / armee_in_italien_scope,region_southern_europe,STATE_LOMBARDY,PROCEDURAL,PROCEDURAL,Giovanni Battista Serbelloni,ACCEPT_REPLACE_PROCEDURAL,DIRECT_TERRITORIAL_COMMAND,HIGH_FOR_OFFICE_MEDIUM_FOR_EXACT_BIODETAILS,YES,1696,YEAR,Milan (probable; exact birthplace not independently pinned down in this audit),Duchy of Milan under the Spanish Habsburg Crown,STATE_LOMBARDY,HIGH,1778,YEAR,Imperial Field Marshal,Commanding General of the Imperial Army in Italy / Lombardy,1762,1778 (still associated with Milan; exact terminal office date to confirm),DIRECT_REGIONAL_HIGH_COMMAND,Lombardy / Imperial Army in Italy,Direct theatre fit: Serbelloni was appointed commanding general of the imperial army in Italy in 1762 and remained a senior Habsburg military authority in Milan through the 1770s.,north_italian,HIGH,Catholic (probable; not independently proven in this audit),MEDIUM,Major Milanese aristocratic/patrician family,ig_armed_forces,royalist (gameplay inference only),experienced commander / aristocratic military administrator (gameplay inference),CONTEMPORARY_PORTRAIT_NOT_VERIFIED_IN_THIS_AUDIT,,NO,No candidate-specific reusable DNA found in common/dna_data/ during this audit.,NO,No candidate-specific reusable character template found in common/character_templates/.,NO_NEW_REUSABLE_PROFILE,NO_RELEVANT_EXISTING_EVENT_HOOK_FOUND,"Elena Riva, Università Cattolica, study on Giovanni Battista Serbelloni (2023) — https://publicatt.unicatt.it/handle/10807/273548",Wienbibliothek Digital — Giovanni Battista Serbelloni — https://www.digital.wienbibliothek.at/name/view/5434297,"Treccani, Dizionario Biografico context for the Serbelloni family — https://www.treccani.it/enciclopedia/gian-galeazzo-serbelloni_%28Dizionario-Biografico%29/","Birth-year conflict: reliable modern/authority records commonly give 1696, while some secondary traditions give 1697. Do not synthesize an exact day/month.",,YES
HABSBURG_COMPONENT,HUN,GEN1776-013,cleanup2d4_formation_013,generalkommando_ofen,region_balkans,STATE_BANAT,PROCEDURAL,PROCEDURAL,,KEEP_PROCEDURAL,HABSBURG_TERRITORIAL_COMMAND_NOT_VERIFIED,HIGH,N/A,,UNKNOWN,,,,,,UNKNOWN,,,,,,,Hadik's earlier Ofen/Buda command predates the cutoff office relevant here; by 1776 he was Hofkriegsrat president. No separate Jan-1776 Ofen command holder was verified robustly enough.,,,,,,,,,NOT_APPLICABLE,,NO,,NO,,NO,NO_RELEVANT_HOOK_FOUND,https://github.com/Malzars-sys/1776-Age-of-Revolutions/blob/cleanup-post-release/common/history/military_formations/00_military_formations_europe.txt,Deutsche Biographie — Andreas Hadik von Futak — https://www.deutsche-biographie.de/gnd129786578.html,,,,YES
HABSBURG_COMPONENT,TRS,GEN1776-014,cleanup2d4_formation_014,generalkommando_hermannstadt,region_balkans,STATE_NORTHERN_TRANSYLVANIA,PROCEDURAL,PROCEDURAL,,KEEP_PROCEDURAL,HABSBURG_TERRITORIAL_COMMAND_NOT_VERIFIED,HIGH,N/A,,UNKNOWN,,,,,,UNKNOWN,,,,,,,Do not substitute the civil governor of Transylvania for an army general. A Jan-1776 Hermannstadt Generalkommando holder was not verified to the required standard.,,,,,,,,,NOT_APPLICABLE,,NO,,NO,,NO,NO_RELEVANT_HOOK_FOUND,https://github.com/Malzars-sys/1776-Age-of-Revolutions/blob/cleanup-post-release/common/history/military_formations/00_military_formations_europe.txt,,,,,YES
HABSBURG_COMPONENT,GAL,GEN1776-072,cleanup2d4_formation_072,cleanup2d3b_gal_land_1,region_eastern_europe,STATE_EAST_GALICIA,PROCEDURAL,PROCEDURAL,,KEEP_PROCEDURAL,HABSBURG_TERRITORIAL_COMMAND_NOT_VERIFIED,HIGH,N/A,,UNKNOWN,,,,,,UNKNOWN,,,,,,,Šišković is already the documented 1776 Galician/Lemberg commander and is assigned to the explicit Lemberg formation; no second independent Galician general is justified.,,,,,,,,,NOT_APPLICABLE,,NO,,NO,,NO,NO_RELEVANT_HOOK_FOUND,https://github.com/Malzars-sys/1776-Age-of-Revolutions/blob/cleanup-post-release/common/history/military_formations/00_military_formations_europe.txt,Hrvatska enciklopedija — Josip Šišković — https://www.enciklopedija.hr/clanak/siskovic-josip,,,Avoid duplicate use of the same historical commander across two formations.,YES
GERMAN_HRE,BAD,GEN1776-031,cleanup2d4_formation_031,Groherzoglich_Badische_Armee,region_central_europe,STATE_BADEN,PROCEDURAL,PROCEDURAL,,KEEP_PROCEDURAL,NO_DEFENSIBLE_NAMED_GENERAL_AT_CUTOFF,HIGH,N/A,,UNKNOWN,,,,,,UNKNOWN,,,,,,,Strict 1776-01-01 cutoff: no army-level named officer with sufficiently documented current command was established in this audit.,,,,,,,,,NOT_APPLICABLE,,NO,,NO,,NO,NO_RELEVANT_HOOK_FOUND,https://github.com/Malzars-sys/1776-Age-of-Revolutions/blob/cleanup-post-release/common/history/military_formations/00_military_formations_europe.txt,,,,,YES
GERMAN_HRE,WUR,GEN1776-032,cleanup2d4_formation_032,Kniglich_Wrttembergische_Armee,region_central_europe,STATE_WURTTEMBERG,PROCEDURAL,PROCEDURAL,,KEEP_PROCEDURAL,NO_DEFENSIBLE_NAMED_GENERAL_AT_CUTOFF,HIGH,N/A,,UNKNOWN,,,,,,UNKNOWN,,,,,,,Strict 1776-01-01 cutoff: no army-level named officer with sufficiently documented current command was established in this audit.,,,,,,,,,NOT_APPLICABLE,,NO,,NO,,NO,NO_RELEVANT_HOOK_FOUND,https://github.com/Malzars-sys/1776-Age-of-Revolutions/blob/cleanup-post-release/common/history/military_formations/00_military_formations_europe.txt,,,,,YES
GERMAN_HRE,SAX,GEN1776-033,cleanup2d4_formation_033,Kniglich_Schsische_Armee,region_central_europe,STATE_SAXONY,PROCEDURAL,PROCEDURAL,Heinrich Christoph Graf von Baudissin,ACCEPT_REPLACE_PROCEDURAL,TERRITORIAL_COMMAND_ABSTRACTION,HIGH,YES,1709-07-09,DAY,Schleswig,Duchy of Schleswig within the Danish composite monarchy,STATE_SCHLESWIG_HOLSTEIN,HIGH,1786-07-04,DAY,General der Infanterie / senior general; rank title varies between catalogues,"Military governor of Dresden, Neustadt and Königstein",1761; Saxon archival series identifies him as governor by 1770,1786,TERRITORIAL_FORTRESS_COMMAND,Saxony / Dresden-Königstein,A current Saxon general with a documented territorial/fortress command covering the political-military centre of the electorate.,north_german,HIGH,Lutheran/Protestant,MEDIUM-HIGH,German-Danish high nobility,ig_armed_forces,royalist/traditionalist (gameplay inference only),defensive/fortress commander; experienced commander (gameplay inference),CONTEMPORARY_PORTRAIT_AVAILABLE,Deutsche Digitale Bibliothek — Heinrich Christoph Graf von Baudissin portrait/biographical record — https://www.deutsche-digitale-bibliothek.de/item/A3AN2XABQCQA3KJ6MIG3IOEJDYSUILBX,NO,No candidate-specific reusable DNA found in common/dna_data/ during this audit.,NO,No candidate-specific reusable character template found in common/character_templates/.,NO_NEW_REUSABLE_PROFILE,NO_RELEVANT_EXISTING_EVENT_HOOK_FOUND,Deutsche Digitale Bibliothek — Heinrich Christoph Graf von Baudissin portrait/biographical record — https://www.deutsche-digitale-bibliothek.de/item/A3AN2XABQCQA3KJ6MIG3IOEJDYSUILBX,https://github.com/Malzars-sys/1776-Age-of-Revolutions/blob/cleanup-post-release/common/history/military_formations/00_military_formations_europe.txt,,Death date is not fully harmonized across biographical catalogues (1786-06-04 vs 1786-07-04 appears in different records); preserve the catalogue-level conflict until primary confirmation.,,YES
GERMAN_HRE,BAV,GEN1776-034,cleanup2d4_formation_034,I_ArmeeKorps,region_central_europe,STATE_BAVARIA,PROCEDURAL,PROCEDURAL,,KEEP_PROCEDURAL,NO_DEFENSIBLE_NAMED_GENERAL_AT_CUTOFF,HIGH,N/A,,UNKNOWN,,,,,,UNKNOWN,,,,,,,Strict 1776-01-01 cutoff: no army-level named officer with sufficiently documented current command was established in this audit.,,,,,,,,,NOT_APPLICABLE,,NO,,NO,,NO,NO_RELEVANT_HOOK_FOUND,https://github.com/Malzars-sys/1776-Age-of-Revolutions/blob/cleanup-post-release/common/history/military_formations/00_military_formations_europe.txt,,,,,YES
GERMAN_HRE,HEK,GEN1776-035,cleanup2d4_formation_035,Kurfrstlich_Hessische_Armee,region_central_europe,STATE_HESSE,PROCEDURAL,PROCEDURAL,,KEEP_PROCEDURAL,NO_DEFENSIBLE_NAMED_GENERAL_AT_CUTOFF,HIGH,N/A,,UNKNOWN,,,,,,UNKNOWN,,,,,,,Strict 1776-01-01 cutoff: no army-level named officer with sufficiently documented current command was established in this audit.,,,,,,,,,NOT_APPLICABLE,,NO,,NO,,NO,NO_RELEVANT_HOOK_FOUND,https://github.com/Malzars-sys/1776-Age-of-Revolutions/blob/cleanup-post-release/common/history/military_formations/00_military_formations_europe.txt,,,,,YES
GERMAN_HRE,HES,GEN1776-036,cleanup2d4_formation_036,Groherzoglich_Hessische_Armee,region_central_europe,STATE_HESSE,PROCEDURAL,PROCEDURAL,,KEEP_PROCEDURAL,NO_DEFENSIBLE_NAMED_GENERAL_AT_CUTOFF,HIGH,N/A,,UNKNOWN,,,,,,UNKNOWN,,,,,,,Strict 1776-01-01 cutoff: no army-level named officer with sufficiently documented current command was established in this audit.,,,,,,,,,NOT_APPLICABLE,,NO,,NO,,NO,NO_RELEVANT_HOOK_FOUND,https://github.com/Malzars-sys/1776-Age-of-Revolutions/blob/cleanup-post-release/common/history/military_formations/00_military_formations_europe.txt,,,,,YES
GERMAN_HRE,NAS,GEN1776-037,cleanup2d4_formation_037,Herzoglich_Nassauische_Armee,region_central_europe,STATE_HESSE,PROCEDURAL,PROCEDURAL,,KEEP_PROCEDURAL,NO_DEFENSIBLE_NAMED_GENERAL_AT_CUTOFF,HIGH,N/A,,UNKNOWN,,,,,,UNKNOWN,,,,,,,Strict 1776-01-01 cutoff: no army-level named officer with sufficiently documented current command was established in this audit.,,,,,,,,,NOT_APPLICABLE,,NO,,NO,,NO,NO_RELEVANT_HOOK_FOUND,https://github.com/Malzars-sys/1776-Age-of-Revolutions/blob/cleanup-post-release/common/history/military_formations/00_military_formations_europe.txt,,,,,YES
GERMAN_HRE,HAN,GEN1776-038,cleanup2d4_formation_038,Kniglich_Hannoversche_Armee,region_central_europe,STATE_BRUNSWICK + HANNOVER/ELBE,PROCEDURAL,PROCEDURAL,August Friedrich Freiherr von Spörcken,ACCEPT_REPLACE_PROCEDURAL,DIRECT_HIGH_COMMAND,HIGH,YES,1698-08-28,DAY,Exact birthplace not pinned down in the consulted biography; family/service context in the Lüneburg-Harburg/Hanoverian sphere,Electorate of Brunswick-Lüneburg (if Hanoverian family-location inference is confirmed),STATE_HANNOVER,LOW-MEDIUM — do not code until exact birthplace is verified,1776-06-13,DAY,Feldmarschall,Commanding General of the Hanoverian/German troops of George III,before 1776,1776-06-13,DIRECT_HIGH_COMMAND,Hanoverian army as a whole,He was still the Hanoverian commanding general on 1776-01-01 and died only in June 1776. A successor appointed later in 1776 is therefore inadmissible at game start.,north_german,HIGH,Evangelical/Protestant,HIGH,Hanoverian noble/military family,ig_armed_forces,royalist (gameplay inference only),experienced field commander / organizer (gameplay inference),CONTEMPORARY_PORTRAIT_NOT_VERIFIED_IN_THIS_AUDIT,,NO,No candidate-specific reusable DNA found in common/dna_data/ during this audit.,NO,No candidate-specific reusable character template found in common/character_templates/.,NO_NEW_REUSABLE_PROFILE,NO_RELEVANT_EXISTING_EVENT_HOOK_FOUND,Deutsche Biographie — August Friedrich von Spörcken — https://www.deutsche-biographie.de/gnd117485225.html,https://github.com/Malzars-sys/1776-Age-of-Revolutions/blob/cleanup-post-release/common/history/military_formations/00_military_formations_europe.txt,,Source describes death in the night of 12/13 June 1776; encoded as 1776-06-13 with note.,,YES
GERMAN_HRE,MEC,GEN1776-039,cleanup2d4_formation_039,Groherzoglich_MecklenburgischSchwerinsche_Armee,region_central_europe,STATE_MECKLENBURG,PROCEDURAL,PROCEDURAL,,KEEP_PROCEDURAL,NO_DEFENSIBLE_NAMED_GENERAL_AT_CUTOFF,HIGH,N/A,,UNKNOWN,,,,,,UNKNOWN,,,,,,,Strict 1776-01-01 cutoff: no army-level named officer with sufficiently documented current command was established in this audit.,,,,,,,,,NOT_APPLICABLE,,NO,,NO,,NO,NO_RELEVANT_HOOK_FOUND,https://github.com/Malzars-sys/1776-Age-of-Revolutions/blob/cleanup-post-release/common/history/military_formations/00_military_formations_europe.txt,,,,,YES
GERMAN_HRE,OLD,GEN1776-040,cleanup2d4_formation_040,Groherzoglich_Oldenburgische_Armee,region_central_europe,STATE_HANNOVER,PROCEDURAL,PROCEDURAL,,KEEP_PROCEDURAL,NO_DEFENSIBLE_NAMED_GENERAL_AT_CUTOFF,HIGH,N/A,,UNKNOWN,,,,,,UNKNOWN,,,,,,,Strict 1776-01-01 cutoff: no army-level named officer with sufficiently documented current command was established in this audit.,,,,,,,,,NOT_APPLICABLE,,NO,,NO,,NO,NO_RELEVANT_HOOK_FOUND,https://github.com/Malzars-sys/1776-Age-of-Revolutions/blob/cleanup-post-release/common/history/military_formations/00_military_formations_europe.txt,,,,,YES
GERMAN_HRE,HAM,GEN1776-041,cleanup2d4_formation_041,Hamburger_Burgermilitar,region_central_europe,STATE_ELBE,PROCEDURAL,PROCEDURAL,,KEEP_PROCEDURAL,MILITIA_OR_SMALL_CONTINGENT_STRUCTURE,HIGH,N/A,,UNKNOWN,,,,,,UNKNOWN,,,,,,,The in-game force is a city militia/battalion/small contingent; forcing an army-level historical general would overstate the 1776 command structure.,,,,,,,,,NOT_APPLICABLE,,NO,,NO,,NO,NO_RELEVANT_HOOK_FOUND,https://github.com/Malzars-sys/1776-Age-of-Revolutions/blob/cleanup-post-release/common/history/military_formations/00_military_formations_europe.txt,,,,,YES
GERMAN_HRE,BRE,GEN1776-042,cleanup2d4_formation_042,Bremer_Stadtmilitar,region_central_europe,STATE_ELBE,PROCEDURAL,PROCEDURAL,,KEEP_PROCEDURAL,MILITIA_OR_SMALL_CONTINGENT_STRUCTURE,HIGH,N/A,,UNKNOWN,,,,,,UNKNOWN,,,,,,,The in-game force is a city militia/battalion/small contingent; forcing an army-level historical general would overstate the 1776 command structure.,,,,,,,,,NOT_APPLICABLE,,NO,,NO,,NO,NO_RELEVANT_HOOK_FOUND,https://github.com/Malzars-sys/1776-Age-of-Revolutions/blob/cleanup-post-release/common/history/military_formations/00_military_formations_europe.txt,,,,,YES
GERMAN_HRE,LUB,GEN1776-043,cleanup2d4_formation_043,Lubecker_Militar,region_central_europe,STATE_SCHLESWIG_HOLSTEIN,PROCEDURAL,PROCEDURAL,,KEEP_PROCEDURAL,MILITIA_OR_SMALL_CONTINGENT_STRUCTURE,HIGH,N/A,,UNKNOWN,,,,,,UNKNOWN,,,,,,,The in-game force is a city militia/battalion/small contingent; forcing an army-level historical general would overstate the 1776 command structure.,,,,,,,,,NOT_APPLICABLE,,NO,,NO,,NO,NO_RELEVANT_HOOK_FOUND,https://github.com/Malzars-sys/1776-Age-of-Revolutions/blob/cleanup-post-release/common/history/military_formations/00_military_formations_europe.txt,,,,,YES
GERMAN_HRE,FRM,GEN1776-044,cleanup2d4_formation_044,Linienbataillon_Frankfurt,region_central_europe,STATE_HESSE,PROCEDURAL,PROCEDURAL,,KEEP_PROCEDURAL,MILITIA_OR_SMALL_CONTINGENT_STRUCTURE,HIGH,N/A,,UNKNOWN,,,,,,UNKNOWN,,,,,,,The in-game force is a city militia/battalion/small contingent; forcing an army-level historical general would overstate the 1776 command structure.,,,,,,,,,NOT_APPLICABLE,,NO,,NO,,NO,NO_RELEVANT_HOOK_FOUND,https://github.com/Malzars-sys/1776-Age-of-Revolutions/blob/cleanup-post-release/common/history/military_formations/00_military_formations_europe.txt,,,,,YES
GERMAN_HRE,WLD,GEN1776-045,cleanup2d4_formation_045,Waldecksches_Bataillon,region_central_europe,STATE_HESSE,PROCEDURAL,PROCEDURAL,,KEEP_PROCEDURAL,MILITIA_OR_SMALL_CONTINGENT_STRUCTURE,HIGH,N/A,,UNKNOWN,,,,,,UNKNOWN,,,,,,,The in-game force is a city militia/battalion/small contingent; forcing an army-level historical general would overstate the 1776 command structure.,,,,,,,,,NOT_APPLICABLE,,NO,,NO,,NO,NO_RELEVANT_HOOK_FOUND,https://github.com/Malzars-sys/1776-Age-of-Revolutions/blob/cleanup-post-release/common/history/military_formations/00_military_formations_europe.txt,,,,,YES
GERMAN_HRE,LUX,GEN1776-046,cleanup2d4_formation_046,Luxemburger_Miliz,region_western_europe,STATE_WALLONIA,PROCEDURAL,PROCEDURAL,,KEEP_PROCEDURAL,MILITIA_OR_SMALL_CONTINGENT_STRUCTURE,HIGH,N/A,,UNKNOWN,,,,,,UNKNOWN,,,,,,,The in-game force is a city militia/battalion/small contingent; forcing an army-level historical general would overstate the 1776 command structure.,,,,,,,,,NOT_APPLICABLE,,NO,,NO,,NO,NO_RELEVANT_HOOK_FOUND,https://github.com/Malzars-sys/1776-Age-of-Revolutions/blob/cleanup-post-release/common/history/military_formations/00_military_formations_europe.txt,,,,,YES
SCHLESWIG_HOLSTEIN,SCH,GEN1776-049,cleanup2d4_formation_049,Schleswigsche_Armee,region_central_europe,STATE_SCHLESWIG_HOLSTEIN,PROCEDURAL,PROCEDURAL,,KEEP_PROCEDURAL,SMALL_CONTINGENT_COMMAND_NOT_VERIFIED,HIGH,N/A,,UNKNOWN,,,,,,UNKNOWN,,,,,,,No independent army-level command holder active on 1776-01-01 was documented strongly enough for these separate in-game tags; do not infer a modern national command.,,,,,,,,,NOT_APPLICABLE,,NO,,NO,,NO,NO_RELEVANT_HOOK_FOUND,https://github.com/Malzars-sys/1776-Age-of-Revolutions/blob/cleanup-post-release/common/history/military_formations/00_military_formations_europe.txt,,,,,YES
SCHLESWIG_HOLSTEIN,HOL,GEN1776-050,cleanup2d4_formation_050,Holsteinische_Armee,region_central_europe,STATE_SCHLESWIG_HOLSTEIN,PROCEDURAL,PROCEDURAL,,KEEP_PROCEDURAL,SMALL_CONTINGENT_COMMAND_NOT_VERIFIED,HIGH,N/A,,UNKNOWN,,,,,,UNKNOWN,,,,,,,No independent army-level command holder active on 1776-01-01 was documented strongly enough for these separate in-game tags; do not infer a modern national command.,,,,,,,,,NOT_APPLICABLE,,NO,,NO,,NO,NO_RELEVANT_HOOK_FOUND,https://github.com/Malzars-sys/1776-Age-of-Revolutions/blob/cleanup-post-release/common/history/military_formations/00_military_formations_europe.txt,,,,,YES
ITALIAN_STATES,SIC,GEN1776-054,cleanup2d4_formation_054,Reale_Esercito_di_SM_il_Re_del_Regno_delle_Due_Sicilie,region_southern_europe,CAMPANIA/ABRUZZO/APULIA/CALABRIA,PROCEDURAL,PROCEDURAL,,KEEP_PROCEDURAL,NO_DEFENSIBLE_NAMED_GENERAL_AT_CUTOFF,HIGH,N/A,,UNKNOWN,,,,,,UNKNOWN,,,,,,,Strict 1776-01-01 cutoff: no army-level named officer with sufficiently documented current command was established in this audit.,,,,,,,,,NOT_APPLICABLE,,NO,,NO,,NO,NO_RELEVANT_HOOK_FOUND,https://github.com/Malzars-sys/1776-Age-of-Revolutions/blob/cleanup-post-release/common/history/military_formations/00_military_formations_europe.txt,,,,Ruler/governor status alone was not treated as proof of independent land command.,YES
ITALIAN_STATES,SIC,GEN1776-055,cleanup2d4_formation_055,Guardia_Reale,region_southern_europe,STATE_CAMPANIA,PROCEDURAL,PROCEDURAL,,KEEP_PROCEDURAL,ROYAL_GUARD_COMMAND_NOT_VERIFIED,HIGH,N/A,,UNKNOWN,,,,,,UNKNOWN,,,,,,,Strict 1776-01-01 cutoff: no army-level named officer with sufficiently documented current command was established in this audit.,,,,,,,,,NOT_APPLICABLE,,NO,,NO,,NO,NO_RELEVANT_HOOK_FOUND,https://github.com/Malzars-sys/1776-Age-of-Revolutions/blob/cleanup-post-release/common/history/military_formations/00_military_formations_europe.txt,,,,Ruler/governor status alone was not treated as proof of independent land command.,YES
ITALIAN_STATES,SAR,GEN1776-056,cleanup2d4_formation_056,I_Corpo_dArmata,region_southern_europe,STATE_PIEDMONT + SARDINIA/SAVOY conscripts,PROCEDURAL,PROCEDURAL,,KEEP_PROCEDURAL,NO_DEFENSIBLE_NAMED_GENERAL_AT_CUTOFF,HIGH,N/A,,UNKNOWN,,,,,,UNKNOWN,,,,,,,Strict 1776-01-01 cutoff: no army-level named officer with sufficiently documented current command was established in this audit.,,,,,,,,,NOT_APPLICABLE,,NO,,NO,,NO,NO_RELEVANT_HOOK_FOUND,https://github.com/Malzars-sys/1776-Age-of-Revolutions/blob/cleanup-post-release/common/history/military_formations/00_military_formations_europe.txt,,,,Ruler/governor status alone was not treated as proof of independent land command.,YES
ITALIAN_STATES,PAP,GEN1776-057,cleanup2d4_formation_057,Esercito_dello_Stato_della_Chiesa,region_southern_europe,STATE_LAZIO,PROCEDURAL,PROCEDURAL,,KEEP_PROCEDURAL,NO_DEFENSIBLE_NAMED_GENERAL_AT_CUTOFF,HIGH,N/A,,UNKNOWN,,,,,,UNKNOWN,,,,,,,Strict 1776-01-01 cutoff: no army-level named officer with sufficiently documented current command was established in this audit.,,,,,,,,,NOT_APPLICABLE,,NO,,NO,,NO,NO_RELEVANT_HOOK_FOUND,https://github.com/Malzars-sys/1776-Age-of-Revolutions/blob/cleanup-post-release/common/history/military_formations/00_military_formations_europe.txt,,,,Ruler/governor status alone was not treated as proof of independent land command.,YES
ITALIAN_STATES,TUS,GEN1776-058,cleanup2d4_formation_058,Esercito_del_Granducato_di_Toscana,region_southern_europe,STATE_TUSCANY,PROCEDURAL,PROCEDURAL,,KEEP_PROCEDURAL,NO_DEFENSIBLE_NAMED_GENERAL_AT_CUTOFF,HIGH,N/A,,UNKNOWN,,,,,,UNKNOWN,,,,,,,Strict 1776-01-01 cutoff: no army-level named officer with sufficiently documented current command was established in this audit.,,,,,,,,,NOT_APPLICABLE,,NO,,NO,,NO,NO_RELEVANT_HOOK_FOUND,https://github.com/Malzars-sys/1776-Age-of-Revolutions/blob/cleanup-post-release/common/history/military_formations/00_military_formations_europe.txt,,,,Ruler/governor status alone was not treated as proof of independent land command.,YES
ITALIAN_STATES,LUC,GEN1776-059,cleanup2d4_formation_059,Esercito_Ducale,region_southern_europe,STATE_EMILIA,PROCEDURAL,PROCEDURAL,,KEEP_PROCEDURAL,SMALL_DUCAL_FORCE_NO_DEFENSIBLE_GENERAL,HIGH,N/A,,UNKNOWN,,,,,,UNKNOWN,,,,,,,Strict 1776-01-01 cutoff: no army-level named officer with sufficiently documented current command was established in this audit.,,,,,,,,,NOT_APPLICABLE,,NO,,NO,,NO,NO_RELEVANT_HOOK_FOUND,https://github.com/Malzars-sys/1776-Age-of-Revolutions/blob/cleanup-post-release/common/history/military_formations/00_military_formations_europe.txt,,,,Ruler/governor status alone was not treated as proof of independent land command.,YES
ITALIAN_STATES,MOD,GEN1776-060,cleanup2d4_formation_060,Esercito_del_Ducato_di_Modena_e_Reggio,region_southern_europe,STATE_EMILIA,PROCEDURAL,PROCEDURAL,,KEEP_PROCEDURAL,SMALL_DUCAL_FORCE_NO_DEFENSIBLE_GENERAL,HIGH,N/A,,UNKNOWN,,,,,,UNKNOWN,,,,,,,Strict 1776-01-01 cutoff: no army-level named officer with sufficiently documented current command was established in this audit.,,,,,,,,,NOT_APPLICABLE,,NO,,NO,,NO,NO_RELEVANT_HOOK_FOUND,https://github.com/Malzars-sys/1776-Age-of-Revolutions/blob/cleanup-post-release/common/history/military_formations/00_military_formations_europe.txt,,,,Ruler/governor status alone was not treated as proof of independent land command.,YES
ITALIAN_STATES,PAR,GEN1776-061,cleanup2d4_formation_061,Truppe_Reali_Parmensi,region_southern_europe,STATE_EMILIA,PROCEDURAL,PROCEDURAL,,KEEP_PROCEDURAL,SMALL_DUCAL_FORCE_NO_DEFENSIBLE_GENERAL,HIGH,N/A,,UNKNOWN,,,,,,UNKNOWN,,,,,,,Strict 1776-01-01 cutoff: no army-level named officer with sufficiently documented current command was established in this audit.,,,,,,,,,NOT_APPLICABLE,,NO,,NO,,NO,NO_RELEVANT_HOOK_FOUND,https://github.com/Malzars-sys/1776-Age-of-Revolutions/blob/cleanup-post-release/common/history/military_formations/00_military_formations_europe.txt,,,,Ruler/governor status alone was not treated as proof of independent land command.,YES
GERMAN_MINOR,COB,GEN1776-071,cleanup2d4_formation_071,cleanup2d3b_cob_land_1,region_central_europe,STATE_SAXONY,PROCEDURAL,PROCEDURAL,,KEEP_PROCEDURAL,ONE_BATTALION_OR_MICROSTATE_STRUCTURE,HIGH,N/A,,UNKNOWN,,,,,,UNKNOWN,,,,,,,The formation is effectively a one-battalion microstate force; no army-level historical general is justified without a specific documented command appointment.,,,,,,,,,NOT_APPLICABLE,,NO,,NO,,NO,NO_RELEVANT_HOOK_FOUND,https://github.com/Malzars-sys/1776-Age-of-Revolutions/blob/cleanup-post-release/common/history/military_formations/00_military_formations_europe.txt,,,,,YES
GERMAN_MINOR,HOH,GEN1776-073,cleanup2d4_formation_073,cleanup2d3b_hoh_land_1,region_central_europe,STATE_WURTTEMBERG,PROCEDURAL,PROCEDURAL,,KEEP_PROCEDURAL,ONE_BATTALION_OR_MICROSTATE_STRUCTURE,HIGH,N/A,,UNKNOWN,,,,,,UNKNOWN,,,,,,,The formation is effectively a one-battalion microstate force; no army-level historical general is justified without a specific documented command appointment.,,,,,,,,,NOT_APPLICABLE,,NO,,NO,,NO,NO_RELEVANT_HOOK_FOUND,https://github.com/Malzars-sys/1776-Age-of-Revolutions/blob/cleanup-post-release/common/history/military_formations/00_military_formations_europe.txt,,,,,YES
GERMAN_MINOR,MEI,GEN1776-078,cleanup2d4_formation_078,cleanup2d3b_mei_land_1,region_central_europe,STATE_SAXONY,PROCEDURAL,PROCEDURAL,,KEEP_PROCEDURAL,ONE_BATTALION_OR_MICROSTATE_STRUCTURE,HIGH,N/A,,UNKNOWN,,,,,,UNKNOWN,,,,,,,The formation is effectively a one-battalion microstate force; no army-level historical general is justified without a specific documented command appointment.,,,,,,,,,NOT_APPLICABLE,,NO,,NO,,NO,NO_RELEVANT_HOOK_FOUND,https://github.com/Malzars-sys/1776-Age-of-Revolutions/blob/cleanup-post-release/common/history/military_formations/00_military_formations_europe.txt,,,,,YES
GERMAN_MINOR,MST,GEN1776-079,cleanup2d4_formation_079,cleanup2d3b_mst_land_1,region_central_europe,STATE_MECKLENBURG,PROCEDURAL,PROCEDURAL,,KEEP_PROCEDURAL,ONE_BATTALION_OR_MICROSTATE_STRUCTURE,HIGH,N/A,,UNKNOWN,,,,,,UNKNOWN,,,,,,,The formation is effectively a one-battalion microstate force; no army-level historical general is justified without a specific documented command appointment.,,,,,,,,,NOT_APPLICABLE,,NO,,NO,,NO,NO_RELEVANT_HOOK_FOUND,https://github.com/Malzars-sys/1776-Age-of-Revolutions/blob/cleanup-post-release/common/history/military_formations/00_military_formations_europe.txt,,,,,YES
GERMAN_MINOR,SCW,GEN1776-082,cleanup2d4_formation_082,cleanup2d3b_scw_land_1,region_central_europe,STATE_SAXONY,PROCEDURAL,PROCEDURAL,,KEEP_PROCEDURAL,ONE_BATTALION_OR_MICROSTATE_STRUCTURE,HIGH,N/A,,UNKNOWN,,,,,,UNKNOWN,,,,,,,The formation is effectively a one-battalion microstate force; no army-level historical general is justified without a specific documented command appointment.,,,,,,,,,NOT_APPLICABLE,,NO,,NO,,NO,NO_RELEVANT_HOOK_FOUND,https://github.com/Malzars-sys/1776-Age-of-Revolutions/blob/cleanup-post-release/common/history/military_formations/00_military_formations_europe.txt,,,,,YES
GERMAN_MINOR,WEI,GEN1776-086,cleanup2d4_formation_086,cleanup2d3b_wei_land_1,region_central_europe,STATE_SAXONY,PROCEDURAL,PROCEDURAL,,KEEP_PROCEDURAL,ONE_BATTALION_OR_MICROSTATE_STRUCTURE,HIGH,N/A,,UNKNOWN,,,,,,UNKNOWN,,,,,,,The formation is effectively a one-battalion microstate force; no army-level historical general is justified without a specific documented command appointment.,,,,,,,,,NOT_APPLICABLE,,NO,,NO,,NO,NO_RELEVANT_HOOK_FOUND,https://github.com/Malzars-sys/1776-Age-of-Revolutions/blob/cleanup-post-release/common/history/military_formations/00_military_formations_europe.txt,,,,,YES
SWITZERLAND,SWI,GEN1776-084,cleanup2d4_formation_084,cleanup2d3b_swi_land_1,region_central_europe,STATE_EAST_SWITZERLAND + WEST_SWITZERLAND conscripts,PROCEDURAL,PROCEDURAL,,KEEP_PROCEDURAL,NO_UNIFIED_COMMAND_1776,HIGH,N/A,,UNKNOWN,,,,,,UNKNOWN,,,,,,,The Old Swiss Confederacy did not possess a modern unified standing national army command in 1776; military organization remained strongly cantonal. A single national 'Swiss general' would be structurally misleading.,,,,,,,,,NOT_APPLICABLE,,NO,,NO,,NO,NO_RELEVANT_HOOK_FOUND,https://github.com/Malzars-sys/1776-Age-of-Revolutions/blob/cleanup-post-release/common/history/military_formations/00_military_formations_europe.txt,Historisches Lexikon der Schweiz — Militärwesen / federal-cantonal military organization — https://hls-dhs-dss.ch/fr/articles/024638/,,,"Procedural representation is preferable to inventing a national commander. If the formation model is later redesigned, a collective/cantonal abstraction would be more historical.",YES
