"old_path","new_path","filename","sha256_before","sha256_after","git_status","content_unchanged","links_updated","companion_file","classification","reason","notes"
"docs/reports/hotfix/HOTFIX_2_LAWS_MERCHANT_BANKING_NAVIGATION_ACTS.md","docs/reports/hotfix/shared/HOTFIX_2_LAWS_MERCHANT_BANKING_NAVIGATION_ACTS.md","HOTFIX_2_LAWS_MERCHANT_BANKING_NAVIGATION_ACTS.md","81A1E5C53303167E3381B010EF1739814F96C06F11E5FF8E51FA6C2A3D02E6D5","81A1E5C53303167E3381B010EF1739814F96C06F11E5FF8E51FA6C2A3D02E6D5","RENAMED","true","false","","CORRECTION_REPORT","Cross-regional or upstream reference","Moved with git mv; historical content unchanged"
"docs/reports/hotfix/HOTFIX_3_AUDIT_IRAQ_IRAN_OTTOMANS.md","docs/reports/hotfix/mamluk_iraq/HOTFIX_3_AUDIT_IRAQ_IRAN_OTTOMANS.md","HOTFIX_3_AUDIT_IRAQ_IRAN_OTTOMANS.md","1378ED3C42F33241FC0D441CA4BF6A6EF1886E2B8E4C118C53D4DC580A346C2B","1378ED3C42F33241FC0D441CA4BF6A6EF1886E2B8E4C118C53D4DC580A346C2B","RENAMED","true","false","","STATIC_AUDIT","Mamluk Iraq / Ottoman / Persia corpus","Moved with git mv; historical content unchanged"
"docs/reports/hotfix/HOTFIX_3A_IMPORT_IR1_BASE.md","docs/reports/hotfix/mamluk_iraq/HOTFIX_3A_IMPORT_IR1_BASE.md","HOTFIX_3A_IMPORT_IR1_BASE.md","8330E3DD5130ACB295358F2E71FEBEEBC9FD732E82C13ADAEB5E061B73776F7E","8330E3DD5130ACB295358F2E71FEBEEBC9FD732E82C13ADAEB5E061B73776F7E","RENAMED","true","false","","CORRECTION_REPORT","Mamluk Iraq / Ottoman / Persia corpus","Moved with git mv; historical content unchanged"
"docs/reports/hotfix/HOTFIX_3B_ACTIVATE_IR1_TERRITORY.md","docs/reports/hotfix/mamluk_iraq/HOTFIX_3B_ACTIVATE_IR1_TERRITORY.md","HOTFIX_3B_ACTIVATE_IR1_TERRITORY.md","2BA5AF9A0D8A0CCE6145636048624768D787AE7A955F6BC4A2E461FD28B05463","2BA5AF9A0D8A0CCE6145636048624768D787AE7A955F6BC4A2E461FD28B05463","RENAMED","true","false","","CORRECTION_REPORT","Mamluk Iraq / Ottoman / Persia corpus","Moved with git mv; historical content unchanged"
"docs/reports/hotfix/HOTFIX_3C_IMPORT_IR1_ARMY.md","docs/reports/hotfix/mamluk_iraq/HOTFIX_3C_IMPORT_IR1_ARMY.md","HOTFIX_3C_IMPORT_IR1_ARMY.md","22E8F15C7DE4B1D6C0251D5BA6775E7776FD72DF35053C8B90BA89ACA63CCBF2","22E8F15C7DE4B1D6C0251D5BA6775E7776FD72DF35053C8B90BA89ACA63CCBF2","RENAMED","true","false","","CORRECTION_REPORT","Mamluk Iraq / Ottoman / Persia corpus","Moved with git mv; historical content unchanged"
"docs/reports/hotfix/HOTFIX_3D_IR1_OTTOMAN_PROTECTORATE.md","docs/reports/hotfix/mamluk_iraq/HOTFIX_3D_IR1_OTTOMAN_PROTECTORATE.md","HOTFIX_3D_IR1_OTTOMAN_PROTECTORATE.md","344BFE9538E6A291D2560AC175B7A57095345E27962BC6DBE6C877DAA3709F9F","344BFE9538E6A291D2560AC175B7A57095345E27962BC6DBE6C877DAA3709F9F","RENAMED","true","false","","CORRECTION_REPORT","Mamluk Iraq / Ottoman / Persia corpus","Moved with git mv; historical content unchanged"
"docs/reports/hotfix/HOTFIX_3E_IMPORT_IRAQ_PERSIA_DIPLOMATIC_PLAY.md","docs/reports/hotfix/mamluk_iraq/HOTFIX_3E_IMPORT_IRAQ_PERSIA_DIPLOMATIC_PLAY.md","HOTFIX_3E_IMPORT_IRAQ_PERSIA_DIPLOMATIC_PLAY.md","830D01C3E655EAFB61D61EE7A9853AA1899E89BC95A2724F433A725B08231DE5","830D01C3E655EAFB61D61EE7A9853AA1899E89BC95A2724F433A725B08231DE5","RENAMED","true","false","","CORRECTION_REPORT","Mamluk Iraq / Ottoman / Persia corpus","Moved with git mv; historical content unchanged"
"docs/reports/hotfix/HOTFIX_3F_IR1_SECRET_GOAL.md","docs/reports/hotfix/mamluk_iraq/HOTFIX_3F_IR1_SECRET_GOAL.md","HOTFIX_3F_IR1_SECRET_GOAL.md","7D778576F25BFD41141F948E2000C6CC51256B68AAAB77D9E8020A8B158E089F","7D778576F25BFD41141F948E2000C6CC51256B68AAAB77D9E8020A8B158E089F","RENAMED","true","false","","CORRECTION_REPORT","Mamluk Iraq / Ottoman / Persia corpus","Moved with git mv; historical content unchanged"
"docs/reports/hotfix/HOTFIX_4_AUDIT_JAPAN_DLC.md","docs/reports/hotfix/japan/HOTFIX_4_AUDIT_JAPAN_DLC.md","HOTFIX_4_AUDIT_JAPAN_DLC.md","E8DED3EBAC811012E6B8CA3E087E87174F18D10ADB03243DF9850FC095797CF8","E8DED3EBAC811012E6B8CA3E087E87174F18D10ADB03243DF9850FC095797CF8","RENAMED","true","false","","STATIC_AUDIT","Japan corpus","Moved with git mv; historical content unchanged"
"docs/reports/hotfix/HOTFIX_4A_RYUKYU_RIVALRY.md","docs/reports/hotfix/japan/HOTFIX_4A_RYUKYU_RIVALRY.md","HOTFIX_4A_RYUKYU_RIVALRY.md","B4706C280F2D557BE884C7F7E7C86D27D9664F9C282B11B471C8F23A602C8763","B4706C280F2D557BE884C7F7E7C86D27D9664F9C282B11B471C8F23A602C8763","RENAMED","true","false","","CORRECTION_REPORT","Japan corpus","Moved with git mv; historical content unchanged"
"docs/reports/hotfix/HOTFIX_4B_HOKKAIDO_EZO_SAKHALIN.md","docs/reports/hotfix/japan/HOTFIX_4B_HOKKAIDO_EZO_SAKHALIN.md","HOTFIX_4B_HOKKAIDO_EZO_SAKHALIN.md","3757E986C1CC6491DDE8ECCEE57325D9921B40BD63DF0AEE6F735633E6CE2F7D","3757E986C1CC6491DDE8ECCEE57325D9921B40BD63DF0AEE6F735633E6CE2F7D","RENAMED","true","false","","CORRECTION_REPORT","Japan corpus","Moved with git mv; historical content unchanged"
"docs/reports/hotfix/HOTFIX_4C_IWAKURA_MISSION.md","docs/reports/hotfix/japan/HOTFIX_4C_IWAKURA_MISSION.md","HOTFIX_4C_IWAKURA_MISSION.md","BF03902CEA1586E18C04B596B91CE861EB06E827D40F9C6AEEC5A5DAFB8806F6","BF03902CEA1586E18C04B596B91CE861EB06E827D40F9C6AEEC5A5DAFB8806F6","RENAMED","true","false","","CORRECTION_REPORT","Japan corpus","Moved with git mv; historical content unchanged"
"docs/reports/hotfix/HOTFIX_4D_ZAIBATSU.md","docs/reports/hotfix/japan/HOTFIX_4D_ZAIBATSU.md","HOTFIX_4D_ZAIBATSU.md","8E1315AE8BC8CCA9657202BD6BD7AB0A9EAD2360090CB0D710B669E8B92E58CC","8E1315AE8BC8CCA9657202BD6BD7AB0A9EAD2360090CB0D710B669E8B92E58CC","RENAMED","true","false","","CORRECTION_REPORT","Japan corpus","Moved with git mv; historical content unchanged"
"docs/reports/hotfix/HOTFIX_4E_AUDIT_TENPO_SAKOKU.md","docs/reports/hotfix/japan/HOTFIX_4E_AUDIT_TENPO_SAKOKU.md","HOTFIX_4E_AUDIT_TENPO_SAKOKU.md","7CE015AF12385D1055363B5E57411385C8C7CF54E8BEE272BC0B083B86214DAC","7CE015AF12385D1055363B5E57411385C8C7CF54E8BEE272BC0B083B86214DAC","RENAMED","true","false","","STATIC_AUDIT","Japan corpus","Moved with git mv; historical content unchanged"
"docs/reports/hotfix/HOTFIX_4E1_SAKOKU_ISOLATED_FIXES.md","docs/reports/hotfix/japan/HOTFIX_4E1_SAKOKU_ISOLATED_FIXES.md","HOTFIX_4E1_SAKOKU_ISOLATED_FIXES.md","DB11337F8A276AC21DCB15E7363C54B3BA69E5CD1A47E01D231AAA2CF7FEDA78","DB11337F8A276AC21DCB15E7363C54B3BA69E5CD1A47E01D231AAA2CF7FEDA78","RENAMED","true","false","","CORRECTION_REPORT","Japan corpus","Moved with git mv; historical content unchanged"
"docs/reports/hotfix/HOTFIX_4E2_MORRISON_OPTION_C.md","docs/reports/hotfix/japan/HOTFIX_4E2_MORRISON_OPTION_C.md","HOTFIX_4E2_MORRISON_OPTION_C.md","E8D96D5324554D70082E301DFDE1210A9A57ED9667FE5F38774124428401474F","E8D96D5324554D70082E301DFDE1210A9A57ED9667FE5F38774124428401474F","RENAMED","true","false","","CORRECTION_REPORT","Japan corpus","Moved with git mv; historical content unchanged"
"docs/reports/hotfix/HOTFIX_4E3_SAKOKU_COMMON_EXIT_EFFECTS.md","docs/reports/hotfix/japan/HOTFIX_4E3_SAKOKU_COMMON_EXIT_EFFECTS.md","HOTFIX_4E3_SAKOKU_COMMON_EXIT_EFFECTS.md","1AF84577873EDA3FC0485E9F2ADB55517C43473A6FAE2B032383586AEAD0090D","1AF84577873EDA3FC0485E9F2ADB55517C43473A6FAE2B032383586AEAD0090D","RENAMED","true","false","","CORRECTION_REPORT","Japan corpus","Moved with git mv; historical content unchanged"
"docs/reports/hotfix/HOTFIX_4E4_OPIUM_WARS_TENPO_BRIDGE.md","docs/reports/hotfix/japan/HOTFIX_4E4_OPIUM_WARS_TENPO_BRIDGE.md","HOTFIX_4E4_OPIUM_WARS_TENPO_BRIDGE.md","36E1CA4DE911B1A522C477B0597EDCA49881DE9BDA03DCECE5B952A15B3ACCC9","36E1CA4DE911B1A522C477B0597EDCA49881DE9BDA03DCECE5B952A15B3ACCC9","RENAMED","true","false","","CORRECTION_REPORT","Japan corpus","Moved with git mv; historical content unchanged"
"docs/reports/hotfix/HOTFIX_4E5_JAPAN_FINAL_VALIDATION.md","docs/reports/hotfix/japan/HOTFIX_4E5_JAPAN_FINAL_VALIDATION.md","HOTFIX_4E5_JAPAN_FINAL_VALIDATION.md","230EB9CDB74E643946B809DD81EBB670F130EF4A50E09507A059224BBF36FA0A","230EB9CDB74E643946B809DD81EBB670F130EF4A50E09507A059224BBF36FA0A","RENAMED","true","false","","CORRECTION_REPORT","Japan corpus","Moved with git mv; historical content unchanged"
"docs/reports/hotfix/HOTFIX_4E7_AUDIT_EZO_GOVERNMENTS.md","docs/reports/hotfix/japan/HOTFIX_4E7_AUDIT_EZO_GOVERNMENTS.md","HOTFIX_4E7_AUDIT_EZO_GOVERNMENTS.md","BB8B9C8AED0695BA0FF980C6E061DADDBA3A54C45738DD6F67505CDFBF337AFE","BB8B9C8AED0695BA0FF980C6E061DADDBA3A54C45738DD6F67505CDFBF337AFE","RENAMED","true","false","","STATIC_AUDIT","Japan corpus","Moved with git mv; historical content unchanged"
"docs/reports/hotfix/HOTFIX_4E8_FIX_EZO_HOKKAIDO_GATE.md","docs/reports/hotfix/japan/HOTFIX_4E8_FIX_EZO_HOKKAIDO_GATE.md","HOTFIX_4E8_FIX_EZO_HOKKAIDO_GATE.md","F3DD71FBC5EEE95901DDE1B96F8930C604E3F65CD32C250B82B83A629588E683","F3DD71FBC5EEE95901DDE1B96F8930C604E3F65CD32C250B82B83A629588E683","RENAMED","true","false","","CORRECTION_REPORT","Japan corpus","Moved with git mv; historical content unchanged"
"docs/reports/hotfix/HOTFIX_5_AUDIT_INDIA_BIC_BATTLE_FOR_INDIA.md","docs/reports/hotfix/india/00_overview/HOTFIX_5_AUDIT_INDIA_BIC_BATTLE_FOR_INDIA.md","HOTFIX_5_AUDIT_INDIA_BIC_BATTLE_FOR_INDIA.md","9D7963F3F75F34770462AEBA617D71785E4DBB1B696B0A218BBD187661A1F977","9D7963F3F75F34770462AEBA617D71785E4DBB1B696B0A218BBD187661A1F977","RENAMED","true","false","","STATIC_AUDIT","India / 00_overview classification from report content","Moved with git mv; historical content unchanged"
"docs/reports/hotfix/HOTFIX_5A_BIC_STRATEGIC_REGIONS.md","docs/reports/hotfix/india/states_and_setup/HOTFIX_5A_BIC_STRATEGIC_REGIONS.md","HOTFIX_5A_BIC_STRATEGIC_REGIONS.md","08C436A695675FFB1C86CAC064A3DE7AABA753024A572CACE3C994A12D204F19","08C436A695675FFB1C86CAC064A3DE7AABA753024A572CACE3C994A12D204F19","RENAMED","true","false","","CORRECTION_REPORT","India / states_and_setup classification from report content","Moved with git mv; historical content unchanged"
"docs/reports/hotfix/HOTFIX_5B1_AUDIT_UNIQUE_EAST_INDIA_COMPANY.md","docs/reports/hotfix/india/east_india_company/HOTFIX_5B1_AUDIT_UNIQUE_EAST_INDIA_COMPANY.md","HOTFIX_5B1_AUDIT_UNIQUE_EAST_INDIA_COMPANY.md","C906F7A509299C6042E554011C7A985D8C631B18F62E29FDC631DD9214FAF8E2","C906F7A509299C6042E554011C7A985D8C631B18F62E29FDC631DD9214FAF8E2","RENAMED","true","false","","STATIC_AUDIT","India / east_india_company classification from report content","Moved with git mv; historical content unchanged"
"docs/reports/hotfix/HOTFIX_5B2_UNIQUE_EAST_INDIA_COMPANY.md","docs/reports/hotfix/india/east_india_company/HOTFIX_5B2_UNIQUE_EAST_INDIA_COMPANY.md","HOTFIX_5B2_UNIQUE_EAST_INDIA_COMPANY.md","85861EDDCF21F7077AC5D1AB1FC5D15844E0C31C58E19C19260998099156BF20","85861EDDCF21F7077AC5D1AB1FC5D15844E0C31C58E19C19260998099156BF20","RENAMED","true","false","","CORRECTION_REPORT","India / east_india_company classification from report content","Moved with git mv; historical content unchanged"
"docs/reports/hotfix/HOTFIX_5C1_AUDIT_INDIA_REGION_REFERENCES.md","docs/reports/hotfix/india/states_and_setup/HOTFIX_5C1_AUDIT_INDIA_REGION_REFERENCES.md","HOTFIX_5C1_AUDIT_INDIA_REGION_REFERENCES.md","E52A22CE8BD783C1CBFC8688DB311FB3BCAB3A3266BD7115459952CF56D04584","E52A22CE8BD783C1CBFC8688DB311FB3BCAB3A3266BD7115459952CF56D04584","RENAMED","true","false","HOTFIX_5C1_INDIA_REGION_REFERENCE_MAP.csv","STATIC_AUDIT","India / states_and_setup classification from report content","Moved with git mv; historical content unchanged"
"docs/reports/hotfix/HOTFIX_5C1_INDIA_REGION_REFERENCE_MAP.csv","docs/reports/hotfix/india/states_and_setup/HOTFIX_5C1_INDIA_REGION_REFERENCE_MAP.csv","HOTFIX_5C1_INDIA_REGION_REFERENCE_MAP.csv","C4F6E3AE4D56327C9F7AC6F4154A5A9FB94B72D235BB18D155BE5E74AD11D794","C4F6E3AE4D56327C9F7AC6F4154A5A9FB94B72D235BB18D155BE5E74AD11D794","RENAMED","true","false","HOTFIX_5C1_AUDIT_INDIA_REGION_REFERENCES.md","REFERENCE","India / states_and_setup classification from report content","Moved with git mv; historical content unchanged"
"docs/reports/hotfix/HOTFIX_5C2A_HIGH_CONFIDENCE_NORTH_SOUTH.md","docs/reports/hotfix/india/states_and_setup/HOTFIX_5C2A_HIGH_CONFIDENCE_NORTH_SOUTH.md","HOTFIX_5C2A_HIGH_CONFIDENCE_NORTH_SOUTH.md","614EF8C184E3A35BCEB648AA67DCCDAC46DE11A148722757EFE0AB44323F99CC","614EF8C184E3A35BCEB648AA67DCCDAC46DE11A148722757EFE0AB44323F99CC","RENAMED","true","false","","CORRECTION_REPORT","India / states_and_setup classification from report content","Moved with git mv; historical content unchanged"
"docs/reports/hotfix/HOTFIX_5C2B_AFGHANISTAN_CENTRAL_ASIA_KRAKATOA.md","docs/reports/hotfix/india/states_and_setup/HOTFIX_5C2B_AFGHANISTAN_CENTRAL_ASIA_KRAKATOA.md","HOTFIX_5C2B_AFGHANISTAN_CENTRAL_ASIA_KRAKATOA.md","8555C1232BB046D126CAF68AD7A142E59B77E13736EFA65B55ACCAB817D8BF04","8555C1232BB046D126CAF68AD7A142E59B77E13736EFA65B55ACCAB817D8BF04","RENAMED","true","false","","CORRECTION_REPORT","India / states_and_setup classification from report content","Moved with git mv; historical content unchanged"
"docs/reports/hotfix/HOTFIX_5C2C_INDIA_RAILWAY_REGIONS.md","docs/reports/hotfix/india/infrastructure_and_famines/HOTFIX_5C2C_INDIA_RAILWAY_REGIONS.md","HOTFIX_5C2C_INDIA_RAILWAY_REGIONS.md","D963AFD1851F568747E72C630BF152E7F4D2E8679369EAF2367F0367C6111A85","D963AFD1851F568747E72C630BF152E7F4D2E8679369EAF2367F0367C6111A85","RENAMED","true","false","","CORRECTION_REPORT","India / infrastructure_and_famines classification from report content","Moved with git mv; historical content unchanged"
"docs/reports/hotfix/HOTFIX_5C2D_AUDIT_INDIAN_FAMINES_REGIONS.md","docs/reports/hotfix/india/infrastructure_and_famines/HOTFIX_5C2D_AUDIT_INDIAN_FAMINES_REGIONS.md","HOTFIX_5C2D_AUDIT_INDIAN_FAMINES_REGIONS.md","95D018F2D89FD606D47859CF925F78FB8054162F512E7565FEB5B5279F6F7F92","95D018F2D89FD606D47859CF925F78FB8054162F512E7565FEB5B5279F6F7F92","RENAMED","true","false","","STATIC_AUDIT","India / infrastructure_and_famines classification from report content","Moved with git mv; historical content unchanged"
"docs/reports/hotfix/HOTFIX_5C2D1_PAN_INDIAN_FAMINES.md","docs/reports/hotfix/india/infrastructure_and_famines/HOTFIX_5C2D1_PAN_INDIAN_FAMINES.md","HOTFIX_5C2D1_PAN_INDIAN_FAMINES.md","FB56E7D99912D24940A4591D7A130AFD80FE73EF872904207933DBB4983A86A6","FB56E7D99912D24940A4591D7A130AFD80FE73EF872904207933DBB4983A86A6","RENAMED","true","false","","CORRECTION_REPORT","India / infrastructure_and_famines classification from report content","Moved with git mv; historical content unchanged"
"docs/reports/hotfix/HOTFIX_5C2D2_FAMINE_HISTORICAL_COMPLETIONS.md","docs/reports/hotfix/india/infrastructure_and_famines/HOTFIX_5C2D2_FAMINE_HISTORICAL_COMPLETIONS.md","HOTFIX_5C2D2_FAMINE_HISTORICAL_COMPLETIONS.md","54D715E70414FDF3A0B571AF51A37FA7F0AC1A91FA78AEC58239A203F66374C4","54D715E70414FDF3A0B571AF51A37FA7F0AC1A91FA78AEC58239A203F66374C4","RENAMED","true","false","","CORRECTION_REPORT","India / infrastructure_and_famines classification from report content","Moved with git mv; historical content unchanged"
"docs/reports/hotfix/HOTFIX_5C2D3_FAMINE_HISTORICAL_SELECTORS.md","docs/reports/hotfix/india/infrastructure_and_famines/HOTFIX_5C2D3_FAMINE_HISTORICAL_SELECTORS.md","HOTFIX_5C2D3_FAMINE_HISTORICAL_SELECTORS.md","4A6D380BE5E8F51A7DBF251E63181748BE78F1AFC8D294BFC41F911AF294A822","4A6D380BE5E8F51A7DBF251E63181748BE78F1AFC8D294BFC41F911AF294A822","RENAMED","true","false","","CORRECTION_REPORT","India / infrastructure_and_famines classification from report content","Moved with git mv; historical content unchanged"
"docs/reports/hotfix/HOTFIX_5C2E_AUDIT_SEPOY_MUTINY_REGIONS.md","docs/reports/hotfix/india/sepoy/HOTFIX_5C2E_AUDIT_SEPOY_MUTINY_REGIONS.md","HOTFIX_5C2E_AUDIT_SEPOY_MUTINY_REGIONS.md","FA65C31BF27E4F658F52A1AAEC642F668373289A8D47A79E01E6386D8F6FBF0D","FA65C31BF27E4F658F52A1AAEC642F668373289A8D47A79E01E6386D8F6FBF0D","RENAMED","true","false","HOTFIX_5C2E_SEPOY_REGION_MAP.csv","STATIC_AUDIT","India / sepoy classification from report content","Moved with git mv; historical content unchanged"
"docs/reports/hotfix/HOTFIX_5C2E_SEPOY_REGION_MAP.csv","docs/reports/hotfix/india/sepoy/HOTFIX_5C2E_SEPOY_REGION_MAP.csv","HOTFIX_5C2E_SEPOY_REGION_MAP.csv","071538DCA985C40E5307469D8E5F70A4999BE01496D39F80918FD5258C07C8D9","071538DCA985C40E5307469D8E5F70A4999BE01496D39F80918FD5258C07C8D9","RENAMED","true","false","HOTFIX_5C2E_AUDIT_SEPOY_MUTINY_REGIONS.md","REFERENCE","India / sepoy classification from report content","Moved with git mv; historical content unchanged"
"docs/reports/hotfix/HOTFIX_5C2E1_SEPOY_HIDDEN_TRIGGER_AND_ALIGNMENT.md","docs/reports/hotfix/india/sepoy/HOTFIX_5C2E1_SEPOY_HIDDEN_TRIGGER_AND_ALIGNMENT.md","HOTFIX_5C2E1_SEPOY_HIDDEN_TRIGGER_AND_ALIGNMENT.md","329922FD0CFB3F46E001AD77B9F9CCC218A65F1AB55F8BC9C2561475D9970CD9","329922FD0CFB3F46E001AD77B9F9CCC218A65F1AB55F8BC9C2561475D9970CD9","RENAMED","true","false","","CORRECTION_REPORT","India / sepoy classification from report content","Moved with git mv; historical content unchanged"
"docs/reports/hotfix/HOTFIX_5C2E2_SEPOY_PRESIDENCIES_AND_REGIONAL_EFFECTS.md","docs/reports/hotfix/india/sepoy/HOTFIX_5C2E2_SEPOY_PRESIDENCIES_AND_REGIONAL_EFFECTS.md","HOTFIX_5C2E2_SEPOY_PRESIDENCIES_AND_REGIONAL_EFFECTS.md","4458F29834BBE0C8AA5A295E0B6C2F1F6BDA0682C039D8D85F0C3668C4DB8326","4458F29834BBE0C8AA5A295E0B6C2F1F6BDA0682C039D8D85F0C3668C4DB8326","RENAMED","true","false","","CORRECTION_REPORT","India / sepoy classification from report content","Moved with git mv; historical content unchanged"
"docs/reports/hotfix/HOTFIX_5C2E3A_SEPOY_GENERAL_BREAKUP.md","docs/reports/hotfix/india/sepoy/HOTFIX_5C2E3A_SEPOY_GENERAL_BREAKUP.md","HOTFIX_5C2E3A_SEPOY_GENERAL_BREAKUP.md","263266DDA41B43DE80F67C0928B39EE2D68825D299EA8603BA561FCC88852440","263266DDA41B43DE80F67C0928B39EE2D68825D299EA8603BA561FCC88852440","RENAMED","true","false","","CORRECTION_REPORT","India / sepoy classification from report content","Moved with git mv; historical content unchanged"
"docs/reports/hotfix/HOTFIX_5C2E3B_SEPOY_BENGAL_RETREAT.md","docs/reports/hotfix/india/sepoy/HOTFIX_5C2E3B_SEPOY_BENGAL_RETREAT.md","HOTFIX_5C2E3B_SEPOY_BENGAL_RETREAT.md","35230619E613F96F6E0F50AAE28343AA80A713E4CE208889C6CBA654CDC1D4DD","35230619E613F96F6E0F50AAE28343AA80A713E4CE208889C6CBA654CDC1D4DD","RENAMED","true","false","","CORRECTION_REPORT","India / sepoy classification from report content","Moved with git mv; historical content unchanged"
"docs/reports/hotfix/HOTFIX_5C2E3C_SEPOY_MADRAS_RETREAT.md","docs/reports/hotfix/india/sepoy/HOTFIX_5C2E3C_SEPOY_MADRAS_RETREAT.md","HOTFIX_5C2E3C_SEPOY_MADRAS_RETREAT.md","3855F78753AD24A8A63AC671237FAFF241E217D1512CA0B1AF8FC3670720DC67","3855F78753AD24A8A63AC671237FAFF241E217D1512CA0B1AF8FC3670720DC67","RENAMED","true","false","","CORRECTION_REPORT","India / sepoy classification from report content","Moved with git mv; historical content unchanged"
"docs/reports/hotfix/HOTFIX_5C2E3D_SEPOY_BOMBAY_RETREAT.md","docs/reports/hotfix/india/sepoy/HOTFIX_5C2E3D_SEPOY_BOMBAY_RETREAT.md","HOTFIX_5C2E3D_SEPOY_BOMBAY_RETREAT.md","EE0F357628C621D84D97703EC8B4BA8DA2BDDF243CC1B68B2F35EED00D3F58D1","EE0F357628C621D84D97703EC8B4BA8DA2BDDF243CC1B68B2F35EED00D3F58D1","RENAMED","true","false","","CORRECTION_REPORT","India / sepoy classification from report content","Moved with git mv; historical content unchanged"
"docs/reports/hotfix/HOTFIX_5C2E4_AUDIT_SEPOY_FINAL_VALIDATION.md","docs/reports/hotfix/india/sepoy/HOTFIX_5C2E4_AUDIT_SEPOY_FINAL_VALIDATION.md","HOTFIX_5C2E4_AUDIT_SEPOY_FINAL_VALIDATION.md","024429A5572B9A1528BE1BF3E123AAAD54E1A205BAF1599CF80D1D4E924F3D03","024429A5572B9A1528BE1BF3E123AAAD54E1A205BAF1599CF80D1D4E924F3D03","RENAMED","true","false","HOTFIX_5C2E4_SEPOY_TEST_MATRIX.csv","STATIC_AUDIT","India / sepoy classification from report content","Moved with git mv; historical content unchanged"
"docs/reports/hotfix/HOTFIX_5C2E4_SEPOY_TEST_MATRIX.csv","docs/reports/hotfix/india/sepoy/HOTFIX_5C2E4_SEPOY_TEST_MATRIX.csv","HOTFIX_5C2E4_SEPOY_TEST_MATRIX.csv","CAF9591CF0EE22B632F5AFC13000D4F54D2723C6CC6B969AA8E20BD86D86A2E2","CAF9591CF0EE22B632F5AFC13000D4F54D2723C6CC6B969AA8E20BD86D86A2E2","RENAMED","true","false","HOTFIX_5C2E4_AUDIT_SEPOY_FINAL_VALIDATION.md","REFERENCE","India / sepoy classification from report content","Moved with git mv; historical content unchanged"
"docs/reports/hotfix/HOTFIX_5C2E4A_SEPOY_RUNTIME_LOAD_VALIDATION.md","docs/reports/hotfix/india/sepoy/HOTFIX_5C2E4A_SEPOY_RUNTIME_LOAD_VALIDATION.md","HOTFIX_5C2E4A_SEPOY_RUNTIME_LOAD_VALIDATION.md","D9422E1756AA1F5412608FBF9BD40F66D5EB6F7B41503421A88E970D2AA08E77","D9422E1756AA1F5412608FBF9BD40F66D5EB6F7B41503421A88E970D2AA08E77","RENAMED","true","false","","RUNTIME_TEST","India / sepoy classification from report content","Moved with git mv; historical content unchanged"
"docs/reports/hotfix/HOTFIX_5C2E4B1_SEPOY_PINNING_API.md","docs/reports/hotfix/india/sepoy/HOTFIX_5C2E4B1_SEPOY_PINNING_API.md","HOTFIX_5C2E4B1_SEPOY_PINNING_API.md","A6F1F84F03C5DF244B6B6137872E97AA65F523B36A1C2F4D306553641AE515AB","A6F1F84F03C5DF244B6B6137872E97AA65F523B36A1C2F4D306553641AE515AB","RENAMED","true","false","","CORRECTION_REPORT","India / sepoy classification from report content","Moved with git mv; historical content unchanged"
"docs/reports/hotfix/HOTFIX_5C2E4B2_SEPOY_CHARACTER_ROLE_API.md","docs/reports/hotfix/india/sepoy/HOTFIX_5C2E4B2_SEPOY_CHARACTER_ROLE_API.md","HOTFIX_5C2E4B2_SEPOY_CHARACTER_ROLE_API.md","76859610B6D05409C3C27FEE24A7144BD99844919C6BE55720CC1CAA01FF77FD","76859610B6D05409C3C27FEE24A7144BD99844919C6BE55720CC1CAA01FF77FD","RENAMED","true","false","","CORRECTION_REPORT","India / sepoy classification from report content","Moved with git mv; historical content unchanged"
"docs/reports/hotfix/HOTFIX_5C2E4B3_SEPOY_API_RUNTIME_RETEST.md","docs/reports/hotfix/india/sepoy/HOTFIX_5C2E4B3_SEPOY_API_RUNTIME_RETEST.md","HOTFIX_5C2E4B3_SEPOY_API_RUNTIME_RETEST.md","930BBABCE2B22F41441BE5721621487A34841F62BE28D0A283B9156F5E2D3B31","930BBABCE2B22F41441BE5721621487A34841F62BE28D0A283B9156F5E2D3B31","RENAMED","true","false","","RUNTIME_TEST","India / sepoy classification from report content","Moved with git mv; historical content unchanged"
"docs/reports/hotfix/HOTFIX_5C2E4C0_SEPOY_FUNCTIONAL_TEST_PREPARATION.md","docs/reports/hotfix/india/sepoy/HOTFIX_5C2E4C0_SEPOY_FUNCTIONAL_TEST_PREPARATION.md","HOTFIX_5C2E4C0_SEPOY_FUNCTIONAL_TEST_PREPARATION.md","1932240EAB00874A882433F5E705CC39AA82C49C9855FC8987590CB82CCC87EF","1932240EAB00874A882433F5E705CC39AA82C49C9855FC8987590CB82CCC87EF","RENAMED","true","false","HOTFIX_5C2E4C0_SEPOY_SCENARIO_REQUIREMENTS.csv","CORRECTION_REPORT","India / sepoy classification from report content","Moved with git mv; historical content unchanged"
"docs/reports/hotfix/HOTFIX_5C2E4C0_SEPOY_SCENARIO_REQUIREMENTS.csv","docs/reports/hotfix/india/sepoy/HOTFIX_5C2E4C0_SEPOY_SCENARIO_REQUIREMENTS.csv","HOTFIX_5C2E4C0_SEPOY_SCENARIO_REQUIREMENTS.csv","7FE84024284C794EA137CA5C1D1DC4514506C654AEDD67B9BB33212F27B589E6","7FE84024284C794EA137CA5C1D1DC4514506C654AEDD67B9BB33212F27B589E6","RENAMED","true","false","HOTFIX_5C2E4C0_SEPOY_FUNCTIONAL_TEST_PREPARATION.md","REFERENCE","India / sepoy classification from report content","Moved with git mv; historical content unchanged"
"docs/reports/hotfix/HOTFIX_5C2E4C1A_DISPOSABLE_COPY_MANIFEST.csv","docs/reports/hotfix/india/sepoy/HOTFIX_5C2E4C1A_DISPOSABLE_COPY_MANIFEST.csv","HOTFIX_5C2E4C1A_DISPOSABLE_COPY_MANIFEST.csv","84282E739395A461A982DFDF2F1EFCBA02C3E453F9FBBDFE3D1E183568E4A215","84282E739395A461A982DFDF2F1EFCBA02C3E453F9FBBDFE3D1E183568E4A215","RENAMED","true","false","HOTFIX_5C2E4C1A_SEPOY_DISPOSABLE_COPY_SETUP.md","MANIFEST","India / sepoy classification from report content","Moved with git mv; historical content unchanged"
"docs/reports/hotfix/HOTFIX_5C2E4C1A_SEPOY_DISPOSABLE_COPY_SETUP.md","docs/reports/hotfix/india/sepoy/HOTFIX_5C2E4C1A_SEPOY_DISPOSABLE_COPY_SETUP.md","HOTFIX_5C2E4C1A_SEPOY_DISPOSABLE_COPY_SETUP.md","99BCC8FEBE241BC5CB6DFE2D3F36AF0070C9E6358543C6A25325921963D8D978","99BCC8FEBE241BC5CB6DFE2D3F36AF0070C9E6358543C6A25325921963D8D978","RENAMED","true","false","HOTFIX_5C2E4C1A_DISPOSABLE_COPY_MANIFEST.csv","CORRECTION_REPORT","India / sepoy classification from report content","Moved with git mv; historical content unchanged"
"docs/reports/hotfix/HOTFIX_5C2E4C1AA_E1D_BOM_AND_RERUN_PREPARATION.md","docs/reports/hotfix/india/sepoy/HOTFIX_5C2E4C1AA_E1D_BOM_AND_RERUN_PREPARATION.md","HOTFIX_5C2E4C1AA_E1D_BOM_AND_RERUN_PREPARATION.md","1A15931135516A83F25AD770A96FE9FEB2E26948311D191E5A612EE462203812","1A15931135516A83F25AD770A96FE9FEB2E26948311D191E5A612EE462203812","RENAMED","true","false","HOTFIX_5C2E4C1AA_E1D_BOM_FIX_MANIFEST.csv","CORRECTION_REPORT","India / sepoy classification from report content","Moved with git mv; historical content unchanged"
"docs/reports/hotfix/HOTFIX_5C2E4C1AA_E1D_BOM_FIX_MANIFEST.csv","docs/reports/hotfix/india/sepoy/HOTFIX_5C2E4C1AA_E1D_BOM_FIX_MANIFEST.csv","HOTFIX_5C2E4C1AA_E1D_BOM_FIX_MANIFEST.csv","576ABD9BDB2D6F611C2C29F6B731AA6FB62991278740DFA80E0A016B44F79A8B","576ABD9BDB2D6F611C2C29F6B731AA6FB62991278740DFA80E0A016B44F79A8B","RENAMED","true","false","HOTFIX_5C2E4C1AA_E1D_BOM_AND_RERUN_PREPARATION.md","MANIFEST","India / sepoy classification from report content","Moved with git mv; historical content unchanged"
"docs/reports/hotfix/HOTFIX_5C2E4C1AB_E1_RADICAL_CLEAN_RERUN.md","docs/reports/hotfix/india/sepoy/HOTFIX_5C2E4C1AB_E1_RADICAL_CLEAN_RERUN.md","HOTFIX_5C2E4C1AB_E1_RADICAL_CLEAN_RERUN.md","6A0DCB81BFD89FB293F38510C1BAC2946AA09ECA5C5712F51647BBE32CC77D92","6A0DCB81BFD89FB293F38510C1BAC2946AA09ECA5C5712F51647BBE32CC77D92","RENAMED","true","false","HOTFIX_5C2E4C1AB_E1_RADICAL_CLEAN_RESULTS.csv","CORRECTION_REPORT","India / sepoy classification from report content","Moved with git mv; historical content unchanged"
"docs/reports/hotfix/HOTFIX_5C2E4C1AB_E1_RADICAL_CLEAN_RESULTS.csv","docs/reports/hotfix/india/sepoy/HOTFIX_5C2E4C1AB_E1_RADICAL_CLEAN_RESULTS.csv","HOTFIX_5C2E4C1AB_E1_RADICAL_CLEAN_RESULTS.csv","99FE5A928B2ACC740EC6A9B70B63B25FFA14F09AA95259D7FDAA059CA096A3DC","99FE5A928B2ACC740EC6A9B70B63B25FFA14F09AA95259D7FDAA059CA096A3DC","RENAMED","true","false","HOTFIX_5C2E4C1AB_E1_RADICAL_CLEAN_RERUN.md","RESULTS","India / sepoy classification from report content","Moved with git mv; historical content unchanged"
"docs/reports/hotfix/HOTFIX_5C2E4C1AC_E2_HARNESS_MANIFEST.csv","docs/reports/hotfix/india/sepoy/HOTFIX_5C2E4C1AC_E2_HARNESS_MANIFEST.csv","HOTFIX_5C2E4C1AC_E2_HARNESS_MANIFEST.csv","95213B2DE365CA3A49E9D63B5E3F135D86BEDCA3146610AF4D0E30407EAC72E6","95213B2DE365CA3A49E9D63B5E3F135D86BEDCA3146610AF4D0E30407EAC72E6","RENAMED","true","false","HOTFIX_5C2E4C1AC_SEPOY_E2_STATIC_SETUP.md","MANIFEST","India / sepoy classification from report content","Moved with git mv; historical content unchanged"
"docs/reports/hotfix/HOTFIX_5C2E4C1AC_SEPOY_E2_STATIC_SETUP.md","docs/reports/hotfix/india/sepoy/HOTFIX_5C2E4C1AC_SEPOY_E2_STATIC_SETUP.md","HOTFIX_5C2E4C1AC_SEPOY_E2_STATIC_SETUP.md","89722E445387EB7FA24072F481D8C42292AEE83586FA34638E752FBAA40BAD9D","89722E445387EB7FA24072F481D8C42292AEE83586FA34638E752FBAA40BAD9D","RENAMED","true","false","HOTFIX_5C2E4C1AC_E2_HARNESS_MANIFEST.csv","CORRECTION_REPORT","India / sepoy classification from report content","Moved with git mv; historical content unchanged"
"docs/reports/hotfix/HOTFIX_5C2E4C1AD_E2_AVAILABILITY_RESULTS.csv","docs/reports/hotfix/india/sepoy/HOTFIX_5C2E4C1AD_E2_AVAILABILITY_RESULTS.csv","HOTFIX_5C2E4C1AD_E2_AVAILABILITY_RESULTS.csv","E3239EF5A01134511C1C271C31FDF159CF0DB76D80174D51F7BB07617E80ED36","E3239EF5A01134511C1C271C31FDF159CF0DB76D80174D51F7BB07617E80ED36","RENAMED","true","false","HOTFIX_5C2E4C1AD_SEPOY_E2_AVAILABILITY_RUNTIME.md","RESULTS","India / sepoy classification from report content","Moved with git mv; historical content unchanged"
"docs/reports/hotfix/HOTFIX_5C2E4C1AD_SEPOY_E2_AVAILABILITY_RUNTIME.md","docs/reports/hotfix/india/sepoy/HOTFIX_5C2E4C1AD_SEPOY_E2_AVAILABILITY_RUNTIME.md","HOTFIX_5C2E4C1AD_SEPOY_E2_AVAILABILITY_RUNTIME.md","15D424B670EB3748DE21B7CB30EC1B93AF2A47CEA8343696FE942DC12E751076","15D424B670EB3748DE21B7CB30EC1B93AF2A47CEA8343696FE942DC12E751076","RENAMED","true","false","HOTFIX_5C2E4C1AD_E2_AVAILABILITY_RESULTS.csv","RUNTIME_TEST","India / sepoy classification from report content","Moved with git mv; historical content unchanged"
"docs/reports/hotfix/HOTFIX_5C2E4C1AE_E2_BOMBAY_TRIGGER_FIX.md","docs/reports/hotfix/india/sepoy/HOTFIX_5C2E4C1AE_E2_BOMBAY_TRIGGER_FIX.md","HOTFIX_5C2E4C1AE_E2_BOMBAY_TRIGGER_FIX.md","B88AABE23B09B9A44B38CA1F70CC382D94814D64FA0D6909293DDB62DEA75D57","B88AABE23B09B9A44B38CA1F70CC382D94814D64FA0D6909293DDB62DEA75D57","RENAMED","true","false","HOTFIX_5C2E4C1AE_E2_TRIGGER_FIX_MANIFEST.csv","CORRECTION_REPORT","India / sepoy classification from report content","Moved with git mv; historical content unchanged"
"docs/reports/hotfix/HOTFIX_5C2E4C1AE_E2_TRIGGER_FIX_MANIFEST.csv","docs/reports/hotfix/india/sepoy/HOTFIX_5C2E4C1AE_E2_TRIGGER_FIX_MANIFEST.csv","HOTFIX_5C2E4C1AE_E2_TRIGGER_FIX_MANIFEST.csv","5781BDB5E5D582DC2E13AED3E293FB02CE41F509B00D937DB6E3A2AE8ECC8257","5781BDB5E5D582DC2E13AED3E293FB02CE41F509B00D937DB6E3A2AE8ECC8257","RENAMED","true","false","HOTFIX_5C2E4C1AE_E2_BOMBAY_TRIGGER_FIX.md","MANIFEST","India / sepoy classification from report content","Moved with git mv; historical content unchanged"
"docs/reports/hotfix/HOTFIX_5C2E4C1AF_E3_HARNESS_MANIFEST.csv","docs/reports/hotfix/india/sepoy/HOTFIX_5C2E4C1AF_E3_HARNESS_MANIFEST.csv","HOTFIX_5C2E4C1AF_E3_HARNESS_MANIFEST.csv","9C45E04FD4EC41672D5727C34C6E277B2689D4CA6F5E86B28F4B6A024133C7BD","9C45E04FD4EC41672D5727C34C6E277B2689D4CA6F5E86B28F4B6A024133C7BD","RENAMED","true","false","HOTFIX_5C2E4C1AF_SEPOY_E3_STATIC_SETUP.md","MANIFEST","India / sepoy classification from report content","Moved with git mv; historical content unchanged"
"docs/reports/hotfix/HOTFIX_5C2E4C1AF_SEPOY_E3_STATIC_SETUP.md","docs/reports/hotfix/india/sepoy/HOTFIX_5C2E4C1AF_SEPOY_E3_STATIC_SETUP.md","HOTFIX_5C2E4C1AF_SEPOY_E3_STATIC_SETUP.md","618B06809AC0675B7CE83EE4BB9A4BC4700372851442F8A288FED010BEC20C3A","618B06809AC0675B7CE83EE4BB9A4BC4700372851442F8A288FED010BEC20C3A","RENAMED","true","false","HOTFIX_5C2E4C1AF_E3_HARNESS_MANIFEST.csv","CORRECTION_REPORT","India / sepoy classification from report content","Moved with git mv; historical content unchanged"
"docs/reports/hotfix/HOTFIX_5C2E4C1AG_BOMBAY_TRIGGER_RUNTIME_RESULTS.csv","docs/reports/hotfix/india/sepoy/HOTFIX_5C2E4C1AG_BOMBAY_TRIGGER_RUNTIME_RESULTS.csv","HOTFIX_5C2E4C1AG_BOMBAY_TRIGGER_RUNTIME_RESULTS.csv","64D849800A741EAC81558BC797F79FE302B6DBD20A159A8F0E9D7D5FFA6DAC29","64D849800A741EAC81558BC797F79FE302B6DBD20A159A8F0E9D7D5FFA6DAC29","RENAMED","true","false","HOTFIX_5C2E4C1AG_BOMBAY_TRIGGER_RUNTIME_VALIDATION.md","RESULTS","India / sepoy classification from report content","Moved with git mv; historical content unchanged"
"docs/reports/hotfix/HOTFIX_5C2E4C1AG_BOMBAY_TRIGGER_RUNTIME_VALIDATION.md","docs/reports/hotfix/india/sepoy/HOTFIX_5C2E4C1AG_BOMBAY_TRIGGER_RUNTIME_VALIDATION.md","HOTFIX_5C2E4C1AG_BOMBAY_TRIGGER_RUNTIME_VALIDATION.md","2CEEAABF291A84FC7C4CD1A3277D1452F39AA1BE9E23477B1689FF1AA7A2B9D1","2CEEAABF291A84FC7C4CD1A3277D1452F39AA1BE9E23477B1689FF1AA7A2B9D1","RENAMED","true","false","HOTFIX_5C2E4C1AG_BOMBAY_TRIGGER_RUNTIME_RESULTS.csv","RUNTIME_TEST","India / sepoy classification from report content","Moved with git mv; historical content unchanged"
"docs/reports/hotfix/HOTFIX_5C2E4C1B_HARNESS_MANIFEST.csv","docs/reports/hotfix/india/sepoy/HOTFIX_5C2E4C1B_HARNESS_MANIFEST.csv","HOTFIX_5C2E4C1B_HARNESS_MANIFEST.csv","E6E46DC7090ED7BD49506B3A0D428CD5C38EE375828CD9E365348A687DAF0B95","E6E46DC7090ED7BD49506B3A0D428CD5C38EE375828CD9E365348A687DAF0B95","RENAMED","true","false","HOTFIX_5C2E4C1B_SEPOY_HARNESS_STATIC_SETUP.md","MANIFEST","India / sepoy classification from report content","Moved with git mv; historical content unchanged"
"docs/reports/hotfix/HOTFIX_5C2E4C1B_SEPOY_HARNESS_STATIC_SETUP.md","docs/reports/hotfix/india/sepoy/HOTFIX_5C2E4C1B_SEPOY_HARNESS_STATIC_SETUP.md","HOTFIX_5C2E4C1B_SEPOY_HARNESS_STATIC_SETUP.md","0087C070FB0B7B5B06AC7BFAF9622591DFA5C50D73058B447ECAC0E17AB00F48","0087C070FB0B7B5B06AC7BFAF9622591DFA5C50D73058B447ECAC0E17AB00F48","RENAMED","true","false","HOTFIX_5C2E4C1B_HARNESS_MANIFEST.csv","CORRECTION_REPORT","India / sepoy classification from report content","Moved with git mv; historical content unchanged"
"docs/reports/hotfix/HOTFIX_5C2E4C1C_SEPOY_HARNESS_RUNTIME_TEST.md","docs/reports/hotfix/india/sepoy/HOTFIX_5C2E4C1C_SEPOY_HARNESS_RUNTIME_TEST.md","HOTFIX_5C2E4C1C_SEPOY_HARNESS_RUNTIME_TEST.md","7A13DF05C68E24FC357304E7471578062CC7EB163DD17BAB3C6121F84C49DD17","7A13DF05C68E24FC357304E7471578062CC7EB163DD17BAB3C6121F84C49DD17","RENAMED","true","false","","RUNTIME_TEST","India / sepoy classification from report content","Moved with git mv; historical content unchanged"
"docs/reports/hotfix/HOTFIX_5C2E4C1C1_HARNESS_BOM_MANIFEST.csv","docs/reports/hotfix/india/sepoy/HOTFIX_5C2E4C1C1_HARNESS_BOM_MANIFEST.csv","HOTFIX_5C2E4C1C1_HARNESS_BOM_MANIFEST.csv","3BD3F8B60DBEF60E165A4BBD55152978D3C803AE76F6AC3C92A1840219ABEDB6","3BD3F8B60DBEF60E165A4BBD55152978D3C803AE76F6AC3C92A1840219ABEDB6","RENAMED","true","false","HOTFIX_5C2E4C1C1_SEPOY_HARNESS_BOM_RETEST.md","MANIFEST","India / sepoy classification from report content","Moved with git mv; historical content unchanged"
"docs/reports/hotfix/HOTFIX_5C2E4C1C1_SEPOY_HARNESS_BOM_RETEST.md","docs/reports/hotfix/india/sepoy/HOTFIX_5C2E4C1C1_SEPOY_HARNESS_BOM_RETEST.md","HOTFIX_5C2E4C1C1_SEPOY_HARNESS_BOM_RETEST.md","78492778AB1A6D53A73A7B9278EDA022C6533CA36B99A1504128815037A58803","78492778AB1A6D53A73A7B9278EDA022C6533CA36B99A1504128815037A58803","RENAMED","true","false","HOTFIX_5C2E4C1C1_HARNESS_BOM_MANIFEST.csv","RUNTIME_TEST","India / sepoy classification from report content","Moved with git mv; historical content unchanged"
"docs/reports/hotfix/HOTFIX_5C2E4C1D_A1_HARNESS_MANIFEST.csv","docs/reports/hotfix/india/sepoy/HOTFIX_5C2E4C1D_A1_HARNESS_MANIFEST.csv","HOTFIX_5C2E4C1D_A1_HARNESS_MANIFEST.csv","0C2AC265A1399D1D7F280AD004688EDBBD0198CB903D24675FB3BB47306DB6BC","0C2AC265A1399D1D7F280AD004688EDBBD0198CB903D24675FB3BB47306DB6BC","RENAMED","true","false","HOTFIX_5C2E4C1D_SEPOY_A1_STATIC_SETUP.md","MANIFEST","India / sepoy classification from report content","Moved with git mv; historical content unchanged"
"docs/reports/hotfix/HOTFIX_5C2E4C1D_SEPOY_A1_STATIC_SETUP.md","docs/reports/hotfix/india/sepoy/HOTFIX_5C2E4C1D_SEPOY_A1_STATIC_SETUP.md","HOTFIX_5C2E4C1D_SEPOY_A1_STATIC_SETUP.md","6BC7D098E8E021DFC22E78738FE122CF49B8AD33B8878D71C798F4A4A5758CDA","6BC7D098E8E021DFC22E78738FE122CF49B8AD33B8878D71C798F4A4A5758CDA","RENAMED","true","false","HOTFIX_5C2E4C1D_A1_HARNESS_MANIFEST.csv","CORRECTION_REPORT","India / sepoy classification from report content","Moved with git mv; historical content unchanged"
"docs/reports/hotfix/HOTFIX_5C2E4C1E_A1_RUNTIME_RESULTS.csv","docs/reports/hotfix/india/sepoy/HOTFIX_5C2E4C1E_A1_RUNTIME_RESULTS.csv","HOTFIX_5C2E4C1E_A1_RUNTIME_RESULTS.csv","ADE32A88BA71BDFD17EC1D140943970122AD41E6CB1F48494EA6F1495FC78485","ADE32A88BA71BDFD17EC1D140943970122AD41E6CB1F48494EA6F1495FC78485","RENAMED","true","false","HOTFIX_5C2E4C1E_SEPOY_A1_RUNTIME_TEST.md","RESULTS","India / sepoy classification from report content","Moved with git mv; historical content unchanged"
"docs/reports/hotfix/HOTFIX_5C2E4C1E_SEPOY_A1_RUNTIME_TEST.md","docs/reports/hotfix/india/sepoy/HOTFIX_5C2E4C1E_SEPOY_A1_RUNTIME_TEST.md","HOTFIX_5C2E4C1E_SEPOY_A1_RUNTIME_TEST.md","4DCFF28BDDAC98A3321B759108CE81DD821381AB1826238A853F1AAFD847672C","4DCFF28BDDAC98A3321B759108CE81DD821381AB1826238A853F1AAFD847672C","RENAMED","true","false","HOTFIX_5C2E4C1E_A1_RUNTIME_RESULTS.csv","RUNTIME_TEST","India / sepoy classification from report content","Moved with git mv; historical content unchanged"
"docs/reports/hotfix/HOTFIX_5C2E4C1E1_A1_OWNER_COMPLETION.csv","docs/reports/hotfix/india/sepoy/HOTFIX_5C2E4C1E1_A1_OWNER_COMPLETION.csv","HOTFIX_5C2E4C1E1_A1_OWNER_COMPLETION.csv","237BC2487FDF0572507C0BF60D72365B341A6AB61A8E399AF2A9D91D071E38AB","237BC2487FDF0572507C0BF60D72365B341A6AB61A8E399AF2A9D91D071E38AB","RENAMED","true","false","HOTFIX_5C2E4C1E1_SEPOY_A1_OBSERVATION_COMPLETION.md","REFERENCE","India / sepoy classification from report content","Moved with git mv; historical content unchanged"
"docs/reports/hotfix/HOTFIX_5C2E4C1E1_SEPOY_A1_OBSERVATION_COMPLETION.md","docs/reports/hotfix/india/sepoy/HOTFIX_5C2E4C1E1_SEPOY_A1_OBSERVATION_COMPLETION.md","HOTFIX_5C2E4C1E1_SEPOY_A1_OBSERVATION_COMPLETION.md","B084F8EEDD71BC71CB53C1E1EC20134C6460D0A488A7807D66809A438490581B","B084F8EEDD71BC71CB53C1E1EC20134C6460D0A488A7807D66809A438490581B","RENAMED","true","false","HOTFIX_5C2E4C1E1_A1_OWNER_COMPLETION.csv","CORRECTION_REPORT","India / sepoy classification from report content","Moved with git mv; historical content unchanged"
"docs/reports/hotfix/HOTFIX_5C2E4C1F_A2_HARNESS_MANIFEST.csv","docs/reports/hotfix/india/sepoy/HOTFIX_5C2E4C1F_A2_HARNESS_MANIFEST.csv","HOTFIX_5C2E4C1F_A2_HARNESS_MANIFEST.csv","91137C654B8A6E114607DDA7036C56D98022FA9F628D79A7B726F5B04FFABAFD","91137C654B8A6E114607DDA7036C56D98022FA9F628D79A7B726F5B04FFABAFD","RENAMED","true","false","HOTFIX_5C2E4C1F_SEPOY_A2_STATIC_SETUP.md","MANIFEST","India / sepoy classification from report content","Moved with git mv; historical content unchanged"
"docs/reports/hotfix/HOTFIX_5C2E4C1F_SEPOY_A2_STATIC_SETUP.md","docs/reports/hotfix/india/sepoy/HOTFIX_5C2E4C1F_SEPOY_A2_STATIC_SETUP.md","HOTFIX_5C2E4C1F_SEPOY_A2_STATIC_SETUP.md","5D84F5B226356A945889F9661BCB48089589E930D3C471F0E2C3C3832CFE1981","5D84F5B226356A945889F9661BCB48089589E930D3C471F0E2C3C3832CFE1981","RENAMED","true","false","HOTFIX_5C2E4C1F_A2_HARNESS_MANIFEST.csv","CORRECTION_REPORT","India / sepoy classification from report content","Moved with git mv; historical content unchanged"
"docs/reports/hotfix/HOTFIX_5C2E4C1G_A2_RUNTIME_RESULTS.csv","docs/reports/hotfix/india/sepoy/HOTFIX_5C2E4C1G_A2_RUNTIME_RESULTS.csv","HOTFIX_5C2E4C1G_A2_RUNTIME_RESULTS.csv","B37DD21629B3CB8A428AC62A391A9D3BECF50337A4E72B74B9D04CA5783E3D1F","B37DD21629B3CB8A428AC62A391A9D3BECF50337A4E72B74B9D04CA5783E3D1F","RENAMED","true","false","HOTFIX_5C2E4C1G_SEPOY_A2_RUNTIME_TEST.md","RESULTS","India / sepoy classification from report content","Moved with git mv; historical content unchanged"
"docs/reports/hotfix/HOTFIX_5C2E4C1G_SEPOY_A2_RUNTIME_TEST.md","docs/reports/hotfix/india/sepoy/HOTFIX_5C2E4C1G_SEPOY_A2_RUNTIME_TEST.md","HOTFIX_5C2E4C1G_SEPOY_A2_RUNTIME_TEST.md","C459B6F17D3BF3701ABA1A25777B07700B8EE6CF1BB573971C820CBC6B4810CE","C459B6F17D3BF3701ABA1A25777B07700B8EE6CF1BB573971C820CBC6B4810CE","RENAMED","true","false","HOTFIX_5C2E4C1G_A2_RUNTIME_RESULTS.csv","RUNTIME_TEST","India / sepoy classification from report content","Moved with git mv; historical content unchanged"
"docs/reports/hotfix/HOTFIX_5C2E4C1H_A3_HARNESS_MANIFEST.csv","docs/reports/hotfix/india/sepoy/HOTFIX_5C2E4C1H_A3_HARNESS_MANIFEST.csv","HOTFIX_5C2E4C1H_A3_HARNESS_MANIFEST.csv","D26B90CED2AF65A5E59DD094A1D1D518D847AF15AB63ACA1ED678590A00A9803","D26B90CED2AF65A5E59DD094A1D1D518D847AF15AB63ACA1ED678590A00A9803","RENAMED","true","false","HOTFIX_5C2E4C1H_SEPOY_A3_STATIC_SETUP.md","MANIFEST","India / sepoy classification from report content","Moved with git mv; historical content unchanged"
"docs/reports/hotfix/HOTFIX_5C2E4C1H_SEPOY_A3_STATIC_SETUP.md","docs/reports/hotfix/india/sepoy/HOTFIX_5C2E4C1H_SEPOY_A3_STATIC_SETUP.md","HOTFIX_5C2E4C1H_SEPOY_A3_STATIC_SETUP.md","89476A6E6697650B27F8E960AF0D7178A3973158C1838E6A08F74AAEA56560F7","89476A6E6697650B27F8E960AF0D7178A3973158C1838E6A08F74AAEA56560F7","RENAMED","true","false","HOTFIX_5C2E4C1H_A3_HARNESS_MANIFEST.csv","CORRECTION_REPORT","India / sepoy classification from report content","Moved with git mv; historical content unchanged"
"docs/reports/hotfix/HOTFIX_5C2E4C1I_A3_RUNTIME_RESULTS.csv","docs/reports/hotfix/india/sepoy/HOTFIX_5C2E4C1I_A3_RUNTIME_RESULTS.csv","HOTFIX_5C2E4C1I_A3_RUNTIME_RESULTS.csv","E8DD596377DA58622AB45AD584BF02BFDB1398A28FAE2877DF33150221F404CF","E8DD596377DA58622AB45AD584BF02BFDB1398A28FAE2877DF33150221F404CF","RENAMED","true","false","HOTFIX_5C2E4C1I_SEPOY_A3_RUNTIME_TEST.md","RESULTS","India / sepoy classification from report content","Moved with git mv; historical content unchanged"
"docs/reports/hotfix/HOTFIX_5C2E4C1I_SEPOY_A3_RUNTIME_TEST.md","docs/reports/hotfix/india/sepoy/HOTFIX_5C2E4C1I_SEPOY_A3_RUNTIME_TEST.md","HOTFIX_5C2E4C1I_SEPOY_A3_RUNTIME_TEST.md","3F000B8E7B40C1D6A4AD3E0550FD04C8AFC98E529395DA1911E8A8370027DBAC","3F000B8E7B40C1D6A4AD3E0550FD04C8AFC98E529395DA1911E8A8370027DBAC","RENAMED","true","false","HOTFIX_5C2E4C1I_A3_RUNTIME_RESULTS.csv","RUNTIME_TEST","India / sepoy classification from report content","Moved with git mv; historical content unchanged"
"docs/reports/hotfix/HOTFIX_5C2E4C1I1_A3_TOOLTIP_CLEANUP.md","docs/reports/hotfix/india/sepoy/HOTFIX_5C2E4C1I1_A3_TOOLTIP_CLEANUP.md","HOTFIX_5C2E4C1I1_A3_TOOLTIP_CLEANUP.md","8BBACCA5B9A163D4FD29057AA17848C067DD2B13F5255AAFA45B922F402CF693","8BBACCA5B9A163D4FD29057AA17848C067DD2B13F5255AAFA45B922F402CF693","RENAMED","true","false","HOTFIX_5C2E4C1I1_A3_TOOLTIP_MANIFEST.csv","CORRECTION_REPORT","India / sepoy classification from report content","Moved with git mv; historical content unchanged"
"docs/reports/hotfix/HOTFIX_5C2E4C1I1_A3_TOOLTIP_MANIFEST.csv","docs/reports/hotfix/india/sepoy/HOTFIX_5C2E4C1I1_A3_TOOLTIP_MANIFEST.csv","HOTFIX_5C2E4C1I1_A3_TOOLTIP_MANIFEST.csv","3C01092444227EBD7840A2D13F9A8DF6EB003323740F58E98F50FE49F8C70C0B","3C01092444227EBD7840A2D13F9A8DF6EB003323740F58E98F50FE49F8C70C0B","RENAMED","true","false","HOTFIX_5C2E4C1I1_A3_TOOLTIP_CLEANUP.md","MANIFEST","India / sepoy classification from report content","Moved with git mv; historical content unchanged"
"docs/reports/hotfix/HOTFIX_5C2E4C1J_B1_HARNESS_MANIFEST.csv","docs/reports/hotfix/india/sepoy/HOTFIX_5C2E4C1J_B1_HARNESS_MANIFEST.csv","HOTFIX_5C2E4C1J_B1_HARNESS_MANIFEST.csv","03A4717D312C80F3F9A429EBA669AA729703AB7E8B9CFEBAC51059F1F2AB3142","03A4717D312C80F3F9A429EBA669AA729703AB7E8B9CFEBAC51059F1F2AB3142","RENAMED","true","false","HOTFIX_5C2E4C1J_SEPOY_B1_STATIC_SETUP.md","MANIFEST","India / sepoy classification from report content","Moved with git mv; historical content unchanged"
"docs/reports/hotfix/HOTFIX_5C2E4C1J_SEPOY_B1_STATIC_SETUP.md","docs/reports/hotfix/india/sepoy/HOTFIX_5C2E4C1J_SEPOY_B1_STATIC_SETUP.md","HOTFIX_5C2E4C1J_SEPOY_B1_STATIC_SETUP.md","9321A52F6AC1EB97296DCB5E43686F5CB024C1925ECCAF3D3E861BA55B37D978","9321A52F6AC1EB97296DCB5E43686F5CB024C1925ECCAF3D3E861BA55B37D978","RENAMED","true","false","HOTFIX_5C2E4C1J_B1_HARNESS_MANIFEST.csv","CORRECTION_REPORT","India / sepoy classification from report content","Moved with git mv; historical content unchanged"
"docs/reports/hotfix/HOTFIX_5C2E4C1K_B1_RUNTIME_RESULTS.csv","docs/reports/hotfix/india/sepoy/HOTFIX_5C2E4C1K_B1_RUNTIME_RESULTS.csv","HOTFIX_5C2E4C1K_B1_RUNTIME_RESULTS.csv","B562D1B70DCCBEDF6A15A22A72496AC65433BA9543E86671767CCE25FDC3C590","B562D1B70DCCBEDF6A15A22A72496AC65433BA9543E86671767CCE25FDC3C590","RENAMED","true","false","HOTFIX_5C2E4C1K_SEPOY_B1_RUNTIME_TEST.md","RESULTS","India / sepoy classification from report content","Moved with git mv; historical content unchanged"
"docs/reports/hotfix/HOTFIX_5C2E4C1K_SEPOY_B1_RUNTIME_TEST.md","docs/reports/hotfix/india/sepoy/HOTFIX_5C2E4C1K_SEPOY_B1_RUNTIME_TEST.md","HOTFIX_5C2E4C1K_SEPOY_B1_RUNTIME_TEST.md","01DB6C5FAAAD5EF3C82242D67BA467F83F3E15336B0D98DE886B278329C492B5","01DB6C5FAAAD5EF3C82242D67BA467F83F3E15336B0D98DE886B278329C492B5","RENAMED","true","false","HOTFIX_5C2E4C1K_B1_RUNTIME_RESULTS.csv","RUNTIME_TEST","India / sepoy classification from report content","Moved with git mv; historical content unchanged"
"docs/reports/hotfix/HOTFIX_5C2E4C1L_B1_BENGAL_CORE_FIX.md","docs/reports/hotfix/india/sepoy/HOTFIX_5C2E4C1L_B1_BENGAL_CORE_FIX.md","HOTFIX_5C2E4C1L_B1_BENGAL_CORE_FIX.md","7079E9EAFF2D3CE80DEC198DBFE451A355F6179C90168C07F2773ECA3DB53D93","7079E9EAFF2D3CE80DEC198DBFE451A355F6179C90168C07F2773ECA3DB53D93","RENAMED","true","false","HOTFIX_5C2E4C1L_B1_FIX_MANIFEST.csv","CORRECTION_REPORT","India / sepoy classification from report content","Moved with git mv; historical content unchanged"
"docs/reports/hotfix/HOTFIX_5C2E4C1L_B1_FIX_MANIFEST.csv","docs/reports/hotfix/india/sepoy/HOTFIX_5C2E4C1L_B1_FIX_MANIFEST.csv","HOTFIX_5C2E4C1L_B1_FIX_MANIFEST.csv","AA67400C511E51D6A22A3B0121F8D812876C938C3624B6AFCDF9D5B2AE1389DA","AA67400C511E51D6A22A3B0121F8D812876C938C3624B6AFCDF9D5B2AE1389DA","RENAMED","true","false","HOTFIX_5C2E4C1L_B1_BENGAL_CORE_FIX.md","MANIFEST","India / sepoy classification from report content","Moved with git mv; historical content unchanged"
"docs/reports/hotfix/HOTFIX_5C2E4C1M_B1_FIX_RUNTIME_RESULTS.csv","docs/reports/hotfix/india/sepoy/HOTFIX_5C2E4C1M_B1_FIX_RUNTIME_RESULTS.csv","HOTFIX_5C2E4C1M_B1_FIX_RUNTIME_RESULTS.csv","F558DEDCBB760F1C276F3E45C4083FE2D761B1D40C37C6B6F146C321606EBDC0","F558DEDCBB760F1C276F3E45C4083FE2D761B1D40C37C6B6F146C321606EBDC0","RENAMED","true","false","HOTFIX_5C2E4C1M_B1_FIX_RUNTIME_TEST.md","RESULTS","India / sepoy classification from report content","Moved with git mv; historical content unchanged"
"docs/reports/hotfix/HOTFIX_5C2E4C1M_B1_FIX_RUNTIME_TEST.md","docs/reports/hotfix/india/sepoy/HOTFIX_5C2E4C1M_B1_FIX_RUNTIME_TEST.md","HOTFIX_5C2E4C1M_B1_FIX_RUNTIME_TEST.md","53AEB997D86ED57F129C8A9CC35EC14D4C2495E3011ED8BDBE5A4ED5A22B9766","53AEB997D86ED57F129C8A9CC35EC14D4C2495E3011ED8BDBE5A4ED5A22B9766","RENAMED","true","false","HOTFIX_5C2E4C1M_B1_FIX_RUNTIME_RESULTS.csv","RUNTIME_TEST","India / sepoy classification from report content","Moved with git mv; historical content unchanged"
"docs/reports/hotfix/HOTFIX_5C2E4C1N_B1_RADICAL_AUDIT_MANIFEST.csv","docs/reports/hotfix/india/sepoy/HOTFIX_5C2E4C1N_B1_RADICAL_AUDIT_MANIFEST.csv","HOTFIX_5C2E4C1N_B1_RADICAL_AUDIT_MANIFEST.csv","415EF7C92CA6085438EE245C0D25BFA818B43F19AA946FAAE11840A95D36FC04","415EF7C92CA6085438EE245C0D25BFA818B43F19AA946FAAE11840A95D36FC04","RENAMED","true","false","HOTFIX_5C2E4C1N_B1_RADICAL_FORENSIC_AUDIT.md","MANIFEST","India / sepoy classification from report content","Moved with git mv; historical content unchanged"
"docs/reports/hotfix/HOTFIX_5C2E4C1N_B1_RADICAL_FORENSIC_AUDIT.md","docs/reports/hotfix/india/sepoy/HOTFIX_5C2E4C1N_B1_RADICAL_FORENSIC_AUDIT.md","HOTFIX_5C2E4C1N_B1_RADICAL_FORENSIC_AUDIT.md","F9B864FD80515312E58A3C4B555E90BF68F673C8413259AC7F1464812FD852CF","F9B864FD80515312E58A3C4B555E90BF68F673C8413259AC7F1464812FD852CF","RENAMED","true","false","HOTFIX_5C2E4C1N_B1_RADICAL_AUDIT_MANIFEST.csv","FORENSIC_AUDIT","India / sepoy classification from report content","Moved with git mv; historical content unchanged"
"docs/reports/hotfix/HOTFIX_5C2E4C1O_B1_RADICAL_TICK_RESULTS.csv","docs/reports/hotfix/india/sepoy/HOTFIX_5C2E4C1O_B1_RADICAL_TICK_RESULTS.csv","HOTFIX_5C2E4C1O_B1_RADICAL_TICK_RESULTS.csv","75D09CD9FCC03069BA292C71B2D1B67B0A9D158F306B83CB6A761BE5E1A5D415","75D09CD9FCC03069BA292C71B2D1B67B0A9D158F306B83CB6A761BE5E1A5D415","RENAMED","true","false","HOTFIX_5C2E4C1O_B1_RADICAL_TICK_RUNTIME_TEST.md","RESULTS","India / sepoy classification from report content","Moved with git mv; historical content unchanged"
"docs/reports/hotfix/HOTFIX_5C2E4C1O_B1_RADICAL_TICK_RUNTIME_TEST.md","docs/reports/hotfix/india/sepoy/HOTFIX_5C2E4C1O_B1_RADICAL_TICK_RUNTIME_TEST.md","HOTFIX_5C2E4C1O_B1_RADICAL_TICK_RUNTIME_TEST.md","C892B153127253FFF818C5C78058A813F0A0F4057C280EC506FF0416D39A6B5E","C892B153127253FFF818C5C78058A813F0A0F4057C280EC506FF0416D39A6B5E","RENAMED","true","false","HOTFIX_5C2E4C1O_B1_RADICAL_TICK_RESULTS.csv","RUNTIME_TEST","India / sepoy classification from report content","Moved with git mv; historical content unchanged"
"docs/reports/hotfix/HOTFIX_5C2E4C1P_B1_RADICAL_2B_RESULTS.csv","docs/reports/hotfix/india/sepoy/HOTFIX_5C2E4C1P_B1_RADICAL_2B_RESULTS.csv","HOTFIX_5C2E4C1P_B1_RADICAL_2B_RESULTS.csv","23BAB1453198D1DC7E89F1409CDA6DCCE9D6271D97DF13B8932EFBBDF2AD5840","23BAB1453198D1DC7E89F1409CDA6DCCE9D6271D97DF13B8932EFBBDF2AD5840","RENAMED","true","false","HOTFIX_5C2E4C1P_B1_RADICAL_2B_RUNTIME_TEST.md","RESULTS","India / sepoy classification from report content","Moved with git mv; historical content unchanged"
"docs/reports/hotfix/HOTFIX_5C2E4C1P_B1_RADICAL_2B_RUNTIME_TEST.md","docs/reports/hotfix/india/sepoy/HOTFIX_5C2E4C1P_B1_RADICAL_2B_RUNTIME_TEST.md","HOTFIX_5C2E4C1P_B1_RADICAL_2B_RUNTIME_TEST.md","5EE98395DB22E3E7DAE5730471EAACDC03FC4E3F440294B4299A78C5E296E249","5EE98395DB22E3E7DAE5730471EAACDC03FC4E3F440294B4299A78C5E296E249","RENAMED","true","false","HOTFIX_5C2E4C1P_B1_RADICAL_2B_RESULTS.csv","RUNTIME_TEST","India / sepoy classification from report content","Moved with git mv; historical content unchanged"
"docs/reports/hotfix/HOTFIX_5C2E4C1Q_C1_HARNESS_MANIFEST.csv","docs/reports/hotfix/india/sepoy/HOTFIX_5C2E4C1Q_C1_HARNESS_MANIFEST.csv","HOTFIX_5C2E4C1Q_C1_HARNESS_MANIFEST.csv","F5D9A4296C71EA12CA9250DE859824C5DB15EA005E7BDD7635464951484C01F9","F5D9A4296C71EA12CA9250DE859824C5DB15EA005E7BDD7635464951484C01F9","RENAMED","true","false","HOTFIX_5C2E4C1Q_SEPOY_C1_STATIC_SETUP.md","MANIFEST","India / sepoy classification from report content","Moved with git mv; historical content unchanged"
"docs/reports/hotfix/HOTFIX_5C2E4C1Q_SEPOY_C1_STATIC_SETUP.md","docs/reports/hotfix/india/sepoy/HOTFIX_5C2E4C1Q_SEPOY_C1_STATIC_SETUP.md","HOTFIX_5C2E4C1Q_SEPOY_C1_STATIC_SETUP.md","FA474E24C136760234B99D7EFBDD59BB6C4A5C558EE9A8A9E7DECC75D0F1E405","FA474E24C136760234B99D7EFBDD59BB6C4A5C558EE9A8A9E7DECC75D0F1E405","RENAMED","true","false","HOTFIX_5C2E4C1Q_C1_HARNESS_MANIFEST.csv","CORRECTION_REPORT","India / sepoy classification from report content","Moved with git mv; historical content unchanged"
"docs/reports/hotfix/HOTFIX_5C2E4C1R_C1_RUNTIME_RESULTS.csv","docs/reports/hotfix/india/sepoy/HOTFIX_5C2E4C1R_C1_RUNTIME_RESULTS.csv","HOTFIX_5C2E4C1R_C1_RUNTIME_RESULTS.csv","2118743A753E3CEAA9273D7EA22435E06D551AAA03CAD679CBCB91F717D3C223","2118743A753E3CEAA9273D7EA22435E06D551AAA03CAD679CBCB91F717D3C223","RENAMED","true","false","HOTFIX_5C2E4C1R_SEPOY_C1_RUNTIME_TEST.md","RESULTS","India / sepoy classification from report content","Moved with git mv; historical content unchanged"
"docs/reports/hotfix/HOTFIX_5C2E4C1R_SEPOY_C1_RUNTIME_TEST.md","docs/reports/hotfix/india/sepoy/HOTFIX_5C2E4C1R_SEPOY_C1_RUNTIME_TEST.md","HOTFIX_5C2E4C1R_SEPOY_C1_RUNTIME_TEST.md","5DD1E8AF8BDF99AAFBBA7EA67CEF521D25663A790A36C9C368A8D6F422268500","5DD1E8AF8BDF99AAFBBA7EA67CEF521D25663A790A36C9C368A8D6F422268500","RENAMED","true","false","HOTFIX_5C2E4C1R_C1_RUNTIME_RESULTS.csv","RUNTIME_TEST","India / sepoy classification from report content","Moved with git mv; historical content unchanged"
"docs/reports/hotfix/HOTFIX_5C2E4C1S_C1_FIX_MANIFEST.csv","docs/reports/hotfix/india/sepoy/HOTFIX_5C2E4C1S_C1_FIX_MANIFEST.csv","HOTFIX_5C2E4C1S_C1_FIX_MANIFEST.csv","1DD96996E9A4A92D4EABA9174E8883FD46C94EFFBB1C626433E594C6ED34776C","1DD96996E9A4A92D4EABA9174E8883FD46C94EFFBB1C626433E594C6ED34776C","RENAMED","true","false","HOTFIX_5C2E4C1S_C1_MADRAS_CORE_FIX.md","MANIFEST","India / sepoy classification from report content","Moved with git mv; historical content unchanged"
"docs/reports/hotfix/HOTFIX_5C2E4C1S_C1_MADRAS_CORE_FIX.md","docs/reports/hotfix/india/sepoy/HOTFIX_5C2E4C1S_C1_MADRAS_CORE_FIX.md","HOTFIX_5C2E4C1S_C1_MADRAS_CORE_FIX.md","232B1DEC269FA298941C28557C388CF89895C2A817040F0571F184EB35569CAE","232B1DEC269FA298941C28557C388CF89895C2A817040F0571F184EB35569CAE","RENAMED","true","false","HOTFIX_5C2E4C1S_C1_FIX_MANIFEST.csv","CORRECTION_REPORT","India / sepoy classification from report content","Moved with git mv; historical content unchanged"
"docs/reports/hotfix/HOTFIX_5C2E4C1T_C1_FIX_RUNTIME_RESULTS.csv","docs/reports/hotfix/india/sepoy/HOTFIX_5C2E4C1T_C1_FIX_RUNTIME_RESULTS.csv","HOTFIX_5C2E4C1T_C1_FIX_RUNTIME_RESULTS.csv","C44E1838AB9873935602D2313950D7FF3B47C3B388C21DAE22526563B3DB52A0","C44E1838AB9873935602D2313950D7FF3B47C3B388C21DAE22526563B3DB52A0","RENAMED","true","false","HOTFIX_5C2E4C1T_SEPOY_C1_FIX_RUNTIME_TEST.md","RESULTS","India / sepoy classification from report content","Moved with git mv; historical content unchanged"
"docs/reports/hotfix/HOTFIX_5C2E4C1T_SEPOY_C1_FIX_RUNTIME_TEST.md","docs/reports/hotfix/india/sepoy/HOTFIX_5C2E4C1T_SEPOY_C1_FIX_RUNTIME_TEST.md","HOTFIX_5C2E4C1T_SEPOY_C1_FIX_RUNTIME_TEST.md","9D4B207C8026479D011C9AD793983F16A211BBC64B0A1A10E7584CF298B30B94","9D4B207C8026479D011C9AD793983F16A211BBC64B0A1A10E7584CF298B30B94","RENAMED","true","false","HOTFIX_5C2E4C1T_C1_FIX_RUNTIME_RESULTS.csv","RUNTIME_TEST","India / sepoy classification from report content","Moved with git mv; historical content unchanged"
"docs/reports/hotfix/HOTFIX_5C2E4C1U_E1_HARNESS_MANIFEST.csv","docs/reports/hotfix/india/sepoy/HOTFIX_5C2E4C1U_E1_HARNESS_MANIFEST.csv","HOTFIX_5C2E4C1U_E1_HARNESS_MANIFEST.csv","5BAA011A38BE9E19ED1FCDDEC9CAEDC06D347C5C39E4F9B9A398A3B2AF3C54E5","5BAA011A38BE9E19ED1FCDDEC9CAEDC06D347C5C39E4F9B9A398A3B2AF3C54E5","RENAMED","true","false","HOTFIX_5C2E4C1U_SEPOY_E1_STATIC_SETUP.md","MANIFEST","India / sepoy classification from report content","Moved with git mv; historical content unchanged"
"docs/reports/hotfix/HOTFIX_5C2E4C1U_SEPOY_E1_STATIC_SETUP.md","docs/reports/hotfix/india/sepoy/HOTFIX_5C2E4C1U_SEPOY_E1_STATIC_SETUP.md","HOTFIX_5C2E4C1U_SEPOY_E1_STATIC_SETUP.md","13A4FF168A0753A4B8796C9A002D46EC269B0DC9B56745154E72A439921E8DD7","13A4FF168A0753A4B8796C9A002D46EC269B0DC9B56745154E72A439921E8DD7","RENAMED","true","false","HOTFIX_5C2E4C1U_E1_HARNESS_MANIFEST.csv","CORRECTION_REPORT","India / sepoy classification from report content","Moved with git mv; historical content unchanged"
"docs/reports/hotfix/HOTFIX_5C2E4C1V_E1_RUNTIME_RESULTS.csv","docs/reports/hotfix/india/sepoy/HOTFIX_5C2E4C1V_E1_RUNTIME_RESULTS.csv","HOTFIX_5C2E4C1V_E1_RUNTIME_RESULTS.csv","02F0A4EDD16BE27AE5EE861E195E16A5873FE7C0250A1A1C453ECDA14FFC25E9","02F0A4EDD16BE27AE5EE861E195E16A5873FE7C0250A1A1C453ECDA14FFC25E9","RENAMED","true","false","HOTFIX_5C2E4C1V_SEPOY_E1_RUNTIME_TEST.md","RESULTS","India / sepoy classification from report content","Moved with git mv; historical content unchanged"
"docs/reports/hotfix/HOTFIX_5C2E4C1V_SEPOY_E1_RUNTIME_TEST.md","docs/reports/hotfix/india/sepoy/HOTFIX_5C2E4C1V_SEPOY_E1_RUNTIME_TEST.md","HOTFIX_5C2E4C1V_SEPOY_E1_RUNTIME_TEST.md","0B9DE7F20AE970EC45D5D59DBD5CF55296ADF71970BDF8ED7836E96E78A1D3FB","0B9DE7F20AE970EC45D5D59DBD5CF55296ADF71970BDF8ED7836E96E78A1D3FB","RENAMED","true","false","HOTFIX_5C2E4C1V_E1_RUNTIME_RESULTS.csv","RUNTIME_TEST","India / sepoy classification from report content","Moved with git mv; historical content unchanged"
"docs/reports/hotfix/HOTFIX_5C2E4C1W_E1_BOMBAY_CORE_FIX.md","docs/reports/hotfix/india/sepoy/HOTFIX_5C2E4C1W_E1_BOMBAY_CORE_FIX.md","HOTFIX_5C2E4C1W_E1_BOMBAY_CORE_FIX.md","9DA8F6E4920BA8004BC150E1D8570B3FD7813D35800C80FF52E63F6414C926BC","9DA8F6E4920BA8004BC150E1D8570B3FD7813D35800C80FF52E63F6414C926BC","RENAMED","true","false","HOTFIX_5C2E4C1W_E1_FIX_MANIFEST.csv","CORRECTION_REPORT","India / sepoy classification from report content","Moved with git mv; historical content unchanged"
"docs/reports/hotfix/HOTFIX_5C2E4C1W_E1_FIX_MANIFEST.csv","docs/reports/hotfix/india/sepoy/HOTFIX_5C2E4C1W_E1_FIX_MANIFEST.csv","HOTFIX_5C2E4C1W_E1_FIX_MANIFEST.csv","4CD940F1D2ED6EBB0E9E4078B6E267AF3B702BB442435D0D06A3E9DB19731A2B","4CD940F1D2ED6EBB0E9E4078B6E267AF3B702BB442435D0D06A3E9DB19731A2B","RENAMED","true","false","HOTFIX_5C2E4C1W_E1_BOMBAY_CORE_FIX.md","MANIFEST","India / sepoy classification from report content","Moved with git mv; historical content unchanged"
"docs/reports/hotfix/HOTFIX_5C2E4C1X_E1_FIX_RUNTIME_RESULTS.csv","docs/reports/hotfix/india/sepoy/HOTFIX_5C2E4C1X_E1_FIX_RUNTIME_RESULTS.csv","HOTFIX_5C2E4C1X_E1_FIX_RUNTIME_RESULTS.csv","B12F185094D523C627968F73F6BAD8094A08C9CEF292E3544C9DE54E8624AFD2","B12F185094D523C627968F73F6BAD8094A08C9CEF292E3544C9DE54E8624AFD2","RENAMED","true","false","HOTFIX_5C2E4C1X_SEPOY_E1_FIX_RUNTIME_TEST.md","RESULTS","India / sepoy classification from report content","Moved with git mv; historical content unchanged"
"docs/reports/hotfix/HOTFIX_5C2E4C1X_SEPOY_E1_FIX_RUNTIME_TEST.md","docs/reports/hotfix/india/sepoy/HOTFIX_5C2E4C1X_SEPOY_E1_FIX_RUNTIME_TEST.md","HOTFIX_5C2E4C1X_SEPOY_E1_FIX_RUNTIME_TEST.md","BF66934F275146E4E38FE5A18F156EC533457FBCB8331DF4F32DECFE8C9B8EE1","BF66934F275146E4E38FE5A18F156EC533457FBCB8331DF4F32DECFE8C9B8EE1","RENAMED","true","false","HOTFIX_5C2E4C1X_E1_FIX_RUNTIME_RESULTS.csv","RUNTIME_TEST","India / sepoy classification from report content","Moved with git mv; historical content unchanged"
"docs/reports/hotfix/HOTFIX_5C2E4C1Y_E1_RADICAL_DIAGNOSTIC_MANIFEST.csv","docs/reports/hotfix/india/sepoy/HOTFIX_5C2E4C1Y_E1_RADICAL_DIAGNOSTIC_MANIFEST.csv","HOTFIX_5C2E4C1Y_E1_RADICAL_DIAGNOSTIC_MANIFEST.csv","78FB07BB94CA752EE0EB24DF802BCA8B043C292AB06D843C1E7FD5640280EA37","78FB07BB94CA752EE0EB24DF802BCA8B043C292AB06D843C1E7FD5640280EA37","RENAMED","true","false","HOTFIX_5C2E4C1Y_E1_RADICAL_FORENSIC_SETUP.md","MANIFEST","India / sepoy classification from report content","Moved with git mv; historical content unchanged"
"docs/reports/hotfix/HOTFIX_5C2E4C1Y_E1_RADICAL_FORENSIC_SETUP.md","docs/reports/hotfix/india/sepoy/HOTFIX_5C2E4C1Y_E1_RADICAL_FORENSIC_SETUP.md","HOTFIX_5C2E4C1Y_E1_RADICAL_FORENSIC_SETUP.md","82E1D10098DAC3EBB37CD3DDB98546A7D5726733D08B094BEF6EA7D7E4A36EBE","82E1D10098DAC3EBB37CD3DDB98546A7D5726733D08B094BEF6EA7D7E4A36EBE","RENAMED","true","false","HOTFIX_5C2E4C1Y_E1_RADICAL_DIAGNOSTIC_MANIFEST.csv","FORENSIC_AUDIT","India / sepoy classification from report content","Moved with git mv; historical content unchanged"
"docs/reports/hotfix/HOTFIX_5C2E4C1Z_E1_RADICAL_DIAGNOSTIC_RESULTS.csv","docs/reports/hotfix/india/sepoy/HOTFIX_5C2E4C1Z_E1_RADICAL_DIAGNOSTIC_RESULTS.csv","HOTFIX_5C2E4C1Z_E1_RADICAL_DIAGNOSTIC_RESULTS.csv","CEFCBF5346CB180AE04B813A397EBAD44A0ECFF9415A4041E84559EADE8C7A8C","CEFCBF5346CB180AE04B813A397EBAD44A0ECFF9415A4041E84559EADE8C7A8C","RENAMED","true","false","HOTFIX_5C2E4C1Z_E1_RADICAL_DIAGNOSTIC_RUNTIME.md","RESULTS","India / sepoy classification from report content","Moved with git mv; historical content unchanged"
"docs/reports/hotfix/HOTFIX_5C2E4C1Z_E1_RADICAL_DIAGNOSTIC_RUNTIME.md","docs/reports/hotfix/india/sepoy/HOTFIX_5C2E4C1Z_E1_RADICAL_DIAGNOSTIC_RUNTIME.md","HOTFIX_5C2E4C1Z_E1_RADICAL_DIAGNOSTIC_RUNTIME.md","507661025826D086234966C2895CD37A5BBF95C57D603EB199718F30C2A2AF83","507661025826D086234966C2895CD37A5BBF95C57D603EB199718F30C2A2AF83","RENAMED","true","false","HOTFIX_5C2E4C1Z_E1_RADICAL_DIAGNOSTIC_RESULTS.csv","RUNTIME_TEST","India / sepoy classification from report content","Moved with git mv; historical content unchanged"
"docs/reports/hotfix/HOTFIX_DLC_UPSTREAM_CHANGE_AUDIT.md","docs/reports/hotfix/shared/HOTFIX_DLC_UPSTREAM_CHANGE_AUDIT.md","HOTFIX_DLC_UPSTREAM_CHANGE_AUDIT.md","83C15E41CAB3D736ED7D5A9F1DB42F4023AA0183D6460F9DC5A359B0402C37CD","83C15E41CAB3D736ED7D5A9F1DB42F4023AA0183D6460F9DC5A359B0402C37CD","RENAMED","true","false","","STATIC_AUDIT","Cross-regional or upstream reference","Moved with git mv; historical content unchanged"
