vanilla_tech,vanilla_unlock,unlock_type,relationship_type,target_integrated_tech,reason,risk,status,source_file,source_context
academia,state_education_access_wealth_add,modifier,MODIFIER,organized_elementary_schooling,Transferred to the closest integrated descendant of the split source.,LOW,ASSIGNED,common/technology/technologies/30_society.txt,222: technology modifier block
academia,empiricism,technology,PREREQUISITE,codified_practical_knowledge,Transferred to the closest integrated descendant of the split source.,LOW,ASSIGNED,common/technology/technologies/30_society.txt,367: academia
academia,medical_degrees,technology,PREREQUISITE,medical_degrees,Transferred to the closest integrated descendant of the split source.,LOW,ASSIGNED,common/technology/technologies/30_society.txt,326: academia
academia,romanticism,technology,PREREQUISITE,institutionalized_scientific_exchange,Transferred to the closest integrated descendant of the split source.,LOW,ASSIGNED,common/technology/technologies/30_society.txt,134: academia
academia,building_university,buildings,UNLOCK,institutionalized_scientific_exchange,Transferred to the closest integrated descendant of the split source.,HIGH,ASSIGNED,common/buildings/07_government.txt,44: academia
academia,je_british_dictate_universities,journal_entries,UNLOCK,organized_elementary_schooling,Transferred to the closest integrated descendant of the split source.,MEDIUM,ASSIGNED,common/journal_entries/04_india_british_dictates.txt,"348: icon = ""gfx/interface/icons/invention_icons/academia.dds"""
academia,law_private_schools,laws,UNLOCK,organized_elementary_schooling,Transferred to the closest integrated descendant of the split source.,HIGH,ASSIGNED,common/laws/00_education_system.txt,164: academia
academia,law_terakoya,laws,UNLOCK,institutionalized_scientific_exchange,Transferred to the closest integrated descendant of the split source.,HIGH,ASSIGNED,common/laws/00_education_system.txt,274: academia
admiralty,paddle_steamer,technology,PREREQUISITE,paddle_steamer,Transferred to the closest integrated descendant of the split source.,LOW,ASSIGNED,common/technology/technologies/20_military.txt,204: admiralty
admiralty,power_of_the_purse,technology,PREREQUISITE,state_dockyard_systems,Transferred to the closest integrated descendant of the split source.,LOW,ASSIGNED,common/technology/technologies/20_military.txt,403: admiralty
admiralty,building_naval_administration,buildings,UNLOCK,state_dockyard_systems,Transferred to the closest integrated descendant of the split source.,HIGH,ASSIGNED,common/buildings/05_military.txt,106: admiralty
army_reserves,country_general_rank_impact_mult,modifier,MODIFIER,corps_organization,Transferred to the closest integrated descendant of the split source.,LOW,ASSIGNED,common/technology/technologies/20_military.txt,158: technology modifier block
army_reserves,state_conscription_rate_mult,modifier,MODIFIER,corps_organization,Transferred to the closest integrated descendant of the split source.,LOW,ASSIGNED,common/technology/technologies/20_military.txt,158: technology modifier block
army_reserves,general_staff,technology,PREREQUISITE,general_staff,Transferred to the closest integrated descendant of the split source.,LOW,ASSIGNED,common/technology/technologies/20_military.txt,358: army_reserves
army_reserves,logistics,technology,PREREQUISITE,logistics,Transferred to the closest integrated descendant of the split source.,LOW,ASSIGNED,common/technology/technologies/20_military.txt,254: army_reserves
army_reserves,mobilization_option_extra_supplies,mobilization_options,UNLOCK,corps_organization,Transferred to the closest integrated descendant of the split source.,MEDIUM,ASSIGNED,common/mobilization_options/00_mobilization_option.txt,43: army_reserves
artillery,napoleonic_warfare,technology,PREREQUISITE,corps_organization,Transferred to the closest integrated descendant of the split source.,LOW,ASSIGNED,common/technology/technologies/20_military.txt,126: artillery
artillery,shell_gun,technology,PREREQUISITE,shell_gun,Transferred to the closest integrated descendant of the split source.,LOW,ASSIGNED,common/technology/technologies/20_military.txt,305: artillery
artillery,combat_unit_type_cannon_artillery,combat_unit_types,UNLOCK,standardized_field_artillery,Transferred to the closest integrated descendant of the split source.,HIGH,ASSIGNED,common/combat_unit_types/00_land_combat_unit_types.txt,406: unlocking_technologies = { artillery }
artillery,pm_cannons,production_methods,UNLOCK,standardized_field_artillery,Transferred to the closest integrated descendant of the split source.,HIGH,ASSIGNED,common/production_methods/01_industry.txt,2427: artillery
banking,country_loan_interest_rate_add,modifier,MODIFIER,institutionalized_public_credit,Transferred to the closest integrated descendant of the split source.,LOW,ASSIGNED,common/technology/technologies/30_society.txt,202: technology modifier block
banking,country_minting_mult,modifier,MODIFIER,institutionalized_public_credit,Transferred to the closest integrated descendant of the split source.,LOW,ASSIGNED,common/technology/technologies/30_society.txt,202: technology modifier block
banking,state_max_trade_advantage_from_capacity_add,modifier,MODIFIER,institutionalized_public_credit,Transferred to the closest integrated descendant of the split source.,LOW,ASSIGNED,common/technology/technologies/30_society.txt,202: technology modifier block
banking,central_banking,technology,PREREQUISITE,institutionalized_public_credit,Transferred to the closest integrated descendant of the split source.,LOW,ASSIGNED,common/technology/technologies/30_society.txt,604: banking
banking,joint_stock_companies,technology,PREREQUISITE,stock_exchange,Transferred to the closest integrated descendant of the split source.,LOW,ASSIGNED,common/technology/technologies/30_society.txt,623: banking
central_archives,on_researched,scripted_effect,EVENT_EFFECT,central_statistical_offices,Transferred to the closest integrated descendant of the split source.,MEDIUM,ASSIGNED,common/technology/technologies/30_society.txt,537: on_researched
central_archives,country_institution_home_affairs_max_investment_add,modifier,MODIFIER,central_statistical_offices,Transferred to the closest integrated descendant of the split source.,LOW,ASSIGNED,common/technology/technologies/30_society.txt,537: technology modifier block
central_archives,state_incorporation_speed_mult,modifier,MODIFIER,systematic_administrative_statistics,Transferred to the closest integrated descendant of the split source.,LOW,ASSIGNED,common/technology/technologies/30_society.txt,537: technology modifier block
central_archives,state_tax_capacity_add,modifier,MODIFIER,systematic_administrative_statistics,Transferred to the closest integrated descendant of the split source.,LOW,ASSIGNED,common/technology/technologies/30_society.txt,537: technology modifier block
central_archives,identification_documents,technology,PREREQUISITE,central_statistical_offices,Transferred to the closest integrated descendant of the split source.,LOW,ASSIGNED,common/technology/technologies/30_society.txt,1315: central_archives
central_archives,je_technocracy,journal_entries,UNLOCK,central_statistical_offices,Transferred to the closest integrated descendant of the split source.,MEDIUM,ASSIGNED,common/journal_entries/05_technocracy.txt,7: has_technology_researched = central_archives
central_archives,law_secret_police,laws,UNLOCK,professional_civil_policing,Transferred to the closest integrated descendant of the split source.,HIGH,ASSIGNED,common/laws/00_internal_security.txt,80: central_archives
central_archives,law_technocracy,laws,UNLOCK,central_statistical_offices,Transferred to the closest integrated descendant of the split source.,HIGH,ASSIGNED,common/laws/00_distribution_of_power.txt,274: central_archives
central_archives,pm_vertical_filing_cabinets,production_methods,UNLOCK,central_statistical_offices,Transferred to the closest integrated descendant of the split source.,HIGH,ASSIGNED,common/production_methods/07_government.txt,58: central_archives
central_banking,country_loan_interest_rate_add,modifier,MODIFIER,institutionalized_public_credit,Transferred to the closest integrated descendant of the split source.,LOW,ASSIGNED,common/technology/technologies/30_society.txt,592: technology modifier block
central_banking,country_minting_mult,modifier,MODIFIER,institutionalized_public_credit,Transferred to the closest integrated descendant of the split source.,LOW,ASSIGNED,common/technology/technologies/30_society.txt,592: technology modifier block
central_banking,state_max_trade_advantage_from_capacity_add,modifier,MODIFIER,institutionalized_public_credit,Transferred to the closest integrated descendant of the split source.,LOW,ASSIGNED,common/technology/technologies/30_society.txt,592: technology modifier block
central_banking,mutual_funds,technology,PREREQUISITE,institutionalized_public_credit,Transferred to the closest integrated descendant of the split source.,LOW,ASSIGNED,common/technology/technologies/30_society.txt,1231: central_banking
central_banking,fund_lobbies,diplomatic_actions,UNLOCK,institutionalized_public_credit,Transferred to the closest integrated descendant of the split source.,MEDIUM,ASSIGNED,common/diplomatic_actions/30_fund_lobby.txt,9: central_banking
central_banking,money_transfer,treaty_articles,UNLOCK,institutionalized_public_credit,Transferred to the closest integrated descendant of the split source.,MEDIUM,ASSIGNED,common/treaty_articles/05_transfer_money.txt,23: central_banking
central_banking,take_on_debt,treaty_articles,UNLOCK,institutionalized_public_credit,Transferred to the closest integrated descendant of the split source.,MEDIUM,ASSIGNED,common/treaty_articles/04_take_on_debt.txt,15: central_banking
centralization,country_institution_home_affairs_max_investment_add,modifier,MODIFIER,systematic_administrative_statistics,Transferred to the closest integrated descendant of the split source.,LOW,ASSIGNED,common/technology/technologies/30_society.txt,158: technology modifier block
centralization,state_incorporation_speed_mult,modifier,MODIFIER,systematic_administrative_statistics,Transferred to the closest integrated descendant of the split source.,LOW,ASSIGNED,common/technology/technologies/30_society.txt,158: technology modifier block
centralization,state_tax_capacity_add,modifier,MODIFIER,systematic_administrative_statistics,Transferred to the closest integrated descendant of the split source.,LOW,ASSIGNED,common/technology/technologies/30_society.txt,158: technology modifier block
centralization,central_archives,technology,PREREQUISITE,systematic_administrative_statistics,Transferred to the closest integrated descendant of the split source.,LOW,ASSIGNED,common/technology/technologies/30_society.txt,551: centralization
centralization,currency_standards,technology,PREREQUISITE,systematic_administrative_statistics,Transferred to the closest integrated descendant of the split source.,LOW,ASSIGNED,common/technology/technologies/30_society.txt,87: centralization
centralization,decree_emergency_relief,decrees,UNLOCK,systematic_administrative_statistics,Transferred to the closest integrated descendant of the split source.,MEDIUM,ASSIGNED,common/decrees/00_decree.txt,147: centralization
centralization,decree_road_maintenance,decrees,UNLOCK,systematic_administrative_statistics,Transferred to the closest integrated descendant of the split source.,MEDIUM,ASSIGNED,common/decrees/00_decree.txt,18: centralization
centralization,je_age_of_princes,journal_entries,UNLOCK,systematic_administrative_statistics,Transferred to the closest integrated descendant of the split source.,MEDIUM,ASSIGNED,common/journal_entries/00_ethiopia.txt,15: has_technology_researched = centralization
centralization,pm_horizontal_drawer_cabinets,production_methods,UNLOCK,systematic_population_registration,Transferred to the closest integrated descendant of the split source.,HIGH,ASSIGNED,common/production_methods/07_government.txt,29: centralization
currency_standards,banking,technology,PREREQUISITE,scientific_metrology,Transferred to the closest integrated descendant of the split source.,LOW,ASSIGNED,common/technology/technologies/30_society.txt,214: currency_standards
currency_standards,law_per_capita_based_taxation,laws,UNLOCK,scientific_metrology,Transferred to the closest integrated descendant of the split source.,HIGH,ASSIGNED,common/laws/00_taxation.txt,111: currency_standards
democracy,country_institution_social_security_max_investment_add,modifier,MODIFIER,constitutional_government,Transferred to the closest integrated descendant of the split source.,LOW,ASSIGNED,common/technology/technologies/30_society.txt,100: technology modifier block
democracy,egalitarianism,technology,PREREQUISITE,human_rights,Transferred to the closest integrated descendant of the split source.,LOW,ASSIGNED,common/technology/technologies/30_society.txt,392: democracy
democracy,mass_communication,technology,PREREQUISITE,periodical_print_networks,Transferred to the closest integrated descendant of the split source.,LOW,ASSIGNED,common/technology/technologies/30_society.txt,345: democracy
democracy,je_liberalism_1,journal_entries,UNLOCK,constitutional_government,Transferred to the closest integrated descendant of the split source.,MEDIUM,ASSIGNED,common/journal_entries/00_liberalism.txt,9: has_technology_researched = democracy
democracy,law_census_voting,laws,UNLOCK,constitutional_government,Transferred to the closest integrated descendant of the split source.,HIGH,ASSIGNED,common/laws/00_distribution_of_power.txt,894: democracy
democracy,law_landed_voting,laws,UNLOCK,constitutional_government,Transferred to the closest integrated descendant of the split source.,HIGH,ASSIGNED,common/laws/00_distribution_of_power.txt,614: democracy
democracy,law_parliamentary_republic,laws,UNLOCK,constitutional_government,Transferred to the closest integrated descendant of the split source.,HIGH,ASSIGNED,common/laws/00_governance_principles.txt,500: democracy
democracy,law_poor_laws,laws,UNLOCK,constitutional_government,Transferred to the closest integrated descendant of the split source.,HIGH,ASSIGNED,common/laws/00_welfare.txt,81: democracy
democracy,law_presidential_republic,laws,UNLOCK,constitutional_government,Transferred to the closest integrated descendant of the split source.,HIGH,ASSIGNED,common/laws/00_governance_principles.txt,342: democracy
democracy,law_wealth_voting,laws,UNLOCK,constitutional_government,Transferred to the closest integrated descendant of the split source.,HIGH,ASSIGNED,common/laws/00_distribution_of_power.txt,753: democracy
drydocks,hydraulic_cranes,technology,PREREQUISITE,mechanized_naval_dockyards,Transferred to the closest integrated descendant of the split source.,LOW,ASSIGNED,common/technology/technologies/20_military.txt,418: drydocks
drydocks,ship_type_ship_of_the_line,ship_types,UNLOCK,state_dockyard_systems,Transferred to the closest integrated descendant of the split source.,HIGH,ASSIGNED,common/ship_types/00_ship_types.txt,54: unlocking_technologies = { drydocks }
empiricism,country_diplomatic_play_maneuvers_mult,modifier,MODIFIER,institutionalized_scientific_exchange,Transferred to the closest integrated descendant of the split source.,LOW,ASSIGNED,common/technology/technologies/30_society.txt,353: technology modifier block
empiricism,country_influence_mult,modifier,MODIFIER,institutionalized_scientific_exchange,Transferred to the closest integrated descendant of the split source.,LOW,ASSIGNED,common/technology/technologies/30_society.txt,353: technology modifier block
empiricism,country_institution_schools_max_investment_add,modifier,MODIFIER,organized_elementary_schooling,Transferred to the closest integrated descendant of the split source.,LOW,ASSIGNED,common/technology/technologies/30_society.txt,353: technology modifier block
empiricism,state_education_access_wealth_add,modifier,MODIFIER,organized_elementary_schooling,Transferred to the closest integrated descendant of the split source.,LOW,ASSIGNED,common/technology/technologies/30_society.txt,353: technology modifier block
empiricism,dialectics,technology,PREREQUISITE,early_socialism_cooperativism,Transferred to the closest integrated descendant of the split source.,LOW,ASSIGNED,common/technology/technologies/30_society.txt,644: empiricism
empiricism,psychiatry,technology,PREREQUISITE,medical_degrees,Transferred to the closest integrated descendant of the split source.,LOW,ASSIGNED,common/technology/technologies/30_society.txt,664: empiricism
empiricism,law_public_schools,laws,UNLOCK,organized_elementary_schooling,Transferred to the closest integrated descendant of the split source.,HIGH,ASSIGNED,common/laws/00_education_system.txt,307: empiricism
empiricism,law_state_atheism,laws,UNLOCK,institutionalized_scientific_exchange,Transferred to the closest integrated descendant of the split source.,HIGH,ASSIGNED,common/laws/00_church_and_state.txt,527: empiricism
empiricism,law_total_separation,laws,UNLOCK,institutionalized_scientific_exchange,Transferred to the closest integrated descendant of the split source.,HIGH,ASSIGNED,common/laws/00_church_and_state.txt,451: empiricism
empiricism,liberal_party,parties,UNLOCK,institutionalized_scientific_exchange,Transferred to the closest integrated descendant of the split source.,MEDIUM,ASSIGNED,common/parties/liberal_party.txt,392: empiricism
gunsmithing,artillery,technology,PREREQUISITE,standardized_field_artillery,Transferred to the closest integrated descendant of the split source.,LOW,ASSIGNED,common/technology/technologies/20_military.txt,92: gunsmithing
gunsmithing,percussion_cap,technology,PREREQUISITE,percussion_cap,Transferred to the closest integrated descendant of the split source.,LOW,ASSIGNED,common/technology/technologies/20_military.txt,321: gunsmithing
gunsmithing,building_arms_industry,buildings,UNLOCK,regulated_small_arms,Transferred to the closest integrated descendant of the split source.,HIGH,ASSIGNED,common/buildings/01_industry.txt,421: gunsmithing
gunsmithing,building_artillery_foundry,buildings,UNLOCK,regulated_small_arms,Transferred to the closest integrated descendant of the split source.,HIGH,ASSIGNED,common/buildings/01_industry.txt,444: gunsmithing
gunsmithing,company_famae,company_types,UNLOCK,regulated_small_arms,Transferred to the closest integrated descendant of the split source.,MEDIUM,ASSIGNED,common/company_types/00_companies_americas.txt,513: has_technology_researched = gunsmithing
gunsmithing,company_trubia,company_types,UNLOCK,regulated_small_arms,Transferred to the closest integrated descendant of the split source.,MEDIUM,ASSIGNED,common/company_types/00_companies_europe.txt,1495: has_technology_researched = gunsmithing
gunsmithing,company_zastava,company_types,UNLOCK,regulated_small_arms,Transferred to the closest integrated descendant of the split source.,MEDIUM,ASSIGNED,common/company_types/00_companies_europe.txt,1575: has_technology_researched = gunsmithing
intensive_agriculture,improved_fertilizer,technology,PREREQUISITE,industrial_acids,Transferred to the closest integrated descendant of the split source.,LOW,ASSIGNED,common/technology/technologies/10_production.txt,452: intensive_agriculture
intensive_agriculture,nitroglycerin,technology,PREREQUISITE,industrial_acids,Transferred to the closest integrated descendant of the split source.,LOW,ASSIGNED,common/technology/technologies/10_production.txt,351: intensive_agriculture
intensive_agriculture,steam_donkey,technology,PREREQUISITE,deep_mine_engineering,Transferred to the closest integrated descendant of the split source.,LOW,ASSIGNED,common/technology/technologies/10_production.txt,468: intensive_agriculture
intensive_agriculture,building_chemical_plant,buildings,UNLOCK,industrial_acids,Transferred to the closest integrated descendant of the split source.,HIGH,ASSIGNED,common/buildings/01_industry.txt,158: intensive_agriculture
intensive_agriculture,building_explosives_factory,buildings,UNLOCK,industrial_acids,Transferred to the closest integrated descendant of the split source.,HIGH,ASSIGNED,common/buildings/01_industry.txt,191: intensive_agriculture
intensive_agriculture,je_agricultural_development,journal_entries,UNLOCK,advanced_crop_rotations,Transferred to the closest integrated descendant of the split source.,MEDIUM,ASSIGNED,common/journal_entries/02_coffee_and_milk.txt,17: has_technology_researched = intensive_agriculture
intensive_agriculture,pm_sheep_farms,production_methods,UNLOCK,selective_breeding,Transferred to the closest integrated descendant of the split source.,HIGH,ASSIGNED,common/production_methods/02_agro.txt,471: intensive_agriculture
intensive_agriculture,pm_soil_enriching_farming,production_methods,UNLOCK,advanced_crop_rotations,Transferred to the closest integrated descendant of the split source.,HIGH,ASSIGNED,common/production_methods/02_agro.txt,46: intensive_agriculture
intensive_agriculture,pm_soil_enriching_farming_building_rice_farm,production_methods,UNLOCK,advanced_crop_rotations,Transferred to the closest integrated descendant of the split source.,HIGH,ASSIGNED,common/production_methods/02_agro.txt,324: intensive_agriculture
international_relations,colonization,technology,PREREQUISITE,international_relations,TECH1A marked the old scientific-exchange match NAME_COLLISION_ONLY; the vanilla diplomatic node and all its unlocks are preserved.,LOW,RESTORED_VANILLA_NODE,common/technology/technologies/30_society.txt,255: international_relations
international_relations,nationalism,technology,PREREQUISITE,international_relations,TECH1A marked the old scientific-exchange match NAME_COLLISION_ONLY; the vanilla diplomatic node and all its unlocks are preserved.,LOW,RESTORED_VANILLA_NODE,common/technology/technologies/30_society.txt,705: international_relations
international_relations,rivalry,diplomatic_actions,UNLOCK,international_relations,TECH1A marked the old scientific-exchange match NAME_COLLISION_ONLY; the vanilla diplomatic node and all its unlocks are preserved.,MEDIUM,RESTORED_VANILLA_NODE,common/diplomatic_actions/12_rivalry.txt,9: international_relations
international_relations,abandon_piracy,treaty_articles,UNLOCK,international_relations,TECH1A marked the old scientific-exchange match NAME_COLLISION_ONLY; the vanilla diplomatic node and all its unlocks are preserved.,MEDIUM,RESTORED_VANILLA_NODE,common/treaty_articles/36_abandon_piracy.txt,22: international_relations
international_relations,alliance,treaty_articles,UNLOCK,international_relations,TECH1A marked the old scientific-exchange match NAME_COLLISION_ONLY; the vanilla diplomatic node and all its unlocks are preserved.,MEDIUM,RESTORED_VANILLA_NODE,common/treaty_articles/00_alliance.txt,29: international_relations
international_relations,defensive_pact,treaty_articles,UNLOCK,international_relations,TECH1A marked the old scientific-exchange match NAME_COLLISION_ONLY; the vanilla diplomatic node and all its unlocks are preserved.,MEDIUM,RESTORED_VANILLA_NODE,common/treaty_articles/01_defensive_pact.txt,28: international_relations
international_relations,guarantee_independence,treaty_articles,UNLOCK,international_relations,TECH1A marked the old scientific-exchange match NAME_COLLISION_ONLY; the vanilla diplomatic node and all its unlocks are preserved.,MEDIUM,RESTORED_VANILLA_NODE,common/treaty_articles/02_guarantee_independence.txt,29: international_relations
international_relations,host_power_bloc_embassy,treaty_articles,UNLOCK,international_relations,TECH1A marked the old scientific-exchange match NAME_COLLISION_ONLY; the vanilla diplomatic node and all its unlocks are preserved.,MEDIUM,RESTORED_VANILLA_NODE,common/treaty_articles/10_host_power_bloc_embassy.txt,23: international_relations
international_relations,law_commitment,treaty_articles,UNLOCK,international_relations,TECH1A marked the old scientific-exchange match NAME_COLLISION_ONLY; the vanilla diplomatic node and all its unlocks are preserved.,MEDIUM,RESTORED_VANILLA_NODE,common/treaty_articles/20_law_commitment.txt,22: international_relations
international_relations,military_access,treaty_articles,UNLOCK,international_relations,TECH1A marked the old scientific-exchange match NAME_COLLISION_ONLY; the vanilla diplomatic node and all its unlocks are preserved.,MEDIUM,RESTORED_VANILLA_NODE,common/treaty_articles/15_military_access.txt,26: international_relations
international_relations,no_strait_closure,treaty_articles,UNLOCK,international_relations,TECH1A marked the old scientific-exchange match NAME_COLLISION_ONLY; the vanilla diplomatic node and all its unlocks are preserved.,MEDIUM,RESTORED_VANILLA_NODE,common/treaty_articles/34_no_strait_closure.txt,25: international_relations
international_relations,no_tolls,treaty_articles,UNLOCK,international_relations,TECH1A marked the old scientific-exchange match NAME_COLLISION_ONLY; the vanilla diplomatic node and all its unlocks are preserved.,MEDIUM,RESTORED_VANILLA_NODE,common/treaty_articles/32_no_tolls.txt,25: international_relations
international_relations,non_piracy_agreement,treaty_articles,UNLOCK,international_relations,TECH1A marked the old scientific-exchange match NAME_COLLISION_ONLY; the vanilla diplomatic node and all its unlocks are preserved.,MEDIUM,RESTORED_VANILLA_NODE,common/treaty_articles/35_non_piracy_agreement.txt,22: international_relations
international_relations,strait_access,treaty_articles,UNLOCK,international_relations,TECH1A marked the old scientific-exchange match NAME_COLLISION_ONLY; the vanilla diplomatic node and all its unlocks are preserved.,MEDIUM,RESTORED_VANILLA_NODE,common/treaty_articles/33_strait_access.txt,26: international_relations
international_relations,support_independence,treaty_articles,UNLOCK,international_relations,TECH1A marked the old scientific-exchange match NAME_COLLISION_ONLY; the vanilla diplomatic node and all its unlocks are preserved.,MEDIUM,RESTORED_VANILLA_NODE,common/treaty_articles/03_support_independence.txt,33: international_relations
international_relations,toll_exemption,treaty_articles,UNLOCK,international_relations,TECH1A marked the old scientific-exchange match NAME_COLLISION_ONLY; the vanilla diplomatic node and all its unlocks are preserved.,MEDIUM,RESTORED_VANILLA_NODE,common/treaty_articles/31_toll_exemption.txt,26: international_relations
international_relations,trade_privilege,treaty_articles,UNLOCK,international_relations,TECH1A marked the old scientific-exchange match NAME_COLLISION_ONLY; the vanilla diplomatic node and all its unlocks are preserved.,MEDIUM,RESTORED_VANILLA_NODE,common/treaty_articles/25_trade_privilege.txt,26: international_relations
international_relations,transit_rights,treaty_articles,UNLOCK,international_relations,TECH1A marked the old scientific-exchange match NAME_COLLISION_ONLY; the vanilla diplomatic node and all its unlocks are preserved.,MEDIUM,RESTORED_VANILLA_NODE,common/treaty_articles/24_transit_rights.txt,25: international_relations
international_trade,currency_standards,technology,PREREQUISITE,scientific_metrology,Transferred to the closest integrated descendant of the split source.,LOW,ASSIGNED,common/technology/technologies/30_society.txt,86: international_trade
international_trade,stock_exchange,technology,PREREQUISITE,stock_exchange,Transferred to the closest integrated descendant of the split source.,LOW,ASSIGNED,common/technology/technologies/30_society.txt,307: international_trade
international_trade,embargo,diplomatic_actions,UNLOCK,commercial_insurance_markets,Transferred to the closest integrated descendant of the split source.,MEDIUM,ASSIGNED,common/diplomatic_actions/13_embargo.txt,9: international_trade
international_trade,je_liberalism_1,journal_entries,UNLOCK,commercial_insurance_markets,Transferred to the closest integrated descendant of the split source.,MEDIUM,ASSIGNED,common/journal_entries/00_liberalism.txt,10: has_technology_researched = international_trade
international_trade,law_free_trade,laws,UNLOCK,commercial_insurance_markets,Transferred to the closest integrated descendant of the split source.,HIGH,ASSIGNED,common/laws/00_trade_policy.txt,108: international_trade
international_trade,law_laissez_faire,laws,UNLOCK,commercial_insurance_markets,Transferred to the closest integrated descendant of the split source.,HIGH,ASSIGNED,common/laws/00_economic_system.txt,470: international_trade
international_trade,law_mercantilism,laws,UNLOCK,commercial_insurance_markets,Transferred to the closest integrated descendant of the split source.,HIGH,ASSIGNED,common/laws/00_trade_policy.txt,13: international_trade
international_trade,goods_transfer,treaty_articles,UNLOCK,commercial_insurance_markets,Transferred to the closest integrated descendant of the split source.,MEDIUM,ASSIGNED,common/treaty_articles/13_goods_transfer.txt,21: international_trade
international_trade,no_subventions,treaty_articles,UNLOCK,commercial_insurance_markets,Transferred to the closest integrated descendant of the split source.,MEDIUM,ASSIGNED,common/treaty_articles/26_no_subventions.txt,26: international_trade
international_trade,no_tariffs,treaty_articles,UNLOCK,commercial_insurance_markets,Transferred to the closest integrated descendant of the split source.,MEDIUM,ASSIGNED,common/treaty_articles/21_no_tariffs.txt,27: international_trade
international_trade,prohibit_trade_with_global_market,treaty_articles,UNLOCK,commercial_insurance_markets,Transferred to the closest integrated descendant of the split source.,MEDIUM,ASSIGNED,common/treaty_articles/17_prohibit_trade_with_global_market.txt,26: international_trade
line_infantry,army_reserves,technology,PREREQUISITE,regulated_small_arms,Transferred to the closest integrated descendant of the split source.,LOW,ASSIGNED,common/technology/technologies/20_military.txt,169: line_infantry
line_infantry,napoleonic_warfare,technology,PREREQUISITE,corps_organization,Transferred to the closest integrated descendant of the split source.,LOW,ASSIGNED,common/technology/technologies/20_military.txt,125: line_infantry
line_infantry,combat_unit_type_cuirassiers,combat_unit_types,UNLOCK,regulated_small_arms,Transferred to the closest integrated descendant of the split source.,HIGH,ASSIGNED,common/combat_unit_types/00_land_combat_unit_types.txt,815: unlocking_technologies = { line_infantry }
line_infantry,combat_unit_type_dragoons,combat_unit_types,UNLOCK,regulated_small_arms,Transferred to the closest integrated descendant of the split source.,HIGH,ASSIGNED,common/combat_unit_types/00_land_combat_unit_types.txt,756: unlocking_technologies = { line_infantry }
line_infantry,combat_unit_type_line_infantry,combat_unit_types,UNLOCK,regulated_small_arms,Transferred to the closest integrated descendant of the split source.,HIGH,ASSIGNED,common/combat_unit_types/00_land_combat_unit_types.txt,101: unlocking_technologies = { line_infantry }
line_infantry,combat_unit_type_low_tier_marines,combat_unit_types,UNLOCK,regulated_small_arms,Transferred to the closest integrated descendant of the split source.,HIGH,ASSIGNED,common/combat_unit_types/00_land_combat_unit_types.txt,971: unlocking_technologies = { line_infantry }
mandatory_service,country_general_rank_impact_mult,modifier,MODIFIER,corps_organization,Transferred to the closest integrated descendant of the split source.,LOW,ASSIGNED,common/technology/technologies/20_military.txt,48: technology modifier block
mandatory_service,state_conscription_rate_mult,modifier,MODIFIER,corps_organization,Transferred to the closest integrated descendant of the split source.,LOW,ASSIGNED,common/technology/technologies/20_military.txt,48: technology modifier block
mandatory_service,line_infantry,technology,PREREQUISITE,corps_organization,Transferred to the closest integrated descendant of the split source.,LOW,ASSIGNED,common/technology/technologies/20_military.txt,184: mandatory_service
mandatory_service,decree_enlistment_efforts,decrees,UNLOCK,corps_organization,Transferred to the closest integrated descendant of the split source.,MEDIUM,ASSIGNED,common/decrees/00_decree.txt,937: mandatory_service
mandatory_service,je_british_dictate_military,journal_entries,UNLOCK,corps_organization,Transferred to the closest integrated descendant of the split source.,MEDIUM,ASSIGNED,common/journal_entries/04_india_british_dictates.txt,"149: icon = ""gfx/interface/icons/invention_icons/mandatory_service.dds"""
mandatory_service,law_national_militia,laws,UNLOCK,corps_organization,Transferred to the closest integrated descendant of the split source.,HIGH,ASSIGNED,common/laws/00_army_model.txt,209: unlocking_technologies = { mandatory_service }
manufacturies,cotton_gin,technology,PREREQUISITE,interchangeable_manufacture,Transferred to the closest integrated descendant of the split source.,LOW,ASSIGNED,common/technology/technologies/10_production.txt,68: manufacturies
manufacturies,distillation,technology,PREREQUISITE,interchangeable_manufacture,Transferred to the closest integrated descendant of the split source.,LOW,ASSIGNED,common/technology/technologies/10_production.txt,110: manufacturies
manufacturies,shaft_mining,technology,PREREQUISITE,interchangeable_manufacture,Transferred to the closest integrated descendant of the split source.,LOW,ASSIGNED,common/technology/technologies/10_production.txt,50: manufacturies
manufacturies,building_food_industry,buildings,UNLOCK,interchangeable_manufacture,Transferred to the closest integrated descendant of the split source.,HIGH,ASSIGNED,common/buildings/01_industry.txt,12: manufacturies
manufacturies,building_furniture_manufactory,buildings,UNLOCK,interchangeable_manufacture,Transferred to the closest integrated descendant of the split source.,HIGH,ASSIGNED,common/buildings/01_industry.txt,63: manufacturies
manufacturies,building_glassworks,buildings,UNLOCK,pressed_glass,Transferred to the closest integrated descendant of the split source.,HIGH,ASSIGNED,common/buildings/01_industry.txt,85: manufacturies
manufacturies,building_paper_mill,buildings,UNLOCK,continuous_papermaking,Transferred to the closest integrated descendant of the split source.,HIGH,ASSIGNED,common/buildings/01_industry.txt,135: manufacturies
manufacturies,building_textile_mill,buildings,UNLOCK,mechanized_weaving,Transferred to the closest integrated descendant of the split source.,HIGH,ASSIGNED,common/buildings/01_industry.txt,38: manufacturies
manufacturies,building_tooling_workshop,buildings,UNLOCK,mechanical_tools,Transferred to the closest integrated descendant of the split source.,HIGH,ASSIGNED,common/buildings/01_industry.txt,108: manufacturies
manufacturies,decree_encourage_manufacturing_industry,decrees,UNLOCK,interchangeable_manufacture,Transferred to the closest integrated descendant of the split source.,MEDIUM,ASSIGNED,common/decrees/00_decree.txt,579: manufacturies
manufacturies,je_spa_economic_regeneration_light_industry,journal_entries,UNLOCK,interchangeable_manufacture,Transferred to the closest integrated descendant of the split source.,MEDIUM,ASSIGNED,common/journal_entries/06_economic_regeneration.txt,"421: icon = ""gfx/interface/icons/invention_icons/manufacturies.dds"""
manufacturies,law_interventionism,laws,UNLOCK,interchangeable_manufacture,Transferred to the closest integrated descendant of the split source.,HIGH,ASSIGNED,common/laws/00_economic_system.txt,75: manufacturies
mass_communication,country_authority_mult,modifier,MODIFIER,periodical_print_networks,Transferred to the closest integrated descendant of the split source.,LOW,ASSIGNED,common/technology/technologies/30_society.txt,334: technology modifier block
mass_communication,country_voting_power_mult,modifier,MODIFIER,periodical_print_networks,Transferred to the closest integrated descendant of the split source.,LOW,ASSIGNED,common/technology/technologies/30_society.txt,334: technology modifier block
mass_communication,labor_movement,technology,PREREQUISITE,periodical_print_networks,Transferred to the closest integrated descendant of the split source.,LOW,ASSIGNED,common/technology/technologies/30_society.txt,766: mass_communication
mass_communication,nationalism,technology,PREREQUISITE,periodical_print_networks,Transferred to the closest integrated descendant of the split source.,LOW,ASSIGNED,common/technology/technologies/30_society.txt,704: mass_communication
mass_communication,je_springtime_of_the_peoples,journal_entries,UNLOCK,periodical_print_networks,Transferred to the closest integrated descendant of the split source.,MEDIUM,ASSIGNED,common/journal_entries/00_peoples_springtime_je.txt,24: has_technology_researched = mass_communication
mechanized_workshops,building_economy_of_scale_level_cap_add,modifier,MODIFIER,interchangeable_manufacture,Transferred to the closest integrated descendant of the split source.,LOW,ASSIGNED,common/technology/technologies/10_production.txt,398: technology modifier block
mechanized_workshops,shift_work,technology,PREREQUISITE,interchangeable_manufacture,Transferred to the closest integrated descendant of the split source.,LOW,ASSIGNED,common/technology/technologies/10_production.txt,690: mechanized_workshops
mechanized_workshops,vacuum_canning,technology,PREREQUISITE,interchangeable_manufacture,Transferred to the closest integrated descendant of the split source.,LOW,ASSIGNED,common/technology/technologies/10_production.txt,672: mechanized_workshops
mechanized_workshops,coffee_plantation_mechanical_drying,production_methods,UNLOCK,interchangeable_manufacture,Transferred to the closest integrated descendant of the split source.,HIGH,ASSIGNED,common/production_methods/04_plantations.txt,111: mechanized_workshops
mechanized_workshops,coffee_plantation_wet_process_mechanical,production_methods,UNLOCK,interchangeable_manufacture,Transferred to the closest integrated descendant of the split source.,HIGH,ASSIGNED,common/production_methods/04_plantations.txt,60: mechanized_workshops
mechanized_workshops,pm_mechanized_looms,production_methods,UNLOCK,mechanized_weaving,Transferred to the closest integrated descendant of the split source.,HIGH,ASSIGNED,common/production_methods/01_industry.txt,441: mechanized_workshops
mechanized_workshops,pm_mechanized_workshops,production_methods,UNLOCK,interchangeable_manufacture,Transferred to the closest integrated descendant of the split source.,HIGH,ASSIGNED,common/production_methods/01_industry.txt,541: mechanized_workshops
mechanized_workshops,pm_sewing_machines,production_methods,UNLOCK,mechanized_weaving,Transferred to the closest integrated descendant of the split source.,HIGH,ASSIGNED,common/production_methods/01_industry.txt,322: mechanized_workshops
napoleonic_warfare,field_works,technology,PREREQUISITE,corps_organization,Transferred to the closest integrated descendant of the split source.,LOW,ASSIGNED,common/technology/technologies/20_military.txt,233: napoleonic_warfare
napoleonic_warfare,logistics,technology,PREREQUISITE,logistics,Transferred to the closest integrated descendant of the split source.,LOW,ASSIGNED,common/technology/technologies/20_military.txt,253: napoleonic_warfare
napoleonic_warfare,combat_unit_type_lancers,combat_unit_types,UNLOCK,corps_organization,Transferred to the closest integrated descendant of the split source.,HIGH,ASSIGNED,common/combat_unit_types/00_land_combat_unit_types.txt,877: unlocking_technologies = { napoleonic_warfare }
napoleonic_warfare,combat_unit_type_mobile_artillery,combat_unit_types,UNLOCK,horse_artillery,Transferred to the closest integrated descendant of the split source.,HIGH,ASSIGNED,common/combat_unit_types/00_land_combat_unit_types.txt,471: unlocking_technologies = { napoleonic_warfare }
napoleonic_warfare,je_meiji_army,journal_entries,UNLOCK,corps_organization,Transferred to the closest integrated descendant of the split source.,MEDIUM,ASSIGNED,common/journal_entries/00_meiji_restoration.txt,803: has_technology_researched = napoleonic_warfare
napoleonic_warfare,je_sick_man_army,journal_entries,UNLOCK,corps_organization,Transferred to the closest integrated descendant of the split source.,MEDIUM,ASSIGNED,common/journal_entries/00_sick_man.txt,405: has_technology_researched = napoleonic_warfare
nationalism,country_authority_mult,modifier,MODIFIER,VANILLA_PRESERVED:nationalism,Mature vanilla content remains on its original post-1836 node; only the early antecedent is represented in this half-tree.,LOW,PRESERVE_ON_POST_1836_VANILLA,common/technology/technologies/30_society.txt,691: technology modifier block
nationalism,country_voting_power_mult,modifier,MODIFIER,VANILLA_PRESERVED:nationalism,Mature vanilla content remains on its original post-1836 node; only the early antecedent is represented in this half-tree.,LOW,PRESERVE_ON_POST_1836_VANILLA,common/technology/technologies/30_society.txt,691: technology modifier block
nationalism,civilizing_mission,technology,PREREQUISITE,VANILLA_PRESERVED:nationalism,Mature vanilla content remains on its original post-1836 node; only the early antecedent is represented in this half-tree.,LOW,PRESERVE_ON_POST_1836_VANILLA,common/technology/technologies/30_society.txt,966: nationalism
nationalism,corporatism,technology,PREREQUISITE,VANILLA_PRESERVED:nationalism,Mature vanilla content remains on its original post-1836 node; only the early antecedent is represented in this half-tree.,LOW,PRESERVE_ON_POST_1836_VANILLA,common/technology/technologies/30_society.txt,1156: nationalism
nationalism,organized_sports,technology,PREREQUISITE,VANILLA_PRESERVED:nationalism,Mature vanilla content remains on its original post-1836 node; only the early antecedent is represented in this half-tree.,LOW,PRESERVE_ON_POST_1836_VANILLA,common/technology/technologies/30_society.txt,529: nationalism
nationalism,pan-nationalism,technology,PREREQUISITE,VANILLA_PRESERVED:nationalism,Mature vanilla content remains on its original post-1836 node; only the early antecedent is represented in this half-tree.,LOW,PRESERVE_ON_POST_1836_VANILLA,common/technology/technologies/30_society.txt,1194: nationalism
nationalism,decree_promote_national_values,decrees,UNLOCK,VANILLA_PRESERVED:nationalism,Mature vanilla content remains on its original post-1836 node; only the early antecedent is represented in this half-tree.,MEDIUM,PRESERVE_ON_POST_1836_VANILLA,common/decrees/00_decree.txt,303: nationalism
nationalism,support_separatism,diplomatic_actions,UNLOCK,VANILLA_PRESERVED:nationalism,Mature vanilla content remains on its original post-1836 node; only the early antecedent is represented in this half-tree.,MEDIUM,PRESERVE_ON_POST_1836_VANILLA,common/diplomatic_actions/52_nationalism_actions.txt,13: nationalism
nationalism,je_alaska,journal_entries,UNLOCK,VANILLA_PRESERVED:nationalism,Mature vanilla content remains on its original post-1836 node; only the early antecedent is represented in this half-tree.,MEDIUM,PRESERVE_ON_POST_1836_VANILLA,common/journal_entries/00_alaska.txt,125: has_technology_researched = nationalism
nationalism,je_australia_aus,journal_entries,UNLOCK,VANILLA_PRESERVED:nationalism,Mature vanilla content remains on its original post-1836 node; only the early antecedent is represented in this half-tree.,MEDIUM,PRESERVE_ON_POST_1836_VANILLA,common/journal_entries/00_canada_australia.txt,171: has_technology_researched = nationalism
nationalism,je_australia_gbr,journal_entries,UNLOCK,VANILLA_PRESERVED:nationalism,Mature vanilla content remains on its original post-1836 node; only the early antecedent is represented in this half-tree.,MEDIUM,PRESERVE_ON_POST_1836_VANILLA,common/journal_entries/00_canada_australia.txt,215: has_technology_researched = nationalism
nationalism,je_autocracy,journal_entries,UNLOCK,VANILLA_PRESERVED:nationalism,Mature vanilla content remains on its original post-1836 node; only the early antecedent is represented in this half-tree.,MEDIUM,PRESERVE_ON_POST_1836_VANILLA,common/journal_entries/00_autocracy.txt,16: has_technology_researched = nationalism
nationalism,je_balkan_national_awakenings,journal_entries,UNLOCK,VANILLA_PRESERVED:nationalism,Mature vanilla content remains on its original post-1836 node; only the early antecedent is represented in this half-tree.,MEDIUM,PRESERVE_ON_POST_1836_VANILLA,common/journal_entries/05_balkan_national_awakening.txt,12: has_technology_researched = nationalism
nationalism,je_boxer_rebellion,journal_entries,UNLOCK,VANILLA_PRESERVED:nationalism,Mature vanilla content remains on its original post-1836 node; only the early antecedent is represented in this half-tree.,MEDIUM,PRESERVE_ON_POST_1836_VANILLA,common/journal_entries/00_boxer_rebellion.txt,13: has_technology_researched = nationalism
nationalism,je_brazilian_nation_building,journal_entries,UNLOCK,VANILLA_PRESERVED:nationalism,Mature vanilla content remains on its original post-1836 node; only the early antecedent is represented in this half-tree.,MEDIUM,PRESERVE_ON_POST_1836_VANILLA,common/journal_entries/02_brazilian_nation_building.txt,31: has_technology_researched = nationalism
nationalism,je_canada_can,journal_entries,UNLOCK,VANILLA_PRESERVED:nationalism,Mature vanilla content remains on its original post-1836 node; only the early antecedent is represented in this half-tree.,MEDIUM,PRESERVE_ON_POST_1836_VANILLA,common/journal_entries/00_canada_australia.txt,22: has_technology_researched = nationalism
nationalism,je_canada_gbr,journal_entries,UNLOCK,VANILLA_PRESERVED:nationalism,Mature vanilla content remains on its original post-1836 node; only the early antecedent is represented in this half-tree.,MEDIUM,PRESERVE_ON_POST_1836_VANILLA,common/journal_entries/00_canada_australia.txt,107: has_technology_researched = nationalism
nationalism,je_christ_of_nations,journal_entries,UNLOCK,VANILLA_PRESERVED:nationalism,Mature vanilla content remains on its original post-1836 node; only the early antecedent is represented in this half-tree.,MEDIUM,PRESERVE_ON_POST_1836_VANILLA,common/journal_entries/00_poland.txt,29: has_technology_researched = nationalism
nationalism,je_communal_divides,journal_entries,UNLOCK,VANILLA_PRESERVED:nationalism,Mature vanilla content remains on its original post-1836 node; only the early antecedent is represented in this half-tree.,MEDIUM,PRESERVE_ON_POST_1836_VANILLA,common/journal_entries/04_communal_divides.txt,10: has_technology_researched = nationalism
nationalism,je_conquest_of_tetouan,journal_entries,UNLOCK,VANILLA_PRESERVED:nationalism,Mature vanilla content remains on its original post-1836 node; only the early antecedent is represented in this half-tree.,MEDIUM,PRESERVE_ON_POST_1836_VANILLA,common/journal_entries/06_spanish_africa.txt,22: has_technology_researched = nationalism
nationalism,je_danubian_federation,journal_entries,UNLOCK,VANILLA_PRESERVED:nationalism,Mature vanilla content remains on its original post-1836 node; only the early antecedent is represented in this half-tree.,MEDIUM,PRESERVE_ON_POST_1836_VANILLA,common/journal_entries/05_danubian_federation.txt,8: has_technology_researched = nationalism
nationalism,je_filipino_ethnogenesis,journal_entries,UNLOCK,VANILLA_PRESERVED:nationalism,Mature vanilla content remains on its original post-1836 node; only the early antecedent is represented in this half-tree.,MEDIUM,PRESERVE_ON_POST_1836_VANILLA,common/journal_entries/06_philippines_je.txt,331: has_technology_researched = nationalism
nationalism,je_french_natural_borders,journal_entries,UNLOCK,VANILLA_PRESERVED:nationalism,Mature vanilla content remains on its original post-1836 node; only the early antecedent is represented in this half-tree.,MEDIUM,PRESERVE_ON_POST_1836_VANILLA,common/journal_entries/01_natural_borders_of_france.txt,13: has_technology_researched = nationalism
nationalism,je_great_eastern_crisis,journal_entries,UNLOCK,VANILLA_PRESERVED:nationalism,Mature vanilla content remains on its original post-1836 node; only the early antecedent is represented in this half-tree.,MEDIUM,PRESERVE_ON_POST_1836_VANILLA,common/journal_entries/05_great_eastern_crisis.txt,53: has_technology_researched = nationalism
nationalism,je_greek_nationalism,journal_entries,UNLOCK,VANILLA_PRESERVED:nationalism,Mature vanilla content remains on its original post-1836 node; only the early antecedent is represented in this half-tree.,MEDIUM,PRESERVE_ON_POST_1836_VANILLA,common/journal_entries/00_greek_nationalism.txt,19: has_technology_researched = nationalism
nationalism,je_iberia,journal_entries,UNLOCK,VANILLA_PRESERVED:nationalism,Mature vanilla content remains on its original post-1836 node; only the early antecedent is represented in this half-tree.,MEDIUM,PRESERVE_ON_POST_1836_VANILLA,common/journal_entries/06_iberia.txt,"2: icon = ""gfx/interface/icons/invention_icons/nationalism.dds"""
nationalism,je_north_german_unification,journal_entries,UNLOCK,VANILLA_PRESERVED:nationalism,Mature vanilla content remains on its original post-1836 node; only the early antecedent is represented in this half-tree.,MEDIUM,PRESERVE_ON_POST_1836_VANILLA,common/journal_entries/00_german_unification.txt,212: has_technology_researched = nationalism
nationalism,je_philippines_main,journal_entries,UNLOCK,VANILLA_PRESERVED:nationalism,Mature vanilla content remains on its original post-1836 node; only the early antecedent is represented in this half-tree.,MEDIUM,PRESERVE_ON_POST_1836_VANILLA,common/journal_entries/06_philippines_je.txt,197: has_technology_researched = nationalism
nationalism,je_populist_unrest,journal_entries,UNLOCK,VANILLA_PRESERVED:nationalism,Mature vanilla content remains on its original post-1836 node; only the early antecedent is represented in this half-tree.,MEDIUM,PRESERVE_ON_POST_1836_VANILLA,common/journal_entries/02_vargas.txt,"2: icon = ""gfx/interface/icons/invention_icons/nationalism.dds"""
nationalism,je_portugal_regeneration,journal_entries,UNLOCK,VANILLA_PRESERVED:nationalism,Mature vanilla content remains on its original post-1836 node; only the early antecedent is represented in this half-tree.,MEDIUM,PRESERVE_ON_POST_1836_VANILLA,common/journal_entries/06_portugal_politics.txt,335: has_technology_researched = nationalism
nationalism,je_risorgimento,journal_entries,UNLOCK,VANILLA_PRESERVED:nationalism,Mature vanilla content remains on its original post-1836 node; only the early antecedent is represented in this half-tree.,MEDIUM,PRESERVE_ON_POST_1836_VANILLA,common/journal_entries/00_italian_unification.txt,73: has_technology_researched = nationalism
nationalism,je_south_american_national_identity_emergence,journal_entries,UNLOCK,VANILLA_PRESERVED:nationalism,Mature vanilla content remains on its original post-1836 node; only the early antecedent is represented in this half-tree.,MEDIUM,PRESERVE_ON_POST_1836_VANILLA,common/journal_entries/02_south_american_national_identity.txt,30: has_technology_researched = nationalism
nationalism,je_south_german_unification,journal_entries,UNLOCK,VANILLA_PRESERVED:nationalism,Mature vanilla content remains on its original post-1836 node; only the early antecedent is represented in this half-tree.,MEDIUM,PRESERVE_ON_POST_1836_VANILLA,common/journal_entries/00_german_unification.txt,271: has_technology_researched = nationalism
nationalism,je_spa_economic_regeneration_master,journal_entries,UNLOCK,VANILLA_PRESERVED:nationalism,Mature vanilla content remains on its original post-1836 node; only the early antecedent is represented in this half-tree.,MEDIUM,PRESERVE_ON_POST_1836_VANILLA,common/journal_entries/06_economic_regeneration.txt,53: has_technology_researched = nationalism
nationalism,je_struggle_for_the_highveld,journal_entries,UNLOCK,VANILLA_PRESERVED:nationalism,Mature vanilla content remains on its original post-1836 node; only the early antecedent is represented in this half-tree.,MEDIUM,PRESERVE_ON_POST_1836_VANILLA,common/journal_entries/05_struggle_for_the_highveld.txt,"2: icon = ""gfx/interface/icons/invention_icons/nationalism.dds"""
nationalism,je_the_eastern_border,journal_entries,UNLOCK,VANILLA_PRESERVED:nationalism,Mature vanilla content remains on its original post-1836 node; only the early antecedent is represented in this half-tree.,MEDIUM,PRESERVE_ON_POST_1836_VANILLA,common/journal_entries/03_russia.txt,16: has_technology_researched = nationalism
nationalism,je_unite_the_principalities,journal_entries,UNLOCK,VANILLA_PRESERVED:nationalism,Mature vanilla content remains on its original post-1836 node; only the early antecedent is represented in this half-tree.,MEDIUM,PRESERVE_ON_POST_1836_VANILLA,common/journal_entries/00_romania.txt,25: has_technology_researched = nationalism
nationalism,je_vernacular_policy,journal_entries,UNLOCK,VANILLA_PRESERVED:nationalism,Mature vanilla content remains on its original post-1836 node; only the early antecedent is represented in this half-tree.,MEDIUM,PRESERVE_ON_POST_1836_VANILLA,common/journal_entries/06_language_policy.txt,65: has_technology_researched = nationalism
nationalism,je_yugoslavia,journal_entries,UNLOCK,VANILLA_PRESERVED:nationalism,Mature vanilla content remains on its original post-1836 node; only the early antecedent is represented in this half-tree.,MEDIUM,PRESERVE_ON_POST_1836_VANILLA,common/journal_entries/05_creation_of_yugoslavia.txt,8: has_technology_researched = nationalism
nationalism,law_ethnostate,laws,UNLOCK,VANILLA_PRESERVED:nationalism,Mature vanilla content remains on its original post-1836 node; only the early antecedent is represented in this half-tree.,HIGH,PRESERVE_ON_POST_1836_VANILLA,common/laws/00_citizenship.txt,153: nationalism
navigation,admiralty,technology,PREREQUISITE,marine_chronometry,Transferred to the closest integrated descendant of the split source.,LOW,ASSIGNED,common/technology/technologies/20_military.txt,150: navigation
navigation,drydocks,technology,PREREQUISITE,marine_chronometry,Transferred to the closest integrated descendant of the split source.,LOW,ASSIGNED,common/technology/technologies/20_military.txt,34: navigation
navigation,building_port,buildings,UNLOCK,marine_chronometry,Transferred to the closest integrated descendant of the split source.,HIGH,ASSIGNED,common/buildings/11_private_infrastructure.txt,11: unlocking_technologies = { navigation }
navigation,building_shipyard,buildings,UNLOCK,marine_chronometry,Transferred to the closest integrated descendant of the split source.,HIGH,ASSIGNED,common/buildings/01_industry.txt,328: navigation
navigation,building_whaling_station,buildings,UNLOCK,marine_chronometry,Transferred to the closest integrated descendant of the split source.,HIGH,ASSIGNED,common/buildings/09_misc_resource.txt,72: navigation
navigation,je_portugal_and_brazil,journal_entries,UNLOCK,marine_chronometry,Transferred to the closest integrated descendant of the split source.,MEDIUM,ASSIGNED,common/journal_entries/06_lusosphere.txt,"2: icon = ""gfx/interface/icons/invention_icons/navigation.dds"""
pan-nationalism,country_authority_mult,modifier,MODIFIER,VANILLA_PRESERVED:pan-nationalism,Mature vanilla content remains on its original post-1836 node; only the early antecedent is represented in this half-tree.,LOW,PRESERVE_ON_POST_1836_VANILLA,common/technology/technologies/30_society.txt,1180: technology modifier block
pan-nationalism,country_support_separatism_strength_mult,modifier,MODIFIER,VANILLA_PRESERVED:pan-nationalism,Mature vanilla content remains on its original post-1836 node; only the early antecedent is represented in this half-tree.,LOW,PRESERVE_ON_POST_1836_VANILLA,common/technology/technologies/30_society.txt,1180: technology modifier block
pan-nationalism,country_voting_power_mult,modifier,MODIFIER,VANILLA_PRESERVED:pan-nationalism,Mature vanilla content remains on its original post-1836 node; only the early antecedent is represented in this half-tree.,LOW,PRESERVE_ON_POST_1836_VANILLA,common/technology/technologies/30_society.txt,1180: technology modifier block
pan-nationalism,multilateral_alliances,technology,PREREQUISITE,VANILLA_PRESERVED:pan-nationalism,Mature vanilla content remains on its original post-1836 node; only the early antecedent is represented in this half-tree.,LOW,PRESERVE_ON_POST_1836_VANILLA,common/technology/technologies/30_society.txt,1557: pan-nationalism
pan-nationalism,je_boxer_rebellion,journal_entries,UNLOCK,VANILLA_PRESERVED:pan-nationalism,Mature vanilla content remains on its original post-1836 node; only the early antecedent is represented in this half-tree.,MEDIUM,PRESERVE_ON_POST_1836_VANILLA,common/journal_entries/00_boxer_rebellion.txt,17: has_technology_researched = pan-nationalism
pan-nationalism,je_communal_divides,journal_entries,UNLOCK,VANILLA_PRESERVED:pan-nationalism,Mature vanilla content remains on its original post-1836 node; only the early antecedent is represented in this half-tree.,MEDIUM,PRESERVE_ON_POST_1836_VANILLA,common/journal_entries/04_communal_divides.txt,27: has_technology_researched = pan-nationalism
pan-nationalism,je_danubian_federation,journal_entries,UNLOCK,VANILLA_PRESERVED:pan-nationalism,Mature vanilla content remains on its original post-1836 node; only the early antecedent is represented in this half-tree.,MEDIUM,PRESERVE_ON_POST_1836_VANILLA,common/journal_entries/05_danubian_federation.txt,18: has_technology_researched = pan-nationalism
pan-nationalism,je_german_unification,journal_entries,UNLOCK,VANILLA_PRESERVED:pan-nationalism,Mature vanilla content remains on its original post-1836 node; only the early antecedent is represented in this half-tree.,MEDIUM,PRESERVE_ON_POST_1836_VANILLA,common/journal_entries/00_german_unification.txt,336: has_technology_researched = pan-nationalism
pan-nationalism,je_iberia,journal_entries,UNLOCK,VANILLA_PRESERVED:pan-nationalism,Mature vanilla content remains on its original post-1836 node; only the early antecedent is represented in this half-tree.,MEDIUM,PRESERVE_ON_POST_1836_VANILLA,common/journal_entries/06_iberia.txt,20: has_technology_researched = pan-nationalism
pan-nationalism,je_india_home_rule,journal_entries,UNLOCK,VANILLA_PRESERVED:pan-nationalism,Mature vanilla content remains on its original post-1836 node; only the early antecedent is represented in this half-tree.,MEDIUM,PRESERVE_ON_POST_1836_VANILLA,common/journal_entries/04_india_home_rule.txt,16: has_technology_researched = pan-nationalism
pan-nationalism,je_india_nationalism,journal_entries,UNLOCK,VANILLA_PRESERVED:pan-nationalism,Mature vanilla content remains on its original post-1836 node; only the early antecedent is represented in this half-tree.,MEDIUM,PRESERVE_ON_POST_1836_VANILLA,common/journal_entries/04_india_nationalism.txt,12: has_technology_researched = pan-nationalism
pan-nationalism,je_india_non_cooperation_movement,journal_entries,UNLOCK,VANILLA_PRESERVED:pan-nationalism,Mature vanilla content remains on its original post-1836 node; only the early antecedent is represented in this half-tree.,MEDIUM,PRESERVE_ON_POST_1836_VANILLA,common/journal_entries/04_india_non_cooperation.txt,21: has_technology_researched = pan-nationalism
pan-nationalism,je_poland_lithuania,journal_entries,UNLOCK,VANILLA_PRESERVED:pan-nationalism,Mature vanilla content remains on its original post-1836 node; only the early antecedent is represented in this half-tree.,MEDIUM,PRESERVE_ON_POST_1836_VANILLA,common/journal_entries/00_poland.txt,69: has_technology_researched = pan-nationalism
pan-nationalism,je_yugoslavia,journal_entries,UNLOCK,VANILLA_PRESERVED:pan-nationalism,Mature vanilla content remains on its original post-1836 node; only the early antecedent is represented in this half-tree.,MEDIUM,PRESERVE_ON_POST_1836_VANILLA,common/journal_entries/05_creation_of_yugoslavia.txt,33: has_technology_researched = pan-nationalism
pan-nationalism,law_agrarianism,laws,UNLOCK,VANILLA_PRESERVED:pan-nationalism,Mature vanilla content remains on its original post-1836 node; only the early antecedent is represented in this half-tree.,HIGH,PRESERVE_ON_POST_1836_VANILLA,common/laws/00_economic_system.txt,197: has_technology_researched = pan-nationalism
pan-nationalism,law_interventionism,laws,UNLOCK,VANILLA_PRESERVED:pan-nationalism,Mature vanilla content remains on its original post-1836 node; only the early antecedent is represented in this half-tree.,HIGH,PRESERVE_ON_POST_1836_VANILLA,common/laws/00_economic_system.txt,101: has_technology_researched = pan-nationalism
pan-nationalism,law_per_capita_based_taxation,laws,UNLOCK,VANILLA_PRESERVED:pan-nationalism,Mature vanilla content remains on its original post-1836 node; only the early antecedent is represented in this half-tree.,HIGH,PRESERVE_ON_POST_1836_VANILLA,common/laws/00_taxation.txt,163: has_technology_researched = pan-nationalism
pan-nationalism,law_tenant_farmers,laws,UNLOCK,VANILLA_PRESERVED:pan-nationalism,Mature vanilla content remains on its original post-1836 node; only the early antecedent is represented in this half-tree.,HIGH,PRESERVE_ON_POST_1836_VANILLA,common/laws/00_land_reform.txt,196: has_technology_researched = pan-nationalism
pharmaceuticals,country_institution_health_system_max_investment_add,modifier,MODIFIER,active_principle_pharmacy,Transferred to the closest integrated descendant of the split source.,LOW,ASSIGNED,common/technology/technologies/30_society.txt,431: technology modifier block
pharmaceuticals,state_harvest_condition_disease_outbreak_impact_mult,modifier,MODIFIER,active_principle_pharmacy,Transferred to the closest integrated descendant of the split source.,LOW,ASSIGNED,common/technology/technologies/30_society.txt,431: technology modifier block
pharmaceuticals,quinine,technology,PREREQUISITE,active_principle_pharmacy,Transferred to the closest integrated descendant of the split source.,LOW,ASSIGNED,common/technology/technologies/30_society.txt,487: pharmaceuticals
pharmaceuticals,law_private_health_insurance,laws,UNLOCK,active_principle_pharmacy,Transferred to the closest integrated descendant of the split source.,HIGH,ASSIGNED,common/laws/00_health_system.txt,80: pharmaceuticals
pharmaceuticals,law_public_health_insurance,laws,UNLOCK,active_principle_pharmacy,Transferred to the closest integrated descendant of the split source.,HIGH,ASSIGNED,common/laws/00_health_system.txt,112: pharmaceuticals
power_of_the_purse,country_admiral_rank_impact_mult,modifier,MODIFIER,state_dockyard_systems,Transferred to the closest integrated descendant of the split source.,LOW,ASSIGNED,common/technology/technologies/20_military.txt,391: technology modifier block
power_of_the_purse,self_propelled_torpedoes,technology,PREREQUISITE,state_dockyard_systems,Transferred to the closest integrated descendant of the split source.,LOW,ASSIGNED,common/technology/technologies/20_military.txt,588: power_of_the_purse
power_of_the_purse,combat_unit_type_mid_tier_marines,combat_unit_types,UNLOCK,state_dockyard_systems,Transferred to the closest integrated descendant of the split source.,HIGH,ASSIGNED,common/combat_unit_types/00_land_combat_unit_types.txt,1003: unlocking_technologies = { power_of_the_purse }
power_of_the_purse,je_brazil_navy,journal_entries,UNLOCK,state_dockyard_systems,Transferred to the closest integrated descendant of the split source.,MEDIUM,ASSIGNED,common/journal_entries/02_brazil_navy.txt,17: has_technology_researched = power_of_the_purse
power_of_the_purse,pm_power_of_the_purse,production_methods,UNLOCK,state_dockyard_systems,Transferred to the closest integrated descendant of the split source.,HIGH,ASSIGNED,common/production_methods/05_military.txt,342: power_of_the_purse
prospecting,nitroglycerin,technology,PREREQUISITE,industrial_acids,Transferred to the closest integrated descendant of the split source.,LOW,ASSIGNED,common/technology/technologies/10_production.txt,352: prospecting
prospecting,building_gold_field,buildings,UNLOCK,applied_mineralogy,Transferred to the closest integrated descendant of the split source.,HIGH,ASSIGNED,common/buildings/03_mines.txt,188: prospecting
prospecting,building_gold_mine,buildings,UNLOCK,applied_mineralogy,Transferred to the closest integrated descendant of the split source.,HIGH,ASSIGNED,common/buildings/03_mines.txt,159: prospecting
quinine,country_institution_colonial_affairs_max_investment_add,modifier,MODIFIER,VANILLA_PRESERVED:quinine,Mature vanilla content remains on its original post-1836 node; only the early antecedent is represented in this half-tree.,LOW,PRESERVE_ON_POST_1836_VANILLA,common/technology/technologies/30_society.txt,474: technology modifier block
quinine,country_institution_health_system_max_investment_add,modifier,MODIFIER,VANILLA_PRESERVED:quinine,Mature vanilla content remains on its original post-1836 node; only the early antecedent is represented in this half-tree.,LOW,PRESERVE_ON_POST_1836_VANILLA,common/technology/technologies/30_society.txt,474: technology modifier block
quinine,civilizing_mission,technology,PREREQUISITE,VANILLA_PRESERVED:quinine,Mature vanilla content remains on its original post-1836 node; only the early antecedent is represented in this half-tree.,LOW,PRESERVE_ON_POST_1836_VANILLA,common/technology/technologies/30_society.txt,965: quinine
quinine,je_scramble_for_africa,journal_entries,UNLOCK,VANILLA_PRESERVED:quinine,Mature vanilla content remains on its original post-1836 node; only the early antecedent is represented in this half-tree.,MEDIUM,PRESERVE_ON_POST_1836_VANILLA,common/journal_entries/00_scramble_for_africa.txt,9: has_technology_researched = quinine
rationalism,country_institution_schools_max_investment_add,modifier,MODIFIER,organized_elementary_schooling,Transferred to the closest integrated descendant of the split source.,LOW,ASSIGNED,common/technology/technologies/30_society.txt,42: technology modifier block
rationalism,state_education_access_wealth_add,modifier,MODIFIER,organized_elementary_schooling,Transferred to the closest integrated descendant of the split source.,LOW,ASSIGNED,common/technology/technologies/30_society.txt,42: technology modifier block
rationalism,academia,technology,PREREQUISITE,institutionalized_scientific_exchange,Transferred to the closest integrated descendant of the split source.,LOW,ASSIGNED,common/technology/technologies/30_society.txt,233: rationalism
rationalism,democracy,technology,PREREQUISITE,constitutional_government,Transferred to the closest integrated descendant of the split source.,LOW,ASSIGNED,common/technology/technologies/30_society.txt,113: rationalism
rationalism,je_romanticism,journal_entries,UNLOCK,codified_practical_knowledge,Transferred to the closest integrated descendant of the split source.,MEDIUM,ASSIGNED,common/journal_entries/00_art_jes.txt,8: has_technology_researched = rationalism
rationalism,law_freedom_of_conscience,laws,UNLOCK,codified_practical_knowledge,Transferred to the closest integrated descendant of the split source.,HIGH,ASSIGNED,common/laws/00_church_and_state.txt,361: rationalism
rationalism,law_religious_schools,laws,UNLOCK,organized_elementary_schooling,Transferred to the closest integrated descendant of the split source.,HIGH,ASSIGNED,common/laws/00_education_system.txt,44: rationalism
standing_army,gunsmithing,technology,PREREQUISITE,corps_organization,Transferred to the closest integrated descendant of the split source.,LOW,ASSIGNED,common/technology/technologies/20_military.txt,76: standing_army
standing_army,mandatory_service,technology,PREREQUISITE,corps_organization,Transferred to the closest integrated descendant of the split source.,LOW,ASSIGNED,common/technology/technologies/20_military.txt,60: standing_army
standing_army,military_drill,technology,PREREQUISITE,light_infantry_tactics,Transferred to the closest integrated descendant of the split source.,LOW,ASSIGNED,common/technology/technologies/20_military.txt,110: standing_army
standing_army,building_barrack,buildings,UNLOCK,corps_organization,Transferred to the closest integrated descendant of the split source.,HIGH,ASSIGNED,common/buildings/05_military.txt,16: standing_army
standing_army,combat_unit_type_hussars,combat_unit_types,UNLOCK,corps_organization,Transferred to the closest integrated descendant of the split source.,HIGH,ASSIGNED,common/combat_unit_types/00_land_combat_unit_types.txt,695: unlocking_technologies = { standing_army }
standing_army,decree_violent_suppression,decrees,UNLOCK,corps_organization,Transferred to the closest integrated descendant of the split source.,MEDIUM,ASSIGNED,common/decrees/00_decree.txt,98: standing_army
steelworking,bessemer_process,technology,PREREQUISITE,hot_blast_smelting,Transferred to the closest integrated descendant of the split source.,LOW,ASSIGNED,common/technology/technologies/10_production.txt,368: steelworking
steelworking,mechanical_tools,technology,PREREQUISITE,mechanical_tools,Transferred to the closest integrated descendant of the split source.,LOW,ASSIGNED,common/technology/technologies/10_production.txt,434: steelworking
steelworking,building_steel_mill,buildings,UNLOCK,puddling_and_rolling,Transferred to the closest integrated descendant of the split source.,HIGH,ASSIGNED,common/buildings/01_industry.txt,261: steelworking
steelworking,company_altos_hornos_de_vizcaya,company_types,UNLOCK,coke_smelting,Transferred to the closest integrated descendant of the split source.,MEDIUM,ASSIGNED,common/company_types/00_companies_europe.txt,1255: has_technology_researched = steelworking
steelworking,company_duro_y_compania,company_types,UNLOCK,coke_smelting,Transferred to the closest integrated descendant of the split source.,MEDIUM,ASSIGNED,common/company_types/00_companies_europe.txt,1335: has_technology_researched = steelworking
steelworking,company_john_brown,company_types,UNLOCK,coke_smelting,Transferred to the closest integrated descendant of the split source.,MEDIUM,ASSIGNED,common/company_types/00_companies_great_britain.txt,189: has_technology_researched = steelworking
steelworking,company_krupp,company_types,UNLOCK,coke_smelting,Transferred to the closest integrated descendant of the split source.,MEDIUM,ASSIGNED,common/company_types/00_companies_germany.txt,37: has_technology_researched = steelworking
steelworking,company_lilpop,company_types,UNLOCK,coke_smelting,Transferred to the closest integrated descendant of the split source.,MEDIUM,ASSIGNED,common/company_types/00_companies_europe.txt,1065: has_technology_researched = steelworking
steelworking,company_schneider_creusot,company_types,UNLOCK,coke_smelting,Transferred to the closest integrated descendant of the split source.,MEDIUM,ASSIGNED,common/company_types/00_companies_france.txt,105: has_technology_researched = steelworking
steelworking,pm_pig_iron,production_methods,UNLOCK,coke_smelting,Transferred to the closest integrated descendant of the split source.,HIGH,ASSIGNED,common/production_methods/01_industry.txt,943: steelworking
steelworking,pm_saw_mills,production_methods,UNLOCK,mechanical_tools,Transferred to the closest integrated descendant of the split source.,HIGH,ASSIGNED,common/production_methods/09_misc_resource.txt,20: steelworking
tech_bureaucracy,country_institution_police_max_investment_add,modifier,MODIFIER,professional_civil_policing,Transferred to the closest integrated descendant of the split source.,LOW,ASSIGNED,common/technology/technologies/30_society.txt,58: technology modifier block
tech_bureaucracy,centralization,technology,PREREQUISITE,central_statistical_offices,Transferred to the closest integrated descendant of the split source.,LOW,ASSIGNED,common/technology/technologies/30_society.txt,170: tech_bureaucracy
tech_bureaucracy,international_relations,technology,PREREQUISITE,central_statistical_offices,Transferred to the closest integrated descendant of the split source.,LOW,ASSIGNED,common/technology/technologies/30_society.txt,269: tech_bureaucracy
tech_bureaucracy,international_trade,technology,PREREQUISITE,central_statistical_offices,Transferred to the closest integrated descendant of the split source.,LOW,ASSIGNED,common/technology/technologies/30_society.txt,150: tech_bureaucracy
tech_bureaucracy,law_enforcement,technology,PREREQUISITE,professional_civil_policing,Transferred to the closest integrated descendant of the split source.,LOW,ASSIGNED,common/technology/technologies/30_society.txt,288: tech_bureaucracy
tech_bureaucracy,building_government_administration,buildings,UNLOCK,systematic_administrative_statistics,Transferred to the closest integrated descendant of the split source.,HIGH,ASSIGNED,common/buildings/07_government.txt,9: tech_bureaucracy
tech_bureaucracy,law_local_police,laws,UNLOCK,professional_civil_policing,Transferred to the closest integrated descendant of the split source.,HIGH,ASSIGNED,common/laws/00_policing.txt,36: tech_bureaucracy
triage,modern_nursing,technology,PREREQUISITE,medical_degrees,Transferred to the closest integrated descendant of the split source.,LOW,ASSIGNED,common/technology/technologies/20_military.txt,441: triage
triage,je_war_nursing,journal_entries,UNLOCK,battlefield_evacuation,Transferred to the closest integrated descendant of the split source.,MEDIUM,ASSIGNED,common/journal_entries/00_nursing.txt,7: has_technology_researched = triage
triage,mobilization_option_first_aid,mobilization_options,UNLOCK,battlefield_evacuation,Transferred to the closest integrated descendant of the split source.,MEDIUM,ASSIGNED,common/mobilization_options/00_mobilization_option.txt,882: triage
