requirement_id,source_markdown_section,technology_id,visible_unlock_or_gate,object_type,object_id,current_display,current_effective_gate,expected_display,expected_effective_gate,exact_current_path,exact_future_path,prior_design_authority,new_user_authority,status,proposed_action,override_architecture,evidence,notes,post_tech6b3d_authoritative_update
P01,ARBRE PRODUCTION,mechanized_workshops,+10 economy-of-scale cap,MODIFIER,building_economy_of_scale_level_cap_add,not visible because owner technology is hidden,mechanized_workshops can_research=no,visible on a researchable owner,+10 on a researchable technology,common/technology/technologies/90_tech3a_vanilla_post1836_compatibility.txt,,TECH2H;TECH3B compatibility alias,Explicit current user request,VISIBLE_DISPLAY_BUG,Choose an existing researchable owner before moving the modifier.,REPLACE_PATH_TECH_OBJECT_EDIT,Exact modifier is +10 on hidden mechanized_workshops.,Owner technology is not specified; human decision required.,
P02,ARBRE PRODUCTION,mechanical_tools,prerequisite,TECHNOLOGY,mechanical_tools,parent precision_boring,precision_boring,puddling_and_rolling shown as prerequisite,add puddling_and_rolling parent,common/technology/technologies/10_tech3a_production.txt,common/technology/technologies/10_tech3a_production.txt,TECH4C reconstructed graph,Explicit current user override,GAMEPLAY_GATE_CORRECTION_REQUIRED,Add exact prerequisite edge puddling_and_rolling -> mechanical_tools.,REPLACE_PATH_TECH_OBJECT_EDIT,Both exact IDs resolved in effective tree.,Mechanical tools currently era 5.,
P03,ARBRE PRODUCTION,coal_gasification,gas streetlights,PRODUCTION_METHOD,pm_gas_streetlights,ungated unlock list,empty unlocking_technologies,shown under coal_gasification,coal_gasification,common/production_methods/06_urban_center.txt,common/production_methods/06_urban_center.txt,TECH5B2 current targeted gate audit,Explicit current user override,GAMEPLAY_GATE_CORRECTION_REQUIRED,Set exact PM gate to coal_gasification.,SAME_PATH_SHADOW_MINIMAL,Exact empty field inspected.,True gameplay gate and UI unlock responsibility coincide.,
P04,ARBRE PRODUCTION,mechanized_spinning,dye workshops,PRODUCTION_METHOD,pm_dye_workshops,shown under organized_textile_production,organized_textile_production,shown under mechanized_spinning,mechanized_spinning,common/production_methods/01_industry.txt,common/production_methods/01_industry.txt,TECH5B2 current gate,Explicit current user override,NEW_USER_OVERRIDE,Replace exact PM gate.,EXISTING_SHADOW_OBJECT_EDIT,Exact object and current field inspected.,User says early mechanized spinning.,
P05,ARBRE PRODUCTION,industrial_spinning,sewing machines,PRODUCTION_METHOD,pm_sewing_machines,shown under mechanized_spinning,mechanized_spinning,shown under industrial_spinning,industrial_spinning,common/production_methods/01_industry.txt,common/production_methods/01_industry.txt,TECH2H/TECH5B2 prior assignment,Explicit current user override,NEW_USER_OVERRIDE,Replace exact PM gate.,EXISTING_SHADOW_OBJECT_EDIT,Exact object and current field inspected.,New user instruction supersedes prior assignment.,
P06,ARBRE PRODUCTION,,late electric-sewing technology,PROPOSED_TECHNOLOGY,,no dedicated technology,not applicable,new late technology from industrial_spinning + electrical_capacitors,two exact parent IDs; new technology ID not yet authorized,,,No prior exact ID,Explicit request to create later,CONFLICT_REQUIRES_USER_DECISION,"Define name, ID, era, category and exact existing technology file in a design/implementation phase.",NO_PATH_OR_ID_INVENTED,Parent IDs industrial_spinning and electrical_capacitors exist.,No unknown existing ID; proposed object intentionally remains unnamed.,
P07,ARBRE PRODUCTION,electrical_capacitors,electric sewing machines,PRODUCTION_METHOD,pm_electric_sewing_machines,shown under electrical_capacitors,electrical_capacitors,shown under future late technology,future technology not yet named,common/production_methods/01_industry.txt,,TECH5B2 current gate,Explicit current user request,CONFLICT_REQUIRES_USER_DECISION,Retarget only after P06 receives an exact ID and path.,DEFERRED_OBJECT_EDIT,Exact current PM and gate inspected.,Cannot prepare implementation target yet.,
P08,ARBRE PRODUCTION,improved_husbandry,organized farm construction,BUILDING,building_rye_farm,shown under enclosure,enclosure,shown under improved_husbandry,improved_husbandry,common/buildings/02_agro.txt,common/buildings/02_agro.txt,TECH5A building responsibility audit,Explicit current user override,GAMEPLAY_GATE_CORRECTION_REQUIRED,Create a minimal same-path building shadow and retarget only this building gate.,NEW_SAME_PATH_SHADOW_FROM_11311,Exact vanilla 1.13.11 object and gate inspected.,Fork currently inherits this file.,
P09,ARBRE PRODUCTION,improved_husbandry,organized farm construction,BUILDING,building_wheat_farm,shown under enclosure,enclosure,shown under improved_husbandry,improved_husbandry,common/buildings/02_agro.txt,common/buildings/02_agro.txt,TECH5A building responsibility audit,Explicit current user override,GAMEPLAY_GATE_CORRECTION_REQUIRED,Create a minimal same-path building shadow and retarget only this building gate.,NEW_SAME_PATH_SHADOW_FROM_11311,Exact vanilla 1.13.11 object and gate inspected.,Fork currently inherits this file.,
P10,ARBRE PRODUCTION,improved_husbandry,organized farm construction,BUILDING,building_rice_farm,shown under enclosure,enclosure,shown under improved_husbandry,improved_husbandry,common/buildings/02_agro.txt,common/buildings/02_agro.txt,TECH5A building responsibility audit,Explicit current user override,GAMEPLAY_GATE_CORRECTION_REQUIRED,Create a minimal same-path building shadow and retarget only this building gate.,NEW_SAME_PATH_SHADOW_FROM_11311,Exact vanilla 1.13.11 object and gate inspected.,Fork currently inherits this file.,
P11,ARBRE PRODUCTION,improved_husbandry,organized farm construction,BUILDING,building_maize_farm,shown under enclosure,enclosure,shown under improved_husbandry,improved_husbandry,common/buildings/02_agro.txt,common/buildings/02_agro.txt,TECH5A building responsibility audit,Explicit current user override,GAMEPLAY_GATE_CORRECTION_REQUIRED,Create a minimal same-path building shadow and retarget only this building gate.,NEW_SAME_PATH_SHADOW_FROM_11311,Exact vanilla 1.13.11 object and gate inspected.,Fork currently inherits this file.,
P12,ARBRE PRODUCTION,improved_husbandry,organized farm construction,BUILDING,building_millet_farm,shown under enclosure,enclosure,shown under improved_husbandry,improved_husbandry,common/buildings/02_agro.txt,common/buildings/02_agro.txt,TECH5A building responsibility audit,Explicit current user override,GAMEPLAY_GATE_CORRECTION_REQUIRED,Create a minimal same-path building shadow and retarget only this building gate.,NEW_SAME_PATH_SHADOW_FROM_11311,Exact vanilla 1.13.11 object and gate inspected.,Fork currently inherits this file.,
P13,ARBRE PRODUCTION,improved_husbandry,organized farm construction,BUILDING,building_livestock_ranch,shown under enclosure,enclosure,shown under improved_husbandry,improved_husbandry,common/buildings/02_agro.txt,common/buildings/02_agro.txt,TECH5A building responsibility audit,Explicit current user override,GAMEPLAY_GATE_CORRECTION_REQUIRED,Create a minimal same-path building shadow and retarget only this building gate.,NEW_SAME_PATH_SHADOW_FROM_11311,Exact vanilla 1.13.11 object and gate inspected.,Fork currently inherits this file.,
P14,ARBRE PRODUCTION,cotton_gin,cotton plantation construction,BUILDING,building_cotton_plantation,shown under enclosure,enclosure,shown under cotton_gin,cotton_gin,common/buildings/04_plantations.txt,common/buildings/04_plantations.txt,TECH5A building responsibility audit,Explicit current user override,GAMEPLAY_GATE_CORRECTION_REQUIRED,Create minimal same-path shadow and retarget exact gate.,NEW_SAME_PATH_SHADOW_FROM_11311,Exact vanilla object and gate inspected.,Fork currently inherits this file.,
P15,ARBRE PRODUCTION,cotton_gin,cotton-company availability,COMPANY_TYPE,company_misr,current technology condition: stock_exchange,stock_exchange,requires cotton_gin,cotton_gin,common/company_types/00_companies_africa.txt,common/company_types/00_companies_africa.txt,TECH6A company intents retained,Explicit current user request,GAMEPLAY_GATE_CORRECTION_REQUIRED,Add or reconcile exact cotton_gin availability condition without removing other company conditions.,EXISTING_OR_MINIMAL_SHADOW_OBJECT_EDIT,Object parser confirmed cotton plantation responsibility and current tech tokens.,Company-specific non-tech conditions must remain.,
P16,ARBRE PRODUCTION,cotton_gin,cotton-company availability,COMPANY_TYPE,company_nam_dinh,current technology condition: stock_exchange,stock_exchange,requires cotton_gin,cotton_gin,common/company_types/00_companies_asia.txt,common/company_types/00_companies_asia.txt,TECH6A company intents retained,Explicit current user request,GAMEPLAY_GATE_CORRECTION_REQUIRED,Add or reconcile exact cotton_gin availability condition without removing other company conditions.,EXISTING_OR_MINIMAL_SHADOW_OBJECT_EDIT,Object parser confirmed cotton plantation responsibility and current tech tokens.,Company-specific non-tech conditions must remain.,
P17,ARBRE PRODUCTION,cotton_gin,cotton-company availability,COMPANY_TYPE,company_dmc,current technology condition: cotton_gin,cotton_gin,requires cotton_gin,cotton_gin,common/company_types/00_companies_france.txt,common/company_types/00_companies_france.txt,TECH6A company intents retained,Explicit current user request,GAMEPLAY_GATE_CORRECTION_REQUIRED,Add or reconcile exact cotton_gin availability condition without removing other company conditions.,EXISTING_OR_MINIMAL_SHADOW_OBJECT_EDIT,Object parser confirmed cotton plantation responsibility and current tech tokens.,Company-specific non-tech conditions must remain.,
P18,ARBRE PRODUCTION,cotton_gin,cotton-company availability,COMPANY_TYPE,company_savva_morozov,current technology condition: stock_exchange,stock_exchange,requires cotton_gin,cotton_gin,common/company_types/00_companies_russia.txt,common/company_types/00_companies_russia.txt,TECH6A company intents retained,Explicit current user request,GAMEPLAY_GATE_CORRECTION_REQUIRED,Add or reconcile exact cotton_gin availability condition without removing other company conditions.,EXISTING_OR_MINIMAL_SHADOW_OBJECT_EDIT,Object parser confirmed cotton plantation responsibility and current tech tokens.,Company-specific non-tech conditions must remain.,
P19,ARBRE PRODUCTION,cotton_gin,cotton-company availability,COMPANY_TYPE,company_da_afghan_nassaji_sherkat,current technology condition: none,none,requires cotton_gin,cotton_gin,common/company_types/00_companies_soi.txt,common/company_types/00_companies_soi.txt,TECH6A company intents retained,Explicit current user request,GAMEPLAY_GATE_CORRECTION_REQUIRED,Add or reconcile exact cotton_gin availability condition without removing other company conditions.,EXISTING_OR_MINIMAL_SHADOW_OBJECT_EDIT,Object parser confirmed cotton plantation responsibility and current tech tokens.,Company-specific non-tech conditions must remain.,
P20,ARBRE PRODUCTION,cotton_gin,cotton-company availability,COMPANY_TYPE,company_tashkent_railroad,current technology condition: railways,railways,requires cotton_gin,cotton_gin,common/company_types/00_companies_soi.txt,common/company_types/00_companies_soi.txt,TECH6A company intents retained,Explicit current user request,GAMEPLAY_GATE_CORRECTION_REQUIRED,Add or reconcile exact cotton_gin availability condition without removing other company conditions.,EXISTING_OR_MINIMAL_SHADOW_OBJECT_EDIT,Object parser confirmed cotton plantation responsibility and current tech tokens.,Company-specific non-tech conditions must remain.,
P21,ARBRE PRODUCTION,cotton_gin,cotton-company availability,COMPANY_TYPE,company_sherkat_shemali,current technology condition: none,none,requires cotton_gin,cotton_gin,common/company_types/00_companies_soi.txt,common/company_types/00_companies_soi.txt,TECH6A company intents retained,Explicit current user request,GAMEPLAY_GATE_CORRECTION_REQUIRED,Add or reconcile exact cotton_gin availability condition without removing other company conditions.,EXISTING_OR_MINIMAL_SHADOW_OBJECT_EDIT,Object parser confirmed cotton plantation responsibility and current tech tokens.,Company-specific non-tech conditions must remain.,
P22,ARBRE PRODUCTION,cotton_gin,cotton-company availability,COMPANY_TYPE,company_sherkate_eslamiya,current technology condition: none,none,requires cotton_gin,cotton_gin,common/company_types/00_companies_soi.txt,common/company_types/00_companies_soi.txt,TECH6A company intents retained,Explicit current user request,GAMEPLAY_GATE_CORRECTION_REQUIRED,Add or reconcile exact cotton_gin availability condition without removing other company conditions.,EXISTING_OR_MINIMAL_SHADOW_OBJECT_EDIT,Object parser confirmed cotton plantation responsibility and current tech tokens.,Company-specific non-tech conditions must remain.,
P23,ARBRE PRODUCTION,cotton_gin,cotton-company availability,COMPANY_TYPE,company_nicolas_portalis,current technology condition: none,none,requires cotton_gin,cotton_gin,common/company_types/00_companies_soi.txt,common/company_types/00_companies_soi.txt,TECH6A company intents retained,Explicit current user request,GAMEPLAY_GATE_CORRECTION_REQUIRED,Add or reconcile exact cotton_gin availability condition without removing other company conditions.,EXISTING_OR_MINIMAL_SHADOW_OBJECT_EDIT,Object parser confirmed cotton plantation responsibility and current tech tokens.,Company-specific non-tech conditions must remain.,
P24,ARBRE PRODUCTION,cotton_gin,cotton-company availability,COMPANY_TYPE,company_perskhlopok,current technology condition: none,none,requires cotton_gin,cotton_gin,common/company_types/00_companies_soi.txt,common/company_types/00_companies_soi.txt,TECH6A company intents retained,Explicit current user request,GAMEPLAY_GATE_CORRECTION_REQUIRED,Add or reconcile exact cotton_gin availability condition without removing other company conditions.,EXISTING_OR_MINIMAL_SHADOW_OBJECT_EDIT,Object parser confirmed cotton plantation responsibility and current tech tokens.,Company-specific non-tech conditions must remain.,
P25,ARBRE PRODUCTION,cotton_gin,cotton-company availability,COMPANY_TYPE,company_moscow_irrigation_company,current technology condition: none,none,requires cotton_gin,cotton_gin,common/company_types/00_companies_soi.txt,common/company_types/00_companies_soi.txt,TECH6A company intents retained,Explicit current user request,GAMEPLAY_GATE_CORRECTION_REQUIRED,Add or reconcile exact cotton_gin availability condition without removing other company conditions.,EXISTING_OR_MINIMAL_SHADOW_OBJECT_EDIT,Object parser confirmed cotton plantation responsibility and current tech tokens.,Company-specific non-tech conditions must remain.,
P26,ARBRE PRODUCTION,cotton_gin,cotton-company availability,COMPANY_TYPE,company_basic_fabrics,current technology condition: none,none,requires cotton_gin,cotton_gin,common/company_types/99_basic_companies.txt,common/company_types/99_basic_companies.txt,TECH6A company intents retained,Explicit current user request,GAMEPLAY_GATE_CORRECTION_REQUIRED,Add or reconcile exact cotton_gin availability condition without removing other company conditions.,EXISTING_OR_MINIMAL_SHADOW_OBJECT_EDIT,Object parser confirmed cotton plantation responsibility and current tech tokens.,Company-specific non-tech conditions must remain.,
P27,ARBRE PRODUCTION,cotton_gin,cotton-company availability,COMPANY_TYPE,company_basic_textiles,current technology condition: none,none,requires cotton_gin,cotton_gin,common/company_types/99_basic_companies.txt,common/company_types/99_basic_companies.txt,TECH6A company intents retained,Explicit current user request,GAMEPLAY_GATE_CORRECTION_REQUIRED,Add or reconcile exact cotton_gin availability condition without removing other company conditions.,EXISTING_OR_MINIMAL_SHADOW_OBJECT_EDIT,Object parser confirmed cotton plantation responsibility and current tech tokens.,Company-specific non-tech conditions must remain.,
P28,ARBRE PRODUCTION,cotton_gin,era and prerequisite,TECHNOLOGY,cotton_gin,era 4; parent mechanized_spinning,mechanized_spinning,era/gate adjusted if needed,not fixed by note,common/technology/technologies/10_tech3a_production.txt,,TECH4C reconstructed graph,User requests review if necessary,CONFLICT_REQUIRES_USER_DECISION,Decide whether company/building retargeting warrants an era or parent change.,NO_PATH_INVENTED,Exact current era and parent resolved.,No target era/parent was specified.,
P29,ARBRE PRODUCTION,traditional_papermaking,prerequisite,TECHNOLOGY,traditional_papermaking,root technology,none,organized_forestry shown as prerequisite,organized_forestry,common/technology/technologies/10_tech3a_production.txt,common/technology/technologies/10_tech3a_production.txt,TECH4C graph,Explicit current user request,GAMEPLAY_GATE_CORRECTION_REQUIRED,Add organized_forestry parent to traditional_papermaking.,REPLACE_PATH_TECH_OBJECT_EDIT,Exact root object and organized_forestry ID inspected.,Proto-method alternative not needed if direct edge accepted.,
P30,ARBRE PRODUCTION,turnpike_road_networks,market squares,PRODUCTION_METHOD,pm_market_squares,shown under professional_civil_engineering,professional_civil_engineering,shown under toll roads,turnpike_road_networks,common/production_methods/06_urban_center.txt,common/production_methods/06_urban_center.txt,TECH5B2 current gate,Explicit current user override,GAMEPLAY_GATE_CORRECTION_REQUIRED,Replace exact PM gate.,SAME_PATH_SHADOW_MINIMAL,Exact technology ID for toll roads is turnpike_road_networks.,No invented toll_roads ID.,
P31,ARBRE PRODUCTION,arc_welding,prerequisite,TECHNOLOGY,arc_welding,parent electric_arc_process,electric_arc_process,reinforced_concrete shown as prerequisite,reinforced_concrete,common/technology/technologies/90_tech3a_vanilla_post1836_compatibility.txt,common/technology/technologies/90_tech3a_vanilla_post1836_compatibility.txt,TECH4C post-1836 compatibility,Explicit current user override,NEW_USER_OVERRIDE,Add reinforced_concrete parent while preserving any approved existing parent.,REPLACE_PATH_TECH_OBJECT_EDIT,Exact objects inspected.,Also reconciles vanilla arc-welding sentinel.,
P32,ARBRE PRODUCTION,steel_frame_buildings,prerequisite,TECHNOLOGY,steel_frame_buildings,parents investment_banks + modern_sewerage,investment_banks;modern_sewerage,arc_welding shown as prerequisite,arc_welding plus preserved approved parents,common/technology/technologies/90_tech3a_vanilla_post1836_compatibility.txt,common/technology/technologies/90_tech3a_vanilla_post1836_compatibility.txt,TECH4C post-1836 graph,Explicit current user override,NEW_USER_OVERRIDE,Add exact arc_welding prerequisite after parent-set review.,REPLACE_PATH_TECH_OBJECT_EDIT,Exact current parent set inspected.,Do not silently delete current parents.,
P33,ARBRE PRODUCTION,steel_frame_buildings,display name,LOCALIZATION,steel_frame_buildings,Steel-Frame Buildings,technology ID remains steel_frame_buildings,Concrete and Steel Buildings,same technology ID,,,TECH3A2 localization audit,Explicit current user request,CONFLICT_REQUIRES_USER_DECISION,Confirm localization keys and French/English wording before editing.,LOCALIZATION_ONLY_NO_ID_CHANGE,Exact technology ID exists.,No exact localization path claimed in this audit.,
P34,ARBRE PRODUCTION,steel_frame_buildings,concrete input,PRODUCTION_METHOD,pm_steel_frame_buildings,no requested future concrete input yet,steel_frame_buildings,later concrete consumption,steel_frame_buildings,common/production_methods/13_construction.txt,common/production_methods/13_construction.txt,TECH5B2 PM responsibility,Explicit future user request,CONFLICT_REQUIRES_USER_DECISION,Specify exact goods amount and modifier block before implementation.,EXISTING_SHADOW_OBJECT_EDIT,Exact PM resolved.,Deferred balance design.,
P35,ARBRE PRODUCTION,arc_welding,concrete consumption,OTHER,arc_welding,technology has no goods-input field,not applicable,later concrete use associated with arc welding,unspecified consuming gameplay object,common/technology/technologies/90_tech3a_vanilla_post1836_compatibility.txt,,No prior object assignment,Explicit future user request,CONFLICT_REQUIRES_USER_DECISION,Identify the actual PM/building that should consume concrete; do not add goods input to a technology object.,NO_PATH_OR_OBJECT_INVENTED,Technology object syntax inspected.,Needs design clarification.,
P36,ARBRE PRODUCTION,condensing_steam_engines,condensing pump,PRODUCTION_METHOD,pm_condensing_engine_pump_building_coal_mine,shown under two technologies,condensing_steam_engines;deep_mine_engineering,shown only under condensing_steam_engines,condensing_steam_engines,common/production_methods/03_mines.txt,common/production_methods/03_mines.txt,TECH5B2 current gate audit,Explicit current user request,GAMEPLAY_GATE_CORRECTION_REQUIRED,Remove only deep_mine_engineering from exact PM gate.,SAME_PATH_SHADOW_MINIMAL,Exact five PM IDs and fields inspected.,Keep condensing_steam_engines.,
P37,ARBRE PRODUCTION,condensing_steam_engines,condensing pump,PRODUCTION_METHOD,pm_condensing_engine_pump_building_iron_mine,shown under two technologies,condensing_steam_engines;deep_mine_engineering,shown only under condensing_steam_engines,condensing_steam_engines,common/production_methods/03_mines.txt,common/production_methods/03_mines.txt,TECH5B2 current gate audit,Explicit current user request,GAMEPLAY_GATE_CORRECTION_REQUIRED,Remove only deep_mine_engineering from exact PM gate.,SAME_PATH_SHADOW_MINIMAL,Exact five PM IDs and fields inspected.,Keep condensing_steam_engines.,
P38,ARBRE PRODUCTION,condensing_steam_engines,condensing pump,PRODUCTION_METHOD,pm_condensing_engine_pump_building_lead_mine,shown under two technologies,condensing_steam_engines;deep_mine_engineering,shown only under condensing_steam_engines,condensing_steam_engines,common/production_methods/03_mines.txt,common/production_methods/03_mines.txt,TECH5B2 current gate audit,Explicit current user request,GAMEPLAY_GATE_CORRECTION_REQUIRED,Remove only deep_mine_engineering from exact PM gate.,SAME_PATH_SHADOW_MINIMAL,Exact five PM IDs and fields inspected.,Keep condensing_steam_engines.,
P39,ARBRE PRODUCTION,condensing_steam_engines,condensing pump,PRODUCTION_METHOD,pm_condensing_engine_pump_building_sulfur_mine,shown under two technologies,condensing_steam_engines;deep_mine_engineering,shown only under condensing_steam_engines,condensing_steam_engines,common/production_methods/03_mines.txt,common/production_methods/03_mines.txt,TECH5B2 current gate audit,Explicit current user request,GAMEPLAY_GATE_CORRECTION_REQUIRED,Remove only deep_mine_engineering from exact PM gate.,SAME_PATH_SHADOW_MINIMAL,Exact five PM IDs and fields inspected.,Keep condensing_steam_engines.,
P40,ARBRE PRODUCTION,condensing_steam_engines,condensing pump,PRODUCTION_METHOD,pm_condensing_engine_pump_building_gold_mine,shown under two technologies,condensing_steam_engines;deep_mine_engineering,shown only under condensing_steam_engines,condensing_steam_engines,common/production_methods/03_mines.txt,common/production_methods/03_mines.txt,TECH5B2 current gate audit,Explicit current user request,GAMEPLAY_GATE_CORRECTION_REQUIRED,Remove only deep_mine_engineering from exact PM gate.,SAME_PATH_SHADOW_MINIMAL,Exact five PM IDs and fields inspected.,Keep condensing_steam_engines.,
M01,ARBRE MILITAIRE,scientific_naval_architecture,era,TECHNOLOGY,scientific_naval_architecture,era 3,era_3,era 2,era_2,common/technology/technologies/25_tech3a_naval.txt,common/technology/technologies/25_tech3a_naval.txt,TECH4C naval graph,Explicit current user override,NEW_USER_OVERRIDE,Set era_2 after graph validation.,REPLACE_PATH_TECH_OBJECT_EDIT,Exact ID resolved; user label Naval Architecture maps here.,,
M02,ARBRE MILITAIRE,marine_chronometry,prerequisite,TECHNOLOGY,marine_chronometry,root technology,none,scientific_naval_architecture prerequisite,scientific_naval_architecture,common/technology/technologies/25_tech3a_naval.txt,common/technology/technologies/25_tech3a_naval.txt,TECH4C naval graph,Explicit current user override,NEW_USER_OVERRIDE,Add exact parent edge.,REPLACE_PATH_TECH_OBJECT_EDIT,Both IDs resolved.,,
M03,ARBRE MILITAIRE,permanent_military_hospitals,first aid,MOBILIZATION_OPTION,mobilization_option_first_aid,shown under triage,triage,shown under permanent_military_hospitals,permanent_military_hospitals,common/mobilization_options/00_mobilization_option.txt,common/mobilization_options/00_mobilization_option.txt,Vanilla/TECH5 responsibility,Explicit current user override,GAMEPLAY_GATE_CORRECTION_REQUIRED,Create minimal same-path shadow and replace exact gate.,NEW_SAME_PATH_SHADOW_FROM_11311,Exact object and triage gate inspected.,,
M04,ARBRE MILITAIRE,percussion_cap,era,TECHNOLOGY,percussion_cap,era 6,era_6,era 5,era_5,common/technology/technologies/90_tech3a_vanilla_post1836_compatibility.txt,common/technology/technologies/90_tech3a_vanilla_post1836_compatibility.txt,TECH4C post-1836 graph,Explicit current user override,NEW_USER_OVERRIDE,Set era_5.,REPLACE_PATH_TECH_OBJECT_EDIT,Exact object resolved.,,
M05,ARBRE MILITAIRE,general_staff,percussion-cap prerequisite,TECHNOLOGY,general_staff,parents corps_organization;military_topographic_surveying;logistics,current parent set,percussion_cap shown in chain,add percussion_cap parent,common/technology/technologies/90_tech3a_vanilla_post1836_compatibility.txt,common/technology/technologies/90_tech3a_vanilla_post1836_compatibility.txt,TECH4C post-1836 graph,Explicit current user request,NEW_USER_OVERRIDE,Add exact edge after preserving approved parents.,REPLACE_PATH_TECH_OBJECT_EDIT,Exact IDs resolved.,Wording interpreted as percussion cap gates General Staff.,
M06,ARBRE MILITAIRE,percussion_cap,ammunition PM continuity,PRODUCTION_METHOD,pm_percussion_caps,no unlocking_technologies field,ungated PM,visible causal chain to skirmish infantry ammunition,exact final PM gate not stated,common/production_methods/01_industry.txt,,TECH5A/TECH5B2 PM audits,Explicit current user request,CONFLICT_REQUIRES_USER_DECISION,Decide whether PM gate is percussion_cap or a later ammunition technology.,NO_PATH_INVENTED,Exact PM exists and is currently ungated.,The desired continuity is clear; the exact gate is not.,
M07,ARBRE MILITAIRE,casemated_fortifications,second naval fortification PM,PRODUCTION_METHOD,pm_naval_fortification_reinforced,shown under breech_loading_artillery,breech_loading_artillery,shown under casemated_fortifications,casemated_fortifications,common/production_methods/05_military.txt,common/production_methods/05_military.txt,TECH5B2 current PM gate,Explicit current user override,GAMEPLAY_GATE_CORRECTION_REQUIRED,Replace exact PM gate.,EXISTING_SHADOW_OBJECT_EDIT,Exact PM and gate inspected.,,
M08,ARBRE MILITAIRE,concrete_fortifications,prerequisite,TECHNOLOGY,concrete_fortifications,parent defense_in_depth,defense_in_depth,casemated_fortifications shown before concrete,add casemated_fortifications parent,common/technology/technologies/90_tech3a_vanilla_post1836_compatibility.txt,common/technology/technologies/90_tech3a_vanilla_post1836_compatibility.txt,TECH4C post-1836 graph,Explicit current user request,NEW_USER_OVERRIDE,Add exact prerequisite while retaining reviewed existing parent.,REPLACE_PATH_TECH_OBJECT_EDIT,Exact technology IDs resolved.,Advanced naval fortification PM already uses concrete_fortifications.,
S01,ARBRE SOCIETAL,human_rights,slavery-law progression,LAW_GATE,law_slavery_banned,current law unlock topology is temporally inconsistent,human_rights/related tech responsibility needs object-level redesign,constitutional_government -> organized_reform_movements -> abolitionist_mobilization chain with staged slavery laws,not fixed by note,common/laws/02_slavery.txt,common/laws/02_slavery.txt,TECH2H;TECH4C;TECH6B1,Explicit request for proposals and debate,CONFLICT_REQUIRES_USER_DECISION,Prepare alternative staged-law mappings; require user choice before implementation.,NEW_SAME_PATH_SHADOW_ONLY_AFTER_DECISION,Exact technologies and vanilla 1.13.11 law path resolved; requested law chain remains design-level.,Do not invent a final law-to-tech mapping.,Expanded manual freeze: slave_trade NONE; debt_slavery constitutional_government; colonial_slavery human_rights; legacy_slavery organized_reform_movements; slavery_banned abolitionist_mobilization.
S02,ARBRE SOCIETAL,political_economy,prerequisite,TECHNOLOGY,political_economy,parents systematic_administrative_statistics;codified_practical_knowledge,current parent set,commercial_insurance_markets prerequisite,add commercial_insurance_markets parent,common/technology/technologies/30_tech3a_society.txt,common/technology/technologies/30_tech3a_society.txt,TECH4C society graph,Explicit current user override,NEW_USER_OVERRIDE,Add exact prerequisite after parent-set review.,REPLACE_PATH_TECH_OBJECT_EDIT,Exact IDs resolved.,,
S03,ARBRE SOCIETAL,commercial_insurance_markets,unlock distribution,VISIBLE_UNLOCK,,several early responsibilities,multiple objects,some unlocks moved lower in chain,object list not specified,common/technology/technologies/30_tech3a_society.txt,,TECH2H responsibility freeze,Explicit current user direction,CONFLICT_REQUIRES_USER_DECISION,Inventory and approve each unlock to move; no bulk reassignment.,NO_OBJECT_OR_PATH_INVENTED,Source note does not enumerate objects.,,
S04,ARBRE SOCIETAL,commercial_insurance_markets,laissez-faire law,LAW,law_laissez_faire,currently TECH6B2-gated at commercial_insurance_markets,commercial_insurance_markets,advanced later gate,not specified,common/laws/00_economic_system.txt,,TECH6B2 explicit implementation,New user says advanced laws must be later,CONFLICT_REQUIRES_USER_DECISION,Choose exact later technology before retargeting.,NO_PATH_INVENTED,Exact current law and gate documented by TECH6B2.,,
S05,ARBRE SOCIETAL,classical_political_economy,interventionism law,LAW,law_interventionism,current tech condition includes classical_political_economy,classical_political_economy,not before agrarian movement/progression,exact target not specified,common/laws/00_economic_system.txt,,TECH6B2 intentional gate,Explicit current user override,CONFLICT_REQUIRES_USER_DECISION,Choose exact target technology or prerequisite relation to political_economy/agrarian progression.,NO_PATH_INVENTED,Exact current law block inspected.,,
S06,ARBRE SOCIETAL,institutionalized_scientific_exchange,existing modifier,TECHNOLOGY,institutionalized_scientific_exchange,country_influence_mult=0.25; country_diplomatic_play_maneuvers_mult=0.25,institutionalized_scientific_exchange,retain both existing modifiers,unchanged,common/technology/technologies/30_tech3a_society.txt,common/technology/technologies/30_tech3a_society.txt,TECH4C tree,Explicit current user confirmation,OLD_AUDIT_ALREADY_CORRECT,Preserve both exact existing modifiers.,NO_ACTION,Exact technology object and modifier keys inspected.,No change.,
S07,ARBRE SOCIETAL,institutionalized_scientific_exchange,technology spread modifier,MODIFIER,,no requested extra spread modifier identified,none,add technology-diffusion modifier,exact modifier key/value not specified,common/technology/technologies/30_tech3a_society.txt,,TECH0 modifier inventory,Explicit current user request,CONFLICT_REQUIRES_USER_DECISION,Select a valid existing modifier key and numeric value from authoritative scripts.,NO_MODIFIER_OR_PATH_INVENTED,No exact key/value in source note.,,
S08,ARBRE SOCIETAL,institutionalized_scientific_exchange,freedom of conscience,LAW,law_freedom_of_conscience,shown under codified_practical_knowledge,codified_practical_knowledge,shown under scientific exchange,institutionalized_scientific_exchange,common/laws/00_church_and_state.txt,common/laws/00_church_and_state.txt,TECH6B2 same-path law gate,Explicit current user override,GAMEPLAY_GATE_CORRECTION_REQUIRED,Set the exact law gate to institutionalized_scientific_exchange.,EXISTING_SAME_PATH_SHADOW_OBJECT_EDIT,Exact law and unchanged vanilla 1.13.11 path inspected.,This law file was not renamed.,
S09,ARBRE SOCIETAL,specialized_technical_academies,university building,BUILDING,building_university,shown under institutionalized_scientific_exchange,institutionalized_scientific_exchange,shown under technical academies,specialized_technical_academies,common/buildings/07_government.txt,common/buildings/07_government.txt,TECH2H/TECH5 prior gate,Explicit current user override,NEW_USER_OVERRIDE,Replace exact building gate.,EXISTING_SHADOW_OBJECT_EDIT,Exact object and current field inspected.,,
S10,ARBRE SOCIETAL,,total separation law,LAW,law_total_separation,shown under institutionalized_scientific_exchange,institutionalized_scientific_exchange,late-game society technology,late technology not specified,common/laws/00_church_and_state.txt,,TECH6B2 current gate,Explicit current user override,CONFLICT_REQUIRES_USER_DECISION,Choose exact existing late technology before 1.13.11 path migration.,NO_PATH_INVENTED,Exact law resolved; target technology absent from instruction.,,
S11,ARBRE SOCIETAL,polytechnical_education,philosophy department,PRODUCTION_METHOD,pm_philosophy_department,shown under codified_practical_knowledge,codified_practical_knowledge,shown under polytechnical_education,polytechnical_education,common/production_methods/07_government.txt,common/production_methods/07_government.txt,TECH5B2 current gate,Explicit current user override,GAMEPLAY_GATE_CORRECTION_REQUIRED,Replace exact PM gate.,EXISTING_SHADOW_OBJECT_EDIT,Exact object and field inspected.,,
S12,ARBRE SOCIETAL,experimental_research_laboratories,analytical philosophy department,PRODUCTION_METHOD,pm_analytical_philosophy_department,shown under analytical_philosophy,analytical_philosophy,shown under experimental research,experimental_research_laboratories,common/production_methods/07_government.txt,common/production_methods/07_government.txt,TECH5B2 current gate,Explicit current user override,GAMEPLAY_GATE_CORRECTION_REQUIRED,Replace exact PM gate.,EXISTING_SHADOW_OBJECT_EDIT,Exact object and field inspected.,,
S13,ARBRE SOCIETAL,,later innovation cap increase,MODIFIER,,not specified,none,higher innovation cap later,technology/key/value not specified,,,TECH0 research modifier audit,Explicit future user request,CONFLICT_REQUIRES_USER_DECISION,"Design exact owner, modifier key and value.",NO_ID_OR_PATH_INVENTED,Future balance request only.,,
S14,ARBRE SOCIETAL,specialized_professional_societies,new university bonus PM,PROPOSED_PRODUCTION_METHOD,,no object exists,none,bonus PM at learned societies,specialized_professional_societies,,,TECH5 PM architecture,Explicit future user request,CONFLICT_REQUIRES_USER_DECISION,"Define PM ID, PM group, effects and exact files later.",NO_ID_OR_PATH_INVENTED,Exact technology label maps to specialized_professional_societies.,,
S15,ARBRE SOCIETAL,analytical_philosophy,new university bonus PM,PROPOSED_PRODUCTION_METHOD,,no object exists,none,bonus PM at analytical philosophy,analytical_philosophy,,,TECH5 PM architecture,Explicit future user request,CONFLICT_REQUIRES_USER_DECISION,"Define PM ID, PM group, effects and exact files later.",NO_ID_OR_PATH_INVENTED,Exact technology ID exists.,,
S16,ARBRE SOCIETAL,medical_degrees,medical chain edge,TECHNOLOGY,medical_degrees,parent institutionalized_scientific_exchange,current separate branch,unified with variolation/vaccination branch,exact incoming edge not specified,common/technology/technologies/30_tech3a_society.txt,,TECH4C society graph,Explicit user design direction,CONFLICT_REQUIRES_USER_DECISION,Choose exact bridge edge and resulting era topology.,NO_EDGE_INVENTED,All existing technology IDs resolved.,,
S17,ARBRE SOCIETAL,clinicopathological_medicine,medical chain edge,TECHNOLOGY,clinicopathological_medicine,parents medical_degrees;experimental_research_laboratories,current parent set,follow medical_degrees in unified chain,medical_degrees plus reviewed parents,common/technology/technologies/30_tech3a_society.txt,common/technology/technologies/30_tech3a_society.txt,TECH4C society graph,Explicit user design direction,NEW_USER_OVERRIDE,Preserve medical_degrees edge; decide whether experimental_research_laboratories remains.,REPLACE_PATH_TECH_OBJECT_REVIEW,Exact current parents inspected.,Human review required before edit.,
S18,ARBRE SOCIETAL,active_principle_pharmacy,medical chain edge,TECHNOLOGY,active_principle_pharmacy,parents experimental_research_laboratories;medical_degrees,current parent set,follow clinicopathological_medicine,clinicopathological_medicine,common/technology/technologies/30_tech3a_society.txt,common/technology/technologies/30_tech3a_society.txt,TECH4C society graph,Explicit user design direction,NEW_USER_OVERRIDE,Replace/add parent only after approving full unified topology.,REPLACE_PATH_TECH_OBJECT_REVIEW,Exact current parents inspected.,,
S19,ARBRE SOCIETAL,vaccination,medical chain bridge,TECHNOLOGY,vaccination,parent variolation_networks,current immunization branch,connected to degrees/clinicopath/pharmacy chain,exact bridge direction not specified,common/technology/technologies/30_tech3a_society.txt,,TECH4C society graph,Explicit user design direction,CONFLICT_REQUIRES_USER_DECISION,Choose whether vaccination leads into or follows the academic medical chain.,NO_EDGE_INVENTED,Exact current vaccination edge inspected.,,
S20,ARBRE SOCIETAL,organized_immunization_campaigns,medical chain endpoint,TECHNOLOGY,organized_immunization_campaigns,parent vaccination,vaccination,remain endpoint of unified medicine chain,approved unified predecessor,common/technology/technologies/30_tech3a_society.txt,common/technology/technologies/30_tech3a_society.txt,TECH4C society graph,Explicit user design direction,CONFLICT_REQUIRES_USER_DECISION,Preserve current edge until unified topology is approved.,REPLACE_PATH_TECH_OBJECT_REVIEW,Exact current parent inspected.,,
S21,ARBRE SOCIETAL,identification_documents,totalitarianism chain,TECHNOLOGY,identification_documents,parent central_statistical_offices,current parent set,professional_civil_policing prerequisite,add professional_civil_policing parent,common/technology/technologies/90_tech3a_vanilla_post1836_compatibility.txt,common/technology/technologies/90_tech3a_vanilla_post1836_compatibility.txt,TECH4C post-1836 graph,User offers this or later alternatives,CONFLICT_REQUIRES_USER_DECISION,Select this edge or S22 alternative; do not add all automatically.,REPLACE_PATH_TECH_OBJECT_REVIEW,Exact IDs and current parents resolved.,,
S22,ARBRE SOCIETAL,central_planning,totalitarianism chain alternative,TECHNOLOGY,central_planning,parent identification_documents,identification_documents,professional_civil_policing inserted at identification/central planning/mass surveillance,alternative exact edge not selected,common/technology/technologies/90_tech3a_vanilla_post1836_compatibility.txt,,TECH4C post-1836 graph,Explicit user alternatives,CONFLICT_REQUIRES_USER_DECISION,"Choose one causal placement among identification_documents, central_planning, mass_surveillance.",NO_EDGE_INVENTED,Exact candidate IDs resolved.,,
S23,ARBRE SOCIETAL,joint_stock_companies,researchability,TECHNOLOGY,joint_stock_companies,hidden compatibility alias,can_research=no,visible researchable technology,can_research=yes/remove hidden flag,common/technology/technologies/90_tech3a_vanilla_post1836_compatibility.txt,common/technology/technologies/90_tech3a_vanilla_post1836_compatibility.txt,TECH3B consumed alias,Explicit current user override,NEW_USER_OVERRIDE,Restore exact technology as researchable after duplicate/responsibility audit.,REPLACE_PATH_TECH_OBJECT_EDIT,Exact object and hidden flag inspected.,,Implemented and GUI-visible: joint_stock_companies is researchable in era_6 and excluded from hidden-tech redistribution.
S24,ARBRE SOCIETAL,joint_stock_companies,company limit modifier,MODIFIER,country_max_companies_add,stock_exchange owns +2,stock_exchange,joint_stock_companies owns +1; stock_exchange retains +1,joint_stock_companies,common/technology/technologies/30_tech3a_society.txt,common/technology/technologies/30_tech3a_society.txt,TECH3A current modifier assignment,Explicit current user override,GAMEPLAY_GATE_CORRECTION_REQUIRED,Move exactly one point from stock_exchange to joint_stock_companies.,REPLACE_PATH_TECH_OBJECT_EDIT,Exact +2 current modifier inspected.,,
S25,ARBRE SOCIETAL,joint_stock_companies,free charter modifier,MODIFIER,country_free_charters_add,stock_exchange owns +2,stock_exchange,joint_stock_companies owns +1; stock_exchange retains +1,joint_stock_companies,common/technology/technologies/30_tech3a_society.txt,common/technology/technologies/30_tech3a_society.txt,TECH3A current modifier assignment,Explicit current user override,GAMEPLAY_GATE_CORRECTION_REQUIRED,Move exactly one point from stock_exchange to joint_stock_companies.,REPLACE_PATH_TECH_OBJECT_EDIT,Exact +2 current modifier inspected.,,
S26,ARBRE SOCIETAL,joint_stock_companies,prerequisites,TECHNOLOGY,joint_stock_companies,parents banking;corporate_charters,current parent set,parents postal_savings;commercial_insurance_markets,postal_savings;commercial_insurance_markets,common/technology/technologies/90_tech3a_vanilla_post1836_compatibility.txt,common/technology/technologies/90_tech3a_vanilla_post1836_compatibility.txt,TECH4C post-1836 graph,Explicit current user override,NEW_USER_OVERRIDE,Replace parent set only after reference audit.,REPLACE_PATH_TECH_OBJECT_EDIT,Exact current parents inspected.,,
S27,ARBRE SOCIETAL,joint_stock_companies,era,TECHNOLOGY,joint_stock_companies,era 7,era_7,era 6 or 7,user allows either,common/technology/technologies/90_tech3a_vanilla_post1836_compatibility.txt,,TECH4C post-1836 era,Explicit user range,CONFLICT_REQUIRES_USER_DECISION,Choose era_6 or retain era_7.,NO_PATH_INVENTED,Exact current era is already within requested range.,Could be NO_ACTION if era 7 chosen.,Implemented and GUI-visible: joint_stock_companies is researchable in era_6 and excluded from hidden-tech redistribution.
S28,ARBRE SOCIETAL,mutual_funds,prerequisite,TECHNOLOGY,mutual_funds,parents institutionalized_public_credit;postal_savings,current parent set,joint_stock_companies prerequisite,joint_stock_companies plus reviewed parents,common/technology/technologies/90_tech3a_vanilla_post1836_compatibility.txt,common/technology/technologies/90_tech3a_vanilla_post1836_compatibility.txt,TECH4C post-1836 graph,Explicit current user override,NEW_USER_OVERRIDE,Add joint_stock_companies and remove postal_savings per S30.,REPLACE_PATH_TECH_OBJECT_EDIT,Exact current parents inspected.,,
S29,ARBRE SOCIETAL,investment_banks,prerequisite,TECHNOLOGY,investment_banks,parents stock_exchange;mutual_funds,current parent set,joint_stock_companies gate in chain,direct or inherited via mutual_funds not specified,common/technology/technologies/90_tech3a_vanilla_post1836_compatibility.txt,,TECH4C post-1836 graph,Explicit current user request,CONFLICT_REQUIRES_USER_DECISION,Decide direct parent versus transitive gate through mutual_funds.,NO_EDGE_INVENTED,Exact current parents inspected.,,
S30,ARBRE SOCIETAL,mutual_funds,remove postal parent,TECHNOLOGY,mutual_funds,parent postal_savings present,postal_savings,postal_savings removed,no postal_savings parent,common/technology/technologies/90_tech3a_vanilla_post1836_compatibility.txt,common/technology/technologies/90_tech3a_vanilla_post1836_compatibility.txt,TECH4C post-1836 graph,Explicit current user override,NEW_USER_OVERRIDE,Remove exact postal_savings parent when adding joint_stock_companies.,REPLACE_PATH_TECH_OBJECT_EDIT,Exact current parent inspected.,,
S31,ARBRE SOCIETAL,investment_banks,remove postal parent,TECHNOLOGY,investment_banks,no direct postal_savings parent,stock_exchange;mutual_funds,no direct postal_savings parent,unchanged direct set unless S29 chosen,common/technology/technologies/90_tech3a_vanilla_post1836_compatibility.txt,common/technology/technologies/90_tech3a_vanilla_post1836_compatibility.txt,TECH4C post-1836 graph,Explicit user wording,OLD_AUDIT_ALREADY_CORRECT,No direct postal_savings edge exists to remove.,NO_ACTION,Exact current parent set inspected.,Postal dependency is currently transitive through mutual_funds.,
