tech_id_provisional,tech_name_fr,tech_name_en,branch,subbranch,era,era_window,tech_type,prerequisites,cross_branch_prerequisites,direct_unlocks,future_techs_opened,representation,design_status,vanilla_overlap,historical_window,antecedent,practical_breakthrough,institutional_adoption,widespread_use,historical_confidence,gameplay_role,ai_considerations,production_links,military_links,law_institution_links,regional_transfer_notes,notes,source_urls
institutionalized_scientific_exchange,Échanges scientifiques institutionnalisés,Institutionalized Scientific Exchange,Society,Science / connaissance,I,~1690–1719,UNIVERSAL_STARTING_DIFFERENTIAL,BASELINE_LITERACY_AND_KNOWLEDGE_NETWORKS,,Correspondance savante; publications; traduction; circulation internationale des observations; tech spread,codified_practical_knowledge; specialized_technical_academies; polytechnical_education,NODE,STRONG_KEEP,VANILLA_OVERLAP_PENDING_AUDIT,Pré-1700 puis expansion au XVIIIe siècle,"Académies, universités, réseaux savants et traditions érudites préexistantes dans plusieurs régions","Réseaux institutionnels capables de collecter, vérifier, publier et traduire des savoirs","XVIIe–XVIIIe siècles, trajectoires nationales et impériales diverses","XVIIIe siècle, surtout dans les États disposant d'institutions lettrées connectées",HIGH,Socle de tech spread et de transferts de connaissances; futur support de l'Industrial Knowledge Loop,"Poids élevé avec universités, academics, forte alphabétisation ou stratégie de rattrapage",Applied Mineralogy; Geological Surveying; chemistry; industrial knowledge,Marine Chronometry; Technical Academies; surveying,,"Qing court science, Rangaku japonais et écoles ottomanes doivent pouvoir interagir avec ce node sans être décrits comme simples copies européennes.",,https://royalsociety.org/about-us/who-we-are/history/;https://royalsociety.org/blog/2022/11/empire-of-learning/
institutionalized_public_credit,Crédit public institutionnalisé,Institutionalized Public Credit,Society,Finance / État,I,~1690–1719,UNIVERSAL_STARTING_DIFFERENTIAL,BASELINE_FISCAL_ADMINISTRATION,,Dette publique structurée; emprunts de long terme; financement de guerre; intermédiaires financiers; bank-of-issue reform hooks,popular_savings_institutions,NODE,STRONG_KEEP,VANILLA_OVERLAP_PENDING_AUDIT,Fin XVIIe–XVIIIe siècle,"Prêts aux souverains, fermes fiscales, annuités, réseaux bancaires et marchands anciens",Institutionnalisation de créances publiques cessibles/finançables et d'un crédit étatique durable,Angleterre 1694; voies ottomanes malikane/esham; réseaux indiens et néerlandais selon formes propres,Très inégal selon États au XVIIIe siècle,HIGH,"Dette, war finance, investment confidence, central-bank/law hooks; pas 'invention de la banque'","Poids selon dette, guerre, fiscalité, richesse des capitalistes et besoin d'investissement",Construction / investment pool,War finance / mobilization,Central bank / bank of issue / debt-management reforms,"Les formes ottomanes, indiennes, néerlandaises et anglaises peuvent représenter la même capacité générale par des institutions distinctes.",,https://www.bankofengland.co.uk/about/history;https://www.bankofengland.co.uk/museum/online-collections/blog/why-was-the-bank-of-england-founded
joint_stock_capital_markets,Marchés de capitaux par actions,Joint-Stock Capital Markets,Society,Finance / commerce,I,~1690–1719,UNIVERSAL_STARTING_DIFFERENTIAL,BASELINE_LONG_DISTANCE_COMMERCE,,Actions transférables; sociétés par actions; capital privé mutualisé; securities-market hooks,,NODE,KEEP_CONCEPT,VANILLA_OVERLAP_PENDING_AUDIT_HIGH,"Capacité pré-1700 dans certains centres, diffusion graduelle",Partenariats marchands et compagnies à privilège,Capital permanent et titres transférables à grande échelle,Amsterdam/VOC dès 1602; autres marchés à trajectoires différenciées,XVIIIe–XIXe siècles,HIGH,"Companies, private investment, capital-market capacity","Poids selon merchants/capitalists, companies et marché financier",Companies / private construction,,Corporate/company law hooks,,Stock Exchange est MERGED dans ce node; ne pas créer une tech séparée.,https://www.euronext.com/en/news/exchange-drumming-historical-traditions
commercial_insurance_markets,Marchés d'assurance commerciale,Commercial Insurance Markets,Society,Finance / commerce,I,~1690–1719,UNIVERSAL_STARTING_DIFFERENTIAL,BASELINE_LONG_DISTANCE_COMMERCE,,Underwriting; mutualisation du risque; intelligence maritime; trade-risk reduction,ship_classification_surveying [Military],NODE,STRONG_KEEP,VANILLA_OVERLAP_PENDING_AUDIT,Pré-1700 puis institutionnalisation au XVIIIe siècle,Assurance maritime médiévale et moderne précoce,Marchés spécialisés d'underwriters et information commerciale structurée,Lloyd's à la fin XVIIe; organisation formelle croissante au XVIIIe,Grands centres commerciaux maritimes,HIGH,Réduit le risque commercial et soutient finance maritime/companies,Poids selon commerce maritime et valeur des routes,,Ship Classification & Surveying; Maritime Safety Standards,,,,https://www.lloyds.com/about-lloyds/history/
periodical_print_networks,Réseaux d'imprimés périodiques,Periodical Print Networks,Society,Information / médias,I,~1690–1719,UNIVERSAL_STARTING_DIFFERENTIAL,BASELINE_PRINT_CULTURE,,Gazettes; journaux; revues; périodiques savants; circulation régulière des nouvelles,organized_reform_movements; optical_telegraph_networks; mechanized_printing,NODE,STRONG_KEEP,VANILLA_OVERLAP_PENDING_AUDIT,"Presse périodique pré-1700, expansion forte au XVIIIe","Manuscrits, feuilles d'information, gazettes, xylographie et typographie",Publication régulière et réseaux de distribution de nouvelles,Différent selon cultures de l'imprimé et cadres de censure,XVIIIe siècle dans de nombreuses sociétés urbaines lettrées,HIGH,"Information diffusion, tech/culture spread, movement reach; ne suppose pas Free Press","Poids selon literacy, urbanization et paper supply",Paper demand,,Censorship / Licensed Press / Free Press / Newspaper Taxation,Japon Edo peut avoir forte culture imprimée sans suivre le même chemin typographique européen; réformes ottomanes/égyptiennes peuvent acquérir cette capacité par événements.,,https://www.bl.uk/stories/blogs/posts/400-years-of-british-newspapers
systematic_administrative_statistics,Statistique administrative systématique,Systematic Administrative Statistics,Society,Administration / information,II,~1720–1749,UNIVERSAL_STARTING_DIFFERENTIAL,BASELINE_BUREAUCRATIC_RECORDS,,Rapports standardisés; tableaux fiscaux/économiques/démographiques; comparaison territoriale,systematic_population_registration; systematic_cadastral_surveying; central_statistical_offices,NODE,STRONG_KEEP,VANILLA_OVERLAP_PENDING_AUDIT,"XVIIIe siècle, avec antécédents administratifs très anciens","Registres fiscaux, fonciers, militaires et démographiques anciens",Utilisation régulière et comparée des données pour connaître l'État,"Différencié selon bureaucraties européennes, Qing, ottomanes et autres",XVIIIe–début XIXe,HIGH,"State information, taxation, census, surveying and planning",Poids élevé pour grands États et bureaucraties complexes,Geological Surveying / resource planning,Military Topographic Surveying / mobilization information,,,Ne signifie pas 'invention de compter'.,https://www.cambridge.org/core/books/statistics-public-debate-and-the-state-18001945/5F3B51FFCDCEB42EBA5C1873521B0D80/listing
variolation_networks,Réseaux de variolisation,Variolation Networks,Society,Médecine / transfert de savoir,II,~1720–1749,EVENT_ACQUIRED_UNIVERSAL,EXPOSURE_TO_VARIOLATION_PRACTICE,,Inoculation antivariolique; mortality ↓ avec risques; knowledge-transfer events,vaccination,NODE,STRONG_KEEP,VANILLA_OVERLAP_PENDING_AUDIT,Pratiques anciennes en Afrique/Asie/monde ottoman; diffusion documentée au début XVIIIe,Pratiques régionales d'inoculation,Transmission documentée des méthodes vers de nouveaux réseaux médicaux,Années 1710–1720 en Grande-Bretagne et ailleurs par correspondance/voyage,"XVIIIe siècle, très inégal",HIGH,Réduction mortalité avec trade-off risque; prototype de technology transfer régional,"Poids fort face à la variole, selon institutions médicales",,Permanent Military Hospitals benefit,,"Certains pays/régions commencent avec la capacité; d'autres la débloquent par traduction, médecins, diplomatie ou événements.",,https://makingscience.royalsociety.org/in-focus/smallpox-in-the-archives;https://makingscience.royalsociety.org/items/clp_14ii_28/paper-paper-relating-to-the-inoculation-of-the-smallpox-as-it-is-practised-sic-in-the-kingdoms-of-tripoli-tunis-and-algier-algiers-by-cassem-aga
codified_practical_knowledge,Savoirs pratiques codifiés et encyclopédiques,Codified & Encyclopedic Practical Knowledge,Society,Science / information,III,~1750–1774,UNIVERSAL,institutionalized_scientific_exchange; periodical_print_networks,,"Codification des arts, métiers et sciences; qualifications/tech spread ciblé",political_economy; specialized_technical_academies,NODE,STRONG_KEEP,VANILLA_OVERLAP_PENDING_AUDIT,Milieu XVIIIe,"Encyclopédies, compendia et traditions de savoir technique antérieurs",Systématisation publique de savoirs pratiques et scientifiques,Milieu–fin XVIIIe,XVIIIe–XIXe,HIGH,Tech spread et diffusion de savoir-faire; pas gros bonus d'innovation brute,"Poids selon literacy, academics, urban centers",All applied branches,Technical education / surveying,,,,https://plato.stanford.edu/archives/spr2012/entries/enlightenment/
political_economy,Économie politique,Political Economy,Society,Économie / pensée,III,~1750–1774,UNIVERSAL,systematic_administrative_statistics; codified_practical_knowledge,,"Economic-policy doctrines; tax/trade law hooks; analysis of agriculture, commerce and public wealth",classical_political_economy,NODE,STRONG_KEEP,VANILLA_OVERLAP_PENDING_AUDIT,Milieu XVIIIe,"Mercantilist, agrarian, fiscal and commercial thought traditions","Systematic study of production, circulation, taxation and national wealth",Physiocrats and other schools mid XVIIIe,Late XVIIIe–XIXe,HIGH,Unlock/weight economic laws rather than generic GDP buff,"Poids selon trade, tax reform and merchant/intellectual IGs",Agriculture / industry / trade policy,,,,,https://plato.stanford.edu/archives/spr2012/entries/enlightenment/
specialized_technical_academies,Académies techniques spécialisées,Specialized Technical Academies,Society,Éducation / professions,III,~1750–1774,UNIVERSAL,institutionalized_scientific_exchange,,"Engineering, mining, naval and technical schools; engineer qualifications; targeted applied tech spread",polytechnical_education; specialized_professional_societies,NODE,STRONG_KEEP,VANILLA_OVERLAP_PENDING_AUDIT,1740s–1790s,"Apprenticeship, universities, military schools and craft traditions",Permanent higher education specialized in engineering/mining/naval sciences,Ponts 1747; Freiberg 1765; Ottoman naval engineering 1773; other schools follow,Late XVIIIe–XIXe,HIGH,Qualifications + cross-branch research/spread,Poids selon engineer/mining/naval needs,Applied Mineralogy; Professional Civil Engineering; Chemical Works,Scientific Naval Architecture; Engineer Services,,Ottoman and other reform paths can directly grant/progress this universal tech.,,https://www.ecoledesponts.fr/lecole/bienvenue-lecole/lecole-dans-lhistoire;https://tu-freiberg.de/en/university/history;https://hst.itu.edu.tr/en/about/history-of-itu
veterinary_science,Science vétérinaire,Veterinary Science,Society,Médecine / professions,III,~1750–1774,UNIVERSAL,institutionalized_scientific_exchange,,Veterinary profession/schools; livestock health; military-veterinary crosslink,military_veterinary_services [Military],NODE,STRONG_KEEP,VANILLA_OVERLAP_PENDING_AUDIT,1760s onward,Farriery and animal medicine traditions,Institutionalized scientific veterinary education,Lyon 1761/62; Alfort 1766; spread thereafter,Late XVIIIe–XIXe,HIGH,Livestock health and qualifications; military animal attrition link,Poids selon livestock/cavalry/agriculture,Selective Breeding; livestock,Military Veterinary Services,,,,https://www.vetagro-sup.fr/history/;https://www.nam.ac.uk/explore/royal-army-veterinary-corps
organized_elementary_schooling,Scolarisation élémentaire organisée,Organized Elementary Schooling,Society,Éducation,III,~1750–1774,UNIVERSAL_STARTING_DIFFERENTIAL,BASELINE_SCHOOLING_TRADITIONS,,Broad basic literacy; teacher networks; reading/writing/arithmetic; Education Institution access,mass_circulation_press,NODE,STRONG_KEEP,VANILLA_OVERLAP_PENDING_AUDIT,"XVIIe–XVIIIe, institutional intensification mid-late XVIIIe","Religious, community, temple, local and private schools",Dense organized elementary-school networks and/or state systematization,"Prussia 1763, Habsburg 1774; Japan terakoya via different non-state path",Highly uneven by 1800,HIGH,"Literacy / education institution throughput, independent from exact ownership law",Poids with low literacy and sufficient bureaucracy/funding,,,Religious / private-local / state / mixed education systems,Japan can start advanced in organized schooling without 'state school' tech.,,https://germanhistorydocs.org/en/the-holy-roman-empire-1648-1815/friedrich-der-grosse-koeniglich-preussisches-general-land-schul-reglement-1763;https://www.bundeskanzleramt.gv.at/bundeskanzleramt/besuchen-sie-uns/gang-der-geschichte/1774.html
systematic_population_registration,Enregistrement systématique de la population,Systematic Population Registration,Society,Administration / démographie,III,~1750–1774,UNIVERSAL_STARTING_DIFFERENTIAL,systematic_administrative_statistics,,Regular enumeration; household/population registers; demographic totals; manpower/tax information,central_statistical_offices,NODE,STRONG_KEEP,VANILLA_OVERLAP_PENDING_AUDIT,Mid XVIIIe–early XIXe,"Ancient censuses, household and tax registers",Regular standardized population registration at large territorial scale,Qing annualized demographic reporting 1740s; Sweden 1749; Britain 1801; Ottoman general census 1831 via own reform path,Very uneven before 1836,HIGH,"Tax, conscription and demographic information; not 'invention of census'",Poids for large states and conscription/tax reform,Workforce planning,Mobilization / staff information,,Starting tech assignment must be historically differentiated.,,https://www.ons.gov.uk/census/2011census/howourcensusworks/aboutcensuses/censushistory/earlycensustakinginenglandandwales
clinical_medical_education,Enseignement médical clinique,Clinical Medical Education,Society,Médecine / éducation,III,~1750–1774,UNIVERSAL,institutionalized_scientific_exchange,,Bedside teaching; case histories; anatomical dissection PM; surgical/obstetric training PM,clinicopathological_medicine,NODE,STRONG_KEEP,VANILLA_OVERLAP_PENDING_AUDIT,Mid XVIIIe,"Medical schools, hospitals and bedside traditions",Hospital-based systematic teaching from observed patients,Edinburgh 1748 onward and comparable developments,Late XVIIIe–XIXe,HIGH,Medical qualifications and hospital efficiency; supports Military hospitals,Poids according to universities/hospitals and mortality,,Permanent Military Hospitals; Battlefield Evacuation,,,"Anatomy, surgery and obstetrics remain PM/professional specializations, not separate core nodes.",https://www.rcpe.ac.uk/heritage/teaching;https://www.rcpe.ac.uk/heritage/william-cullen
classical_political_economy,Économie politique classique,Classical Political Economy,Society,Économie / pensée,IV,~1775–1799,UNIVERSAL,political_economy,,Market/trade/tax reform doctrines; investment and labor-market analysis,liberal_constitutionalism; early_socialism_cooperativism,NODE,STRONG_KEEP,VANILLA_OVERLAP_PENDING_AUDIT,1770s–early XIXe,Political Economy,"Smith and contemporaries systematize classical analysis of markets, division of labor and public policy",Late XVIIIe,Early XIXe,HIGH,Unlock/weight economic law options; does not force laissez-faire,Driven by economic structure and IG ideology,Trade / market / ownership law hooks,,,,,https://www.britannica.com/topic/The-Wealth-of-Nations
constitutional_government,Gouvernement constitutionnel,Constitutional Government,Society,Politique / institutions,IV,~1775–1799,UNIVERSAL,periodical_print_networks,,Written-constitution frameworks; separation of powers; representative-government law hooks,universal_rights_discourse; national_sovereignty; liberal_constitutionalism,NODE,STRONG_KEEP,VANILLA_OVERLAP_PENDING_AUDIT,1776–1790s,"Older charters, estates, republics, parliaments and mixed constitutions",Written constitutional frameworks explicitly defining sovereign institutions and powers,American constitutions/US 1787; France 1791; rapid Atlantic and later global diffusion,Late XVIIIe–XIXe,HIGH,Government-law unlocks; no automatic democratization,"Driven by revolution, reform movements and elite interests",,,Constitutional monarchy/republic/representative government hooks,"Latin American and Haitian constitutional trajectories must not be modeled as mere copies; multiple liberal, conservative and radical constitutional models existed.",,https://www.archives.gov/milestone-documents/constitution;https://www.elysee.fr/la-presidence/la-constitution-du-3-septembre-1791
universal_rights_discourse,Discours des droits universels et de la citoyenneté,Universal Rights & Citizenship Discourse,Society,Politique / droits,IV,~1775–1799,UNIVERSAL,constitutional_government; periodical_print_networks,,Civil-rights/citizenship law hooks; equality-before-law claims; women's-rights and abolitionist movement hooks,organized_reform_movements; abolitionist_mobilization; liberal_constitutionalism,NODE,STRONG_KEEP,VANILLA_OVERLAP_PENDING_AUDIT,1770s–1790s,"Natural-law, religious, legal and civic-rights traditions",Rights framed as general claims of citizens/humans against privilege and arbitrary power,American declarations; DDHC 1789; critiques by de Gouges 1791 and Wollstonecraft 1792; revolutionary emancipation debates,"Late XVIIIe–XIXe, contested and uneven",HIGH,Unlocks/strengthens laws and movements; does not apply rights automatically,"Mostly IG/movement driven, not a universal state preference",,,Civil liberties; religious tolerance; property/citizenship equality; press rights; women's-rights reforms later,"Haiti and colonial societies expose the contradiction between universal declarations and racial slavery; women's-rights advocacy is a movement package, not a separate core node before 1836.",,https://www.elysee.fr/la-presidence/la-declaration-des-droits-de-l-homme-et-du-citoyen;https://data.bnf.fr/fr/ark:/12148/cb179914613.pdf;https://www.bl.uk/stories/blogs/posts/international-womens-day-2026
national_sovereignty,Souveraineté nationale et populaire,National & Popular Sovereignty,Society,Politique / souveraineté,IV,~1775–1799,UNIVERSAL,constitutional_government; periodical_print_networks,,Independence/unification/national-sovereignty movement hooks; citizen-state legitimacy,liberal_constitutionalism; POST_1836_mass_nationalism,NODE,STRONG_KEEP,VANILLA_OVERLAP_PENDING_AUDIT,1770s–early XIXe,"Dynastic, imperial, local, republican and corporate sovereignties",Explicit location of sovereignty in the people/nation rather than solely dynastic authority,US constitutional language; DDHC Article 3; Atlantic revolutions; Latin American and Haitian independence paths,"Early XIXe, highly contested",HIGH,Enables national/independence movements without assuming one inevitable nation-state path,Movement/geopolitical context driven,,Citizen mobilization / independence war hooks,,"Anti-colonial independence movements are EVENT/REGIONAL PATHS enabled by this concept, not a single universal 'anti-colonial tech'.",,https://www.elysee.fr/la-presidence/la-declaration-des-droits-de-l-homme-et-du-citoyen;https://assets.cambridge.org/97811070/25592/index/9781107025592_index.pdf
organized_reform_movements,Mouvements de réforme organisés,Organized Reform Movements,Society,Politique / mobilisation,IV,~1775–1799,UNIVERSAL,periodical_print_networks; universal_rights_discourse,,Petitions; civic societies; lobbying; public campaigns; movement strength,abolitionist_mobilization; organized_labor_movements; early_socialism_cooperativism,NODE,STRONG_KEEP,VANILLA_OVERLAP_PENDING_AUDIT,Late XVIIIe onward,"Petitions, guilds, religious associations, local protest traditions","Durable issue-based organizations using print, subscriptions, petitions and public campaigns",Late XVIIIe reform campaigns,Early XIXe,HIGH,Core movements/IG-pressure capability rather than law itself,Mostly pop/IG driven,,,,,,https://www.parliament.uk/about/living-heritage/transformingsociety/tradeindustry/slavetrade/
abolitionist_mobilization,Mobilisation abolitionniste,Abolitionist Mobilization,Society,Politique / émancipation,IV,~1775–1799,UNIVERSAL,organized_reform_movements; universal_rights_discourse,,Anti-slavery/slave-trade movement strength; emancipation law pressure; diplomatic pressure,POST_1836_mass_abolitionism,NODE,STRONG_KEEP,VANILLA_OVERLAP_PENDING_AUDIT,1780s–early XIXe,"Enslaved resistance, religious antislavery, Black intellectual/political traditions",Organized transnational campaigns plus revolutionary emancipation politics,British abolition society 1787; Saint-Domingue revolution 1791–1804; other Atlantic movements,Early XIXe,HIGH,"Movement/law pressure, not instant abolition","Driven by pops/IGs, slavery institutions, revolutions and diplomacy",,Naval anti-slave-trade enforcement later,Slave Trade / Slavery laws,"Haitian emancipation must be represented as revolutionary Black agency, not as a British reform export.",,https://researchbriefings.files.parliament.uk/documents/LLN-2019-0104/LLN-2019-0104.pdf;https://www.loc.gov/item/2021670754/
systematic_cadastral_surveying,Levés cadastraux systématiques,Systematic Cadastral Surveying,Society,Administration / territoire,IV,~1775–1799,UNIVERSAL,systematic_administrative_statistics,Society: scientific surveying; Production: geological_surveying,Parcel mapping; landowner/use records; land-tax assessment; territorial information,geological_surveying [Production],NODE,STRONG_KEEP,VANILLA_OVERLAP_PENDING_AUDIT,1760s–early XIXe,Ancient land registers and fiscal surveys,Parcel-level mapped survey tied to ownership/use and regular taxation,Habsburg surveys 1760s; Napoleonic cadastre 1807 as implementation,XIXe,HIGH,Land tax/admin efficiency and terrain/resource information,Poids for land-tax reform and territorial administration,Geological Surveying,,,"Napoleonic Cadastre is a reform implementation, not the universal tech itself.",,https://www.vie-publique.fr/files/rapport/pdf/084000384.pdf
systematic_legal_codification,Codification juridique systématique,Systematic Legal Codification,Society,Droit / administration,IV,~1775–1799,UNIVERSAL_STARTING_DIFFERENTIAL,systematic_administrative_statistics,,Unified legal codes; jurisdiction clarity; property/contract/civil-status law hooks,professional_civil_policing,NODE,STRONG_KEEP,VANILLA_OVERLAP_PENDING_AUDIT,Pre-1700 traditions; major XVIIIe/early XIXe codification waves,Long codified legal traditions in China and elsewhere; Roman/canon/customary law systems,"Systematic, state-wide compilation and promulgation of legal rules",Great Qing Code mature 1740; Prussian ALR 1794; French Civil Code 1804,XVIIIe–XIXe,HIGH,Administrative/legal uniformity; not synonymous with liberal law,Poids for fragmented jurisdictions and centralization,,,"Property, contract, family/civil status",Qing can start with this capacity; European reforms are alternative implementations.,,https://germanhistorydocs.org/en/the-holy-roman-empire-1648-1815/the-general-law-code-for-the-prussian-states-proclaimed-on-february-5-1794-effective-june-1-1794-1794.pdf;https://www.legifrance.gouv.fr/codes/id/LEGIARTI000006419279/1804-03-21/
scientific_metrology,Métrologie scientifique,Scientific Metrology,Society,Science / administration,IV,~1775–1799,UNIVERSAL,systematic_administrative_statistics; institutionalized_scientific_exchange,,Reference standards; precise measurement; national standardization; trade/science/precision-manufacture efficiency,,NODE,STRONG_KEEP,VANILLA_OVERLAP_PENDING_AUDIT,Late XVIIIe,Ancient regional standards of weight and measure,Scientifically reproducible reference standards and systematic national harmonization,French metric reform 1790s as one implementation,XIXe,HIGH,Trade/admin/precision-manufacture synergy,Poids according to market fragmentation and industrialization,Precision Machine Tools; Geological Surveying,Topographic Surveying,Metric system or alternative standardization reforms,"Metric System is a reform implementation, not mandatory universal outcome.",,https://www.bipm.org/documents/20126/17314988/CGPM12.pdf
vaccination,Vaccination,Vaccination,Society,Médecine / santé,IV,~1775–1799,UNIVERSAL,variolation_networks,,Safer smallpox immunization; mortality ↓↓; prepares organized campaigns,organized_immunization_campaigns,NODE,STRONG_KEEP,VANILLA_OVERLAP_PENDING_AUDIT,1796 onward,Variolation and regional inoculation practices,Cowpox-based vaccination method,Jenner 1796; rapid international diffusion,Early XIXe,HIGH,Safer replacement/upgrade to variolation,Very high health value if institutions can deploy it,,Military hospital/population health benefits,,,,https://vaccineknowledge.ox.ac.uk/history-of-vaccines-accessible
polytechnical_education,Enseignement polytechnique,Polytechnical Education,Society,Éducation / science,IV,~1775–1799,UNIVERSAL,specialized_technical_academies,,"Advanced common training in mathematics, physics, chemistry and mechanics; multi-branch engineer qualifications",experimental_research_laboratories,NODE,STRONG_KEEP,VANILLA_OVERLAP_PENDING_AUDIT,1790s onward,Specialized technical academies,Common advanced scientific foundation before specialized engineering careers,École Polytechnique 1794 as major model; analogous systems develop later,XIXe,HIGH,High-level qualifications + broad applied-tech spread,Poids for states with multiple technical sectors,Precision Engineering; Chemical Works; Geological Surveying,Engineer Services; Naval Architecture; Staff education,,,,https://www.polytechnique.edu/sites/default/files/content/Livret%20d%27information%20DFHM-2024-V5.pdf
optical_telegraph_networks,Réseaux de télégraphe optique,Optical Telegraph Networks,Society,Information / communication,IV,~1775–1799,UNIVERSAL,periodical_print_networks,Military: command; Production/Society: optics/engineering,Semaphore stations; coded long-distance state messages; strategic communication speed ↑,POST_1836_electric_telegraph,NODE,STRONG_KEEP,VANILLA_OVERLAP_PENDING_AUDIT,1790s onward,"Beacons, couriers, visual signaling",Networked standardized optical semaphore communication,Chappe Paris-Lille 1794; expansion thereafter,Early XIXe in selected states,HIGH,"Rapid but expensive state/military information, distinct from public news circulation",Poids for large centralized states and wars,,Command / mobilization / diplomacy,,,,https://www.arts-et-metiers.net/musee/modele-telegraphe-optique-systeme-chappe
central_statistical_offices,Bureaux statistiques centraux,Central Statistical Offices,Society,Administration / information,V,~1800–1824,UNIVERSAL,systematic_administrative_statistics; systematic_population_registration,,Permanent statistical offices; detailed demographic/economic reporting; planning efficiency,POST_1836_social_statistics,NODE,STRONG_KEEP,VANILLA_OVERLAP_PENDING_AUDIT,~1800 onward,Administrative statistics,Dedicated central offices collecting/processing standardized state data,France 1800/1806 and later 1833; analogous bodies elsewhere,XIXe,HIGH,State information / planning / census efficiency,Poids for large bureaucracies and industrialization,Resource/industrial planning,Mobilization/staff information,,,,https://www.economie.gouv.fr/saef/statistiques-historique
organized_immunization_campaigns,Campagnes organisées d'immunisation,Organized Immunization Campaigns,Society,Santé publique,V,~1800–1824,UNIVERSAL,vaccination,,Vaccination societies/state campaigns; distribution networks; health-institution throughput,POST_1836_public_health_administration,NODE,STRONG_KEEP,VANILLA_OVERLAP_PENDING_AUDIT,1800s onward,Vaccination,Institutional organization of large-scale vaccination campaigns,Royal Jennerian Society 1803 and international campaigns,Early XIXe,HIGH,Turns medical knowledge into population-scale mortality reduction,High if budget and health institutions available,,Force/population health,,,,https://wellcomecollection.org/works/knqfatj6
mechanized_printing,Imprimerie mécanisée,Mechanized Printing,Society,Information / médias,V,~1800–1824,UNIVERSAL,periodical_print_networks,Production: precision_machine_tools; rotative_steam_power; continuous_papermaking,Cylinder/steam press PM; print throughput ↑↑; paper demand ↑,mass_circulation_press,NODE,STRONG_KEEP,VANILLA_OVERLAP_PENDING_AUDIT,1810s onward,Hand presses and earlier printing methods,Steam-driven cylinder printing,The Times 1814 and diffusion thereafter,1820s–1830s,HIGH,Media throughput + paper demand + movement reach,"Poids with literacy, urbanization and paper supply",Precision Machine Tools; Rotative Steam; Continuous Papermaking,,,,"Lithography = PM_ONLY, not separate node.",https://blogs.loc.gov/headlinesandheroes/2022/04/printing-newspapers-1400-1900/
experimental_research_laboratories,Laboratoires de recherche expérimentale,Experimental Research Laboratories,Society,Science / recherche,V,~1800–1824,UNIVERSAL,polytechnical_education; institutionalized_scientific_exchange,,Laboratory research; applied chemistry/physics/material testing; Research Center unlock/PM candidate,specialized_professional_societies; POST_1836_research_systems,NODE,STRONG_KEEP,VANILLA_OVERLAP_PENDING_AUDIT,1790s–early XIXe,"University demonstrations, academies and private laboratories",Dedicated institutions where experiment itself produces systematic new knowledge,Freiberg laboratory 1796; Royal Institution 1799/early 1800s,XIXe,HIGH,Historical basis for Research Centers and Industrial Knowledge Loop,"Poids with universities, advanced industries and technical academies",Industrial Chemicals; metallurgy; machine tools; future industrial knowledge,Applied military/naval science,,,,https://tu-freiberg.de/en/university/profile/history/milestones-history;https://www.rigb.org/about-us/our-history
specialized_professional_societies,Sociétés professionnelles spécialisées,Specialized Professional Societies,Society,Professions / science,V,~1800–1824,UNIVERSAL,specialized_technical_academies; experimental_research_laboratories,,Professional standards; specialist publications; qualification networks; engineer/geologist/scientist organization,,NODE,STRONG_KEEP,VANILLA_OVERLAP_PENDING_AUDIT,1800s–1820s,General learned societies and guild/professional traditions,"Disciplinary professional bodies with standards, publications and membership",Geological Society 1807; ICE 1818; Astronomical Society 1820,XIXe,HIGH,"Qualifications, tech spread, professional standards",Poids with engineers/professionals,Professional Civil Engineering,Officer/staff/scientific expertise,,,,https://www.geolsoc.org.uk/about-us/history/;https://www.ice.org.uk/about-us/our-organisation/history;https://ras.ac.uk/about-the-ras/a-brief-history
clinicopathological_medicine,Médecine clinico-pathologique,Clinicopathological Medicine,Society,Médecine / science,V,~1800–1824,UNIVERSAL,clinical_medical_education; experimental_research_laboratories,,Systematic autopsy; symptom-lesion correlation; pathological anatomy; diagnostic-tool PMs incl. stethoscope,POST_1836_modern_pathology,NODE,STRONG_KEEP,VANILLA_OVERLAP_PENDING_AUDIT,~1799–1820s,Clinical education and anatomical traditions,Systematic correlation of clinical observation with post-mortem lesions/tissues,Paris school around 1800; Laennec stethoscope 1816 as tool unlock,Early-mid XIXe,HIGH,Medical efficiency / diagnosis / mortality improvements,Poids with hospitals and research,,Military medicine benefits,,,,https://pubmed.ncbi.nlm.nih.gov/12964569/;https://pmc.ncbi.nlm.nih.gov/articles/PMC10919061/
active_principle_pharmacy,Pharmacie des principes actifs,Active-Principle Pharmacy,Society,Médecine / chimie,V,~1800–1824,UNIVERSAL,experimental_research_laboratories,Production: industrial_acids / industrial_chemicals,Purified active medicines; reproducible dosing; alkaloids incl. morphine/quinine; future Pharmaceuticals chain,POST_1836_pharmaceutical_industry,NODE,STRONG_KEEP,VANILLA_OVERLAP_PENDING_AUDIT,1803–1820s,"Materia medica, pharmacopoeias, regional medicinal knowledge",Chemical isolation of active compounds from medicinal materials,Morphine 1803–05; quinine/cinchonine 1820 and other alkaloids,XIXe,HIGH,Medicine effectiveness and later Pharmaceuticals good/industry,Poids with chemistry and health institutions,Industrial Chemicals; future Pharmaceuticals,,,Cinchona medicinal knowledge is REGIONAL_LEGACY_KNOWLEDGE from the Andes; chemical isolation is a later universal capability.,,https://pmc.ncbi.nlm.nih.gov/articles/PMC5125194/;https://www.kew.org/plants/cinchona-tree
popular_savings_institutions,Institutions d'épargne populaire,Popular Savings Institutions,Society,Finance / société,V,~1800–1824,UNIVERSAL,institutionalized_public_credit,,Small-depositor savings institutions; broader household financial participation; investment/welfare hooks,,NODE,KEEP_CANDIDATE,VANILLA_OVERLAP_PENDING_AUDIT_HIGH,~1790s–1810s,"Banks, friendly societies and household saving practices",Institutions explicitly designed for small deposits by lower/middle income households,Trustee savings banks around 1800–1817,XIXe,HIGH,Potential investment-pool / pop saving / self-provision mechanic; keep only if distinct gameplay exists,Poids according to urbanization and household wealth,,,Savings-bank institution/company candidate,,May become institution/PM instead of core node after vanilla/economy audit.,https://hansard.parliament.uk/html/Commons/1850-04-29/CommonsChamber
professional_civil_policing,Police civile professionnelle,Professional Civil Policing,Society,État / ordre public,VI,~1825–1836,UNIVERSAL,systematic_legal_codification; systematic_administrative_statistics,,Permanent salaried civil police; standardized territorial organization; Law Enforcement institution upgrade,POST_1836_modern_policing,NODE,STRONG_KEEP,VANILLA_OVERLAP_PENDING_AUDIT,"Late XVIIIe antecedents, 1820s frontier","Urban police, constables, watch systems, gendarmerie and maréchaussée",Permanent professional civil force distinct from ordinary military coercion,Metropolitan Police 1829 as major model,XIXe,HIGH,Law Enforcement throughput with bureaucracy/wage cost,"Poids according to turmoil, urbanization and crime/order needs",,,Law Enforcement Institution PM/upgrade,,Not 'invention of police'.,https://www.met.police.uk/police-forces/metropolitan-police/areas/about-us/about-the-met/met-museums-archives/timeline/
mass_circulation_press,Presse à grande diffusion,Mass-Circulation Press,Society,Information / médias,VI,~1825–1836,UNIVERSAL,mechanized_printing; organized_elementary_schooling,,Cheap high-volume newspapers; advertising-supported circulation; movement/public-opinion reach ↑↑; paper demand ↑↑,POST_1836_mass_politics; modern_news_agencies,NODE,STRONG_KEEP,VANILLA_OVERLAP_PENDING_AUDIT,1830s frontier,Mechanized printing and expanding literacy,"Low-price, advertising-financed mass urban readership",New York Sun 1833; La Presse 1836,Mid XIXe,HIGH,Mass political/media reach; interacts strongly with press laws,"Poids with literacy, cities and paper supply",Paper / Continuous Papermaking,,Free Press vs censorship radically changes effects,,,https://www.loc.gov/item/sn83030272/;https://francearchives.gouv.fr/fr/pages_histoire/39828
liberal_constitutionalism,Constitutionnalisme libéral,Liberal Constitutionalism,Society,Politique / institutions,VI,~1825–1836,UNIVERSAL,constitutional_government; universal_rights_discourse; classical_political_economy,,Expanded representative/civil-rights/economic-reform movement and law hooks,POST_1836_mass_democracy,NODE,KEEP_CONCEPT,VANILLA_OVERLAP_PENDING_AUDIT_HIGH,1810s–1830s,"Constitutionalism, rights discourse and classical political economy",Coherent early-nineteenth-century liberal reform program,Liberal movements/revolutions of 1820s–1830s; varied constitutional outcomes,XIXe,HIGH,Unlock/weight liberal law options; does not force democratization or laissez-faire,IG/movement driven,,,"Representation, civil liberties, market reform",,Merges the former V0.1 nodes Classical Liberal Reform + Liberal Constitutionalism.,https://assets.cambridge.org/97805211/95027/excerpt/9780521195027_excerpt.pdf
organized_labor_movements,Mouvements ouvriers organisés,Organized Labor Movements,Society,Travail / mouvements sociaux,VI,~1825–1836,UNIVERSAL,organized_reform_movements,Economic condition: industrial/urban wage workforce,Trade-union/combination movement hooks; strikes; wage/hour bargaining; labor-law pressure,POST_1836_trade_unionism; socialism,NODE,STRONG_KEEP,VANILLA_OVERLAP_PENDING_AUDIT,"Late XVIIIe antecedents, 1820s consolidation","Guilds, journeymen associations, benefit societies, local combinations","Cross-workplace/trade worker combinations with delegates, funds and collective bargaining/strikes",Combination laws repress 1799–1800; repeal 1824 and modified regime 1825 in Britain illustrate institutional recognition of an already-existing movement,XIXe,HIGH,"Worker movements and labor-law pressure; legality determined by laws, not tech",Pop/IG driven,Industrial workforce,,Combination legality / union rights,,Mass press is NOT a hard prerequisite; organized labor predates the penny press.,https://api.parliament.uk/historic-hansard/commons/1824/may/21/combination-laws-resolutions-of-select;https://hansard.parliament.uk/Lords/1871-05-01/debates/446bedb0-9a9f-44e9-88b6-38d614a53e32/TradesUnionsBill%E2%80%94%28No68%29
early_socialism_cooperativism,Socialismes précoces et coopérativisme,Early Socialism & Cooperativism,Society,Pensée sociale / mouvements,VI,~1825–1836,UNIVERSAL,organized_reform_movements; classical_political_economy,Economic condition: industrial social change,Early socialist/cooperative ideologies; communitarian/cooperative movement hooks; worker-reform politics,POST_1836_socialism,NODE,STRONG_KEEP,VANILLA_OVERLAP_PENDING_AUDIT,1810s–1830s,"Communitarian, egalitarian, religious and social-reform traditions",Systematic critiques of competitive industrial society plus alternative cooperative/communitarian plans,Owen 1813 onward; Saint-Simon/Fourier traditions; experiments and movements in 1820s–30s,1830s onward,HIGH,"Ideology/movement unlock, not automatic socialist law",Pop/IG/intellectual movement driven,,,,,Name avoids treating the later Marxist label 'utopian socialism' as the actors' own universal category.,https://plato.stanford.edu/archives/sum2024/entries/marx/;https://support.bl.uk/Files/edd1284e-aaa3-4382-8ee2-acd700e7644d/British-Library_Philanthropy_compressed.pdf
