tag,formation,state,unit_type,raw_cap,effective_cap,r1_assigned,final_assigned,rejection_reason,materialization_expected,law_forced_composition_simplification,mismatch_after
ACE,FIRST_SCRIPTED_LAND_FORMATION,STATE_ACEH,combat_unit_type_irregular_infantry,4,2,4,2,NONE,YES,YES,0
AGC,FIRST_SCRIPTED_LAND_FORMATION,STATE_MOCAMBIQUE,combat_unit_type_irregular_infantry,1,0,1,0,ZERO_EFFECTIVE_CAP,N/A,YES,0
AIT,FIRST_SCRIPTED_LAND_FORMATION,STATE_CONSTANTINE,combat_unit_type_irregular_infantry,3,1,2,1,NONE,YES,YES,0
ALK,NONE,STATE_ALASKA,N/A_NO_SCRIPTED_CONSCRIPTS,1,0,0,0,ZERO_EFFECTIVE_CAP,N/A,NO,0
ALK,NONE,STATE_SAKHALIN,N/A_NO_SCRIPTED_CONSCRIPTS,1,0,0,0,ZERO_EFFECTIVE_CAP,N/A,NO,0
ANH,NONE,STATE_ANHALT,N/A_NO_SCRIPTED_CONSCRIPTS,1,0,0,0,ZERO_EFFECTIVE_CAP,N/A,NO,0
ANK,FIRST_SCRIPTED_LAND_FORMATION,STATE_UGANDA,combat_unit_type_irregular_infantry,3,2,3,2,NONE,YES,YES,0
ARB,FIRST_SCRIPTED_LAND_FORMATION,STATE_KHUZESTAN,combat_unit_type_irregular_infantry,5,2,5,2,NONE,YES,YES,0
ASH,FIRST_SCRIPTED_LAND_FORMATION,STATE_GOLD_COAST,combat_unit_type_irregular_infantry,6,5,6,5,NONE,YES,YES,0
ASH,FIRST_SCRIPTED_LAND_FORMATION,STATE_TOGO,combat_unit_type_irregular_infantry,7,6,7,6,NONE,YES,YES,0
AUS,FIRST_SCRIPTED_LAND_FORMATION,STATE_AUSTRIA,combat_unit_type_line_infantry,7,6,7,6,NONE,YES,NO,0
AUS,FIRST_SCRIPTED_LAND_FORMATION,STATE_BOHEMIA,combat_unit_type_line_infantry,13,12,13,12,NONE,YES,NO,0
AUS,FIRST_SCRIPTED_LAND_FORMATION,STATE_BUKOVINA,combat_unit_type_line_infantry,2,1,2,1,NONE,YES,NO,0
AUS,FIRST_SCRIPTED_LAND_FORMATION,STATE_CROATIA,combat_unit_type_line_infantry,3,2,3,2,NONE,YES,NO,0
AUS,FIRST_SCRIPTED_LAND_FORMATION,STATE_EAST_SWITZERLAND,combat_unit_type_line_infantry,1,0,1,0,ZERO_EFFECTIVE_CAP,N/A,NO,0
AUS,FIRST_SCRIPTED_LAND_FORMATION,STATE_LOMBARDY,combat_unit_type_line_infantry,8,7,8,7,NONE,YES,NO,0
AUS,FIRST_SCRIPTED_LAND_FORMATION,STATE_MORAVIA,combat_unit_type_line_infantry,6,5,6,5,NONE,YES,NO,0
AUS,FIRST_SCRIPTED_LAND_FORMATION,STATE_SLAVONIA,combat_unit_type_line_infantry,2,1,2,1,NONE,YES,NO,0
AUS,FIRST_SCRIPTED_LAND_FORMATION,STATE_SLOVENIA,combat_unit_type_line_infantry,2,1,2,1,NONE,YES,NO,0
AUS,FIRST_SCRIPTED_LAND_FORMATION,STATE_STYRIA,combat_unit_type_line_infantry,3,2,3,2,NONE,YES,NO,0
AUS,FIRST_SCRIPTED_LAND_FORMATION,STATE_TYROL,combat_unit_type_line_infantry,2,1,2,1,NONE,YES,NO,0
AUS,FIRST_SCRIPTED_LAND_FORMATION,STATE_UPPER_SILESIA,combat_unit_type_line_infantry,2,1,2,1,NONE,YES,NO,0
AWA,FIRST_SCRIPTED_LAND_FORMATION,STATE_AWADH,combat_unit_type_line_infantry,13,7,13,7,NONE,YES,NO,0
BAD,FIRST_SCRIPTED_LAND_FORMATION,STATE_BADEN,combat_unit_type_line_infantry,4,3,4,3,NONE,YES,NO,0
BAL,FIRST_SCRIPTED_LAND_FORMATION,STATE_SUNDA_ISLANDS,combat_unit_type_irregular_infantry,9,8,8,8,NONE,YES,YES,0
BAV,FIRST_SCRIPTED_LAND_FORMATION,STATE_BAVARIA,combat_unit_type_line_infantry,5,4,4,4,NONE,YES,NO,0
BAV,FIRST_SCRIPTED_LAND_FORMATION,STATE_FRANCONIA,combat_unit_type_line_infantry,5,4,0,0,CAPACITY_NOT_NEEDED_FOR_FINAL_TARGET,N/A,NO,0
BAV,FIRST_SCRIPTED_LAND_FORMATION,STATE_RHINELAND,combat_unit_type_line_infantry,2,1,0,0,CAPACITY_NOT_NEEDED_FOR_FINAL_TARGET,N/A,NO,0
BEN,FIRST_SCRIPTED_LAND_FORMATION,STATE_BENIN,combat_unit_type_irregular_infantry,19,18,19,18,NONE,YES,YES,0
BEO,NONE,STATE_FLANDERS,N/A_NO_SCRIPTED_CONSCRIPTS,6,5,0,0,CAPACITY_NOT_NEEDED_FOR_FINAL_TARGET,N/A,NO,0
BEO,NONE,STATE_GELRE,N/A_NO_SCRIPTED_CONSCRIPTS,1,0,0,0,ZERO_EFFECTIVE_CAP,N/A,NO,0
BEO,NONE,STATE_WALLONIA,N/A_NO_SCRIPTED_CONSCRIPTS,4,3,0,0,CAPACITY_NOT_NEEDED_FOR_FINAL_TARGET,N/A,NO,0
BGI,FIRST_SCRIPTED_LAND_FORMATION,STATE_WADDAI,combat_unit_type_irregular_infantry,2,0,2,0,ZERO_EFFECTIVE_CAP,N/A,YES,0
BHN,NONE,STATE_ABU_DHABI,N/A_NO_SCRIPTED_CONSCRIPTS,1,0,0,0,ZERO_EFFECTIVE_CAP,N/A,YES,0
BHN,NONE,STATE_LARISTAN,N/A_NO_SCRIPTED_CONSCRIPTS,1,0,0,0,ZERO_EFFECTIVE_CAP,N/A,YES,0
BHU,FIRST_SCRIPTED_LAND_FORMATION,STATE_EASTERN_HIMALAYAS,combat_unit_type_irregular_infantry,2,1,2,1,NONE,YES,YES,0
BHV,FIRST_SCRIPTED_LAND_FORMATION,STATE_GUJARAT,combat_unit_type_irregular_infantry,25,25,4,4,NONE,YES,YES,0
BIC,FIRST_SCRIPTED_LAND_FORMATION,STATE_AWADH,combat_unit_type_line_infantry,10,9,0,0,CAPACITY_NOT_NEEDED_FOR_FINAL_TARGET,N/A,NO,0
BIC,FIRST_SCRIPTED_LAND_FORMATION,STATE_BIHAR,combat_unit_type_line_infantry,33,32,0,0,CAPACITY_NOT_NEEDED_FOR_FINAL_TARGET,N/A,NO,0
BIC,FIRST_SCRIPTED_LAND_FORMATION,STATE_BUNDELKHAND,combat_unit_type_line_infantry,2,1,0,0,CAPACITY_NOT_NEEDED_FOR_FINAL_TARGET,N/A,NO,0
BIC,FIRST_SCRIPTED_LAND_FORMATION,STATE_CIRCARS,combat_unit_type_line_infantry,8,7,0,0,CAPACITY_NOT_NEEDED_FOR_FINAL_TARGET,N/A,NO,0
BIC,FIRST_SCRIPTED_LAND_FORMATION,STATE_EAST_BENGAL,combat_unit_type_line_infantry,50,50,45,45,NONE,YES,NO,0
BIC,FIRST_SCRIPTED_LAND_FORMATION,STATE_PEGU,combat_unit_type_line_infantry,1,0,0,0,ZERO_EFFECTIVE_CAP,N/A,NO,0
BIC,FIRST_SCRIPTED_LAND_FORMATION,STATE_WEST_BENGAL,combat_unit_type_line_infantry,45,44,0,0,CAPACITY_NOT_NEEDED_FOR_FINAL_TARGET,N/A,NO,0
BLG,FIRST_SCRIPTED_LAND_FORMATION,STATE_EAST_BORNEO,combat_unit_type_irregular_infantry,2,0,2,0,ZERO_EFFECTIVE_CAP,N/A,YES,0
BLG,FIRST_SCRIPTED_LAND_FORMATION,STATE_NORTH_BORNEO,combat_unit_type_irregular_infantry,1,0,0,0,ZERO_EFFECTIVE_CAP,N/A,YES,0
BNJ,FIRST_SCRIPTED_LAND_FORMATION,STATE_EAST_BORNEO,combat_unit_type_irregular_infantry,2,1,2,1,NONE,YES,YES,0
BNY,FIRST_SCRIPTED_LAND_FORMATION,STATE_UGANDA,combat_unit_type_irregular_infantry,3,2,3,2,NONE,YES,YES,0
BOR,FIRST_SCRIPTED_LAND_FORMATION,STATE_BORNU,combat_unit_type_irregular_infantry,7,3,7,3,NONE,YES,YES,0
BOR,FIRST_SCRIPTED_LAND_FORMATION,STATE_CHAD,combat_unit_type_irregular_infantry,1,0,1,0,ZERO_EFFECTIVE_CAP,N/A,YES,0
BOR,FIRST_SCRIPTED_LAND_FORMATION,STATE_OUTER_HAUSALAND,combat_unit_type_irregular_infantry,2,0,2,0,ZERO_EFFECTIVE_CAP,N/A,YES,0
BOR,FIRST_SCRIPTED_LAND_FORMATION,STATE_WADDAI,combat_unit_type_irregular_infantry,1,0,1,0,ZERO_EFFECTIVE_CAP,N/A,YES,0
BRA,NONE,STATE_BRUNSWICK,N/A_NO_SCRIPTED_CONSCRIPTS,1,0,0,0,ZERO_EFFECTIVE_CAP,N/A,NO,0
BRD,FIRST_SCRIPTED_LAND_FORMATION,STATE_TANGANYIKA,combat_unit_type_irregular_infantry,5,4,5,4,NONE,YES,YES,0
BRE,NONE,STATE_ELBE,N/A_NO_SCRIPTED_CONSCRIPTS,1,0,0,0,ZERO_EFFECTIVE_CAP,N/A,NO,0
BRG,FIRST_SCRIPTED_LAND_FORMATION,STATE_DAHOMEY,combat_unit_type_irregular_infantry,3,1,3,1,NONE,YES,YES,0
BRG,FIRST_SCRIPTED_LAND_FORMATION,STATE_HAUSALAND,combat_unit_type_irregular_infantry,1,0,0,0,ZERO_EFFECTIVE_CAP,N/A,YES,0
BRU,FIRST_SCRIPTED_LAND_FORMATION,STATE_NORTH_BORNEO,combat_unit_type_irregular_infantry,3,1,2,1,NONE,YES,YES,0
BRZ,NONE,STATE_BAHIA,N/A_NO_SCRIPTED_CONSCRIPTS,3,2,0,0,CAPACITY_NOT_NEEDED_FOR_FINAL_TARGET,N/A,NO,0
BRZ,NONE,STATE_CEARA,N/A_NO_SCRIPTED_CONSCRIPTS,1,0,0,0,ZERO_EFFECTIVE_CAP,N/A,NO,0
BRZ,NONE,STATE_GOIAS,N/A_NO_SCRIPTED_CONSCRIPTS,1,0,0,0,ZERO_EFFECTIVE_CAP,N/A,NO,0
BRZ,NONE,STATE_MARANHAO,N/A_NO_SCRIPTED_CONSCRIPTS,1,0,0,0,ZERO_EFFECTIVE_CAP,N/A,NO,0
BRZ,NONE,STATE_MINAS_GERAIS,N/A_NO_SCRIPTED_CONSCRIPTS,3,2,0,0,CAPACITY_NOT_NEEDED_FOR_FINAL_TARGET,N/A,NO,0
BRZ,NONE,STATE_PARA,N/A_NO_SCRIPTED_CONSCRIPTS,1,0,0,0,ZERO_EFFECTIVE_CAP,N/A,NO,0
BRZ,NONE,STATE_PARAIBA,N/A_NO_SCRIPTED_CONSCRIPTS,1,0,0,0,ZERO_EFFECTIVE_CAP,N/A,NO,0
BRZ,NONE,STATE_PARANA,N/A_NO_SCRIPTED_CONSCRIPTS,1,0,0,0,ZERO_EFFECTIVE_CAP,N/A,NO,0
BRZ,NONE,STATE_PERNAMBUCO,N/A_NO_SCRIPTED_CONSCRIPTS,3,2,0,0,CAPACITY_NOT_NEEDED_FOR_FINAL_TARGET,N/A,NO,0
BRZ,NONE,STATE_PIAUI,N/A_NO_SCRIPTED_CONSCRIPTS,1,0,0,0,ZERO_EFFECTIVE_CAP,N/A,NO,0
BRZ,NONE,STATE_RIO_DE_JANEIRO,N/A_NO_SCRIPTED_CONSCRIPTS,3,2,0,0,CAPACITY_NOT_NEEDED_FOR_FINAL_TARGET,N/A,NO,0
BRZ,NONE,STATE_RIO_GRANDE_DO_NORTE,N/A_NO_SCRIPTED_CONSCRIPTS,1,0,0,0,ZERO_EFFECTIVE_CAP,N/A,NO,0
BRZ,NONE,STATE_RIO_GRANDE_DO_SUL,N/A_NO_SCRIPTED_CONSCRIPTS,1,0,0,0,ZERO_EFFECTIVE_CAP,N/A,NO,0
BRZ,NONE,STATE_SANTA_CATARINA,N/A_NO_SCRIPTED_CONSCRIPTS,1,0,0,0,ZERO_EFFECTIVE_CAP,N/A,NO,0
BRZ,NONE,STATE_SAO_PAULO,N/A_NO_SCRIPTED_CONSCRIPTS,2,1,0,0,CAPACITY_NOT_NEEDED_FOR_FINAL_TARGET,N/A,NO,0
BST,FIRST_SCRIPTED_LAND_FORMATION,STATE_VRYSTAAT,combat_unit_type_irregular_infantry,1,0,1,0,ZERO_EFFECTIVE_CAP,N/A,YES,0
BST,FIRST_SCRIPTED_LAND_FORMATION,STATE_ZULULAND,combat_unit_type_irregular_infantry,2,1,2,1,NONE,YES,YES,0
BTN,FIRST_SCRIPTED_LAND_FORMATION,STATE_CELEBES,combat_unit_type_irregular_infantry,1,0,1,0,ZERO_EFFECTIVE_CAP,N/A,YES,0
BUG,FIRST_SCRIPTED_LAND_FORMATION,STATE_UGANDA,combat_unit_type_irregular_infantry,8,7,8,7,NONE,YES,YES,0
BUK,FIRST_SCRIPTED_LAND_FORMATION,STATE_MERZ,combat_unit_type_irregular_infantry,1,0,1,0,ZERO_EFFECTIVE_CAP,N/A,YES,0
BUK,FIRST_SCRIPTED_LAND_FORMATION,STATE_TAJIKISTAN,combat_unit_type_irregular_infantry,4,2,4,2,NONE,YES,YES,0
BUK,FIRST_SCRIPTED_LAND_FORMATION,STATE_UZBEKIA,combat_unit_type_irregular_infantry,12,6,12,6,NONE,YES,YES,0
BUR,FIRST_SCRIPTED_LAND_FORMATION,STATE_KACHIN,combat_unit_type_irregular_infantry,7,6,7,6,NONE,YES,YES,0
BUR,FIRST_SCRIPTED_LAND_FORMATION,STATE_MANDALAY,combat_unit_type_irregular_infantry,11,10,11,10,NONE,YES,YES,0
BUR,FIRST_SCRIPTED_LAND_FORMATION,STATE_PEGU,combat_unit_type_irregular_infantry,14,13,14,13,NONE,YES,YES,0
BUR,FIRST_SCRIPTED_LAND_FORMATION,STATE_SHAN_STATES,combat_unit_type_irregular_infantry,5,4,5,4,NONE,YES,YES,0
BUR,FIRST_SCRIPTED_LAND_FORMATION,STATE_TENASSERIM,combat_unit_type_irregular_infantry,4,3,4,3,NONE,YES,YES,0
CAM,FIRST_SCRIPTED_LAND_FORMATION,STATE_CAMBODIA,combat_unit_type_irregular_infantry,8,7,8,7,NONE,YES,YES,0
CHC,FIRST_SCRIPTED_LAND_FORMATION,STATE_DAGESTAN,combat_unit_type_irregular_infantry,3,1,3,1,NONE,YES,NO,0
CHC,FIRST_SCRIPTED_LAND_FORMATION,STATE_NORTH_CAUCASUS,combat_unit_type_irregular_infantry,2,0,2,0,ZERO_EFFECTIVE_CAP,N/A,NO,0
CHI,FIRST_SCRIPTED_LAND_FORMATION,STATE_ALTAI,combat_unit_type_irregular_infantry,1,0,0,0,ZERO_EFFECTIVE_CAP,N/A,YES,0
CHI,FIRST_SCRIPTED_LAND_FORMATION,STATE_ALXA,combat_unit_type_irregular_infantry,1,0,0,0,ZERO_EFFECTIVE_CAP,N/A,YES,0
CHI,FIRST_SCRIPTED_LAND_FORMATION,STATE_AMUR,combat_unit_type_irregular_infantry,1,0,0,0,ZERO_EFFECTIVE_CAP,N/A,YES,0
CHI,FIRST_SCRIPTED_LAND_FORMATION,STATE_BEIJING,combat_unit_type_irregular_infantry,25,25,25,25,NONE,YES,YES,0
CHI,FIRST_SCRIPTED_LAND_FORMATION,STATE_CHONGQING,combat_unit_type_irregular_infantry,25,25,25,25,NONE,YES,YES,0
CHI,FIRST_SCRIPTED_LAND_FORMATION,STATE_DZUNGARIA,combat_unit_type_irregular_infantry,3,1,0,0,CAPACITY_NOT_NEEDED_FOR_FINAL_TARGET,N/A,YES,0
CHI,FIRST_SCRIPTED_LAND_FORMATION,STATE_EASTERN_HUBEI,combat_unit_type_irregular_infantry,25,25,25,25,NONE,YES,YES,0
CHI,FIRST_SCRIPTED_LAND_FORMATION,STATE_FORMOSA,combat_unit_type_irregular_infantry,25,25,25,25,NONE,YES,YES,0
CHI,FIRST_SCRIPTED_LAND_FORMATION,STATE_FUJIAN,combat_unit_type_irregular_infantry,25,25,25,25,NONE,YES,YES,0
CHI,FIRST_SCRIPTED_LAND_FORMATION,STATE_GANSU,combat_unit_type_irregular_infantry,25,25,25,25,NONE,YES,YES,0
CHI,FIRST_SCRIPTED_LAND_FORMATION,STATE_GUANGDONG,combat_unit_type_irregular_infantry,25,25,0,0,CAPACITY_NOT_NEEDED_FOR_FINAL_TARGET,N/A,YES,0
CHI,FIRST_SCRIPTED_LAND_FORMATION,STATE_GUANGXI,combat_unit_type_irregular_infantry,25,25,0,0,CAPACITY_NOT_NEEDED_FOR_FINAL_TARGET,N/A,YES,0
CHI,FIRST_SCRIPTED_LAND_FORMATION,STATE_GUIZHOU,combat_unit_type_irregular_infantry,25,25,0,0,CAPACITY_NOT_NEEDED_FOR_FINAL_TARGET,N/A,YES,0
CHI,FIRST_SCRIPTED_LAND_FORMATION,STATE_HENAN,combat_unit_type_irregular_infantry,25,25,0,0,CAPACITY_NOT_NEEDED_FOR_FINAL_TARGET,N/A,YES,0
CHI,FIRST_SCRIPTED_LAND_FORMATION,STATE_HINGGAN,combat_unit_type_irregular_infantry,22,10,0,0,CAPACITY_NOT_NEEDED_FOR_FINAL_TARGET,N/A,YES,0
CHI,FIRST_SCRIPTED_LAND_FORMATION,STATE_HUNAN,combat_unit_type_irregular_infantry,25,25,0,0,CAPACITY_NOT_NEEDED_FOR_FINAL_TARGET,N/A,YES,0
CHI,FIRST_SCRIPTED_LAND_FORMATION,STATE_JETISY,combat_unit_type_irregular_infantry,2,0,0,0,ZERO_EFFECTIVE_CAP,N/A,YES,0
CHI,FIRST_SCRIPTED_LAND_FORMATION,STATE_JIANGSU,combat_unit_type_irregular_infantry,25,25,0,0,CAPACITY_NOT_NEEDED_FOR_FINAL_TARGET,N/A,YES,0
CHI,FIRST_SCRIPTED_LAND_FORMATION,STATE_JIANGXI,combat_unit_type_irregular_infantry,25,25,0,0,CAPACITY_NOT_NEEDED_FOR_FINAL_TARGET,N/A,YES,0
CHI,FIRST_SCRIPTED_LAND_FORMATION,STATE_KIRGHIZIA,combat_unit_type_irregular_infantry,1,0,0,0,ZERO_EFFECTIVE_CAP,N/A,YES,0
CHI,FIRST_SCRIPTED_LAND_FORMATION,STATE_NANJING,combat_unit_type_irregular_infantry,25,25,0,0,CAPACITY_NOT_NEEDED_FOR_FINAL_TARGET,N/A,YES,0
CHI,FIRST_SCRIPTED_LAND_FORMATION,STATE_NINGXIA,combat_unit_type_irregular_infantry,25,25,0,0,CAPACITY_NOT_NEEDED_FOR_FINAL_TARGET,N/A,YES,0
CHI,FIRST_SCRIPTED_LAND_FORMATION,STATE_NORTHERN_ANHUI,combat_unit_type_irregular_infantry,25,25,0,0,CAPACITY_NOT_NEEDED_FOR_FINAL_TARGET,N/A,YES,0
CHI,FIRST_SCRIPTED_LAND_FORMATION,STATE_NORTHERN_MANCHURIA,combat_unit_type_irregular_infantry,25,25,0,0,CAPACITY_NOT_NEEDED_FOR_FINAL_TARGET,N/A,YES,0
CHI,FIRST_SCRIPTED_LAND_FORMATION,STATE_OUTER_MANCHURIA,combat_unit_type_irregular_infantry,1,0,0,0,ZERO_EFFECTIVE_CAP,N/A,YES,0
CHI,FIRST_SCRIPTED_LAND_FORMATION,STATE_QINGHAI,combat_unit_type_irregular_infantry,13,6,0,0,CAPACITY_NOT_NEEDED_FOR_FINAL_TARGET,N/A,YES,0
CHI,FIRST_SCRIPTED_LAND_FORMATION,STATE_SHANDONG,combat_unit_type_irregular_infantry,25,25,0,0,CAPACITY_NOT_NEEDED_FOR_FINAL_TARGET,N/A,YES,0
CHI,FIRST_SCRIPTED_LAND_FORMATION,STATE_SHANXI,combat_unit_type_irregular_infantry,25,25,0,0,CAPACITY_NOT_NEEDED_FOR_FINAL_TARGET,N/A,YES,0
CHI,FIRST_SCRIPTED_LAND_FORMATION,STATE_SHAOZHOU,combat_unit_type_irregular_infantry,25,25,0,0,CAPACITY_NOT_NEEDED_FOR_FINAL_TARGET,N/A,YES,0
CHI,FIRST_SCRIPTED_LAND_FORMATION,STATE_SHENGJING,combat_unit_type_irregular_infantry,22,21,0,0,CAPACITY_NOT_NEEDED_FOR_FINAL_TARGET,N/A,YES,0
CHI,FIRST_SCRIPTED_LAND_FORMATION,STATE_SICHUAN,combat_unit_type_irregular_infantry,25,25,0,0,CAPACITY_NOT_NEEDED_FOR_FINAL_TARGET,N/A,YES,0
CHI,FIRST_SCRIPTED_LAND_FORMATION,STATE_SOUTHERN_ANHUI,combat_unit_type_irregular_infantry,25,25,0,0,CAPACITY_NOT_NEEDED_FOR_FINAL_TARGET,N/A,YES,0
CHI,FIRST_SCRIPTED_LAND_FORMATION,STATE_SOUTHERN_MANCHURIA,combat_unit_type_irregular_infantry,25,25,0,0,CAPACITY_NOT_NEEDED_FOR_FINAL_TARGET,N/A,YES,0
CHI,FIRST_SCRIPTED_LAND_FORMATION,STATE_SUZHOU,combat_unit_type_irregular_infantry,25,25,0,0,CAPACITY_NOT_NEEDED_FOR_FINAL_TARGET,N/A,YES,0
CHI,FIRST_SCRIPTED_LAND_FORMATION,STATE_TIANSHAN,combat_unit_type_irregular_infantry,4,1,0,0,CAPACITY_NOT_NEEDED_FOR_FINAL_TARGET,N/A,YES,0
CHI,FIRST_SCRIPTED_LAND_FORMATION,STATE_TUVA,combat_unit_type_irregular_infantry,1,0,0,0,ZERO_EFFECTIVE_CAP,N/A,YES,0
CHI,FIRST_SCRIPTED_LAND_FORMATION,STATE_ULIASTAI,combat_unit_type_irregular_infantry,3,1,0,0,CAPACITY_NOT_NEEDED_FOR_FINAL_TARGET,N/A,YES,0
CHI,FIRST_SCRIPTED_LAND_FORMATION,STATE_URGA,combat_unit_type_irregular_infantry,4,1,0,0,CAPACITY_NOT_NEEDED_FOR_FINAL_TARGET,N/A,YES,0
CHI,FIRST_SCRIPTED_LAND_FORMATION,STATE_WESTERN_HUBEI,combat_unit_type_irregular_infantry,25,25,0,0,CAPACITY_NOT_NEEDED_FOR_FINAL_TARGET,N/A,YES,0
CHI,FIRST_SCRIPTED_LAND_FORMATION,STATE_XIAN,combat_unit_type_irregular_infantry,25,25,0,0,CAPACITY_NOT_NEEDED_FOR_FINAL_TARGET,N/A,YES,0
CHI,FIRST_SCRIPTED_LAND_FORMATION,STATE_YUNNAN,combat_unit_type_irregular_infantry,25,25,0,0,CAPACITY_NOT_NEEDED_FOR_FINAL_TARGET,N/A,YES,0
CHI,FIRST_SCRIPTED_LAND_FORMATION,STATE_ZHEJIANG,combat_unit_type_irregular_infantry,25,25,0,0,CAPACITY_NOT_NEEDED_FOR_FINAL_TARGET,N/A,YES,0
CHI,FIRST_SCRIPTED_LAND_FORMATION,STATE_ZHILI,combat_unit_type_irregular_infantry,25,25,0,0,CAPACITY_NOT_NEEDED_FOR_FINAL_TARGET,N/A,YES,0
CHP,FIRST_SCRIPTED_LAND_FORMATION,STATE_LAOS,combat_unit_type_irregular_infantry,2,1,2,1,NONE,YES,YES,0
CIR,FIRST_SCRIPTED_LAND_FORMATION,STATE_KUBAN,combat_unit_type_irregular_infantry,6,3,6,3,NONE,YES,YES,0
CIR,FIRST_SCRIPTED_LAND_FORMATION,STATE_NORTH_CAUCASUS,combat_unit_type_irregular_infantry,1,0,1,0,ZERO_EFFECTIVE_CAP,N/A,YES,0
CMI,FIRST_SCRIPTED_LAND_FORMATION,STATE_CHIANG_MAI,combat_unit_type_irregular_infantry,10,9,8,8,NONE,YES,YES,0
COB,NONE,STATE_SAXONY,N/A_NO_SCRIPTED_CONSCRIPTS,1,0,0,0,ZERO_EFFECTIVE_CAP,N/A,NO,0
COC,FIRST_SCRIPTED_LAND_FORMATION,STATE_TRAVANCORE,combat_unit_type_irregular_infantry,2,1,2,1,NONE,YES,NO,0
CON,FIRST_SCRIPTED_LAND_FORMATION,STATE_CONSTANTINE,combat_unit_type_irregular_infantry,16,9,4,4,NONE,YES,YES,0
COO,FIRST_SCRIPTED_LAND_FORMATION,STATE_WEST_BENGAL,combat_unit_type_irregular_infantry,1,0,1,0,ZERO_EFFECTIVE_CAP,N/A,NO,0
CRI,FIRST_SCRIPTED_LAND_FORMATION,STATE_BESSARABIA,combat_unit_type_irregular_infantry,7,3,2,3,NONE,YES,YES,0
CRI,FIRST_SCRIPTED_LAND_FORMATION,STATE_CHERSON,combat_unit_type_irregular_infantry,12,6,12,6,NONE,YES,YES,0
CRI,FIRST_SCRIPTED_LAND_FORMATION,STATE_CRIMEA,combat_unit_type_irregular_infantry,4,1,0,1,NONE,YES,YES,0
CRI,FIRST_SCRIPTED_LAND_FORMATION,STATE_KUBAN,combat_unit_type_irregular_infantry,5,1,0,1,NONE,YES,YES,0
CRI,FIRST_SCRIPTED_LAND_FORMATION,STATE_TAURIDA,combat_unit_type_irregular_infantry,16,9,16,9,NONE,YES,YES,0
CUB,NONE,STATE_CENTRAL_CUBA,N/A_NO_SCRIPTED_CONSCRIPTS,2,1,0,0,CAPACITY_NOT_NEEDED_FOR_FINAL_TARGET,N/A,NO,0
CUB,NONE,STATE_EASTERN_CUBA,N/A_NO_SCRIPTED_CONSCRIPTS,1,0,0,0,ZERO_EFFECTIVE_CAP,N/A,NO,0
CUB,NONE,STATE_WESTERN_CUBA,N/A_NO_SCRIPTED_CONSCRIPTS,2,1,0,0,CAPACITY_NOT_NEEDED_FOR_FINAL_TARGET,N/A,NO,0
DAH,FIRST_SCRIPTED_LAND_FORMATION,STATE_DAHOMEY,combat_unit_type_irregular_infantry,5,4,5,4,NONE,YES,YES,0
DAI,NONE,STATE_ANNAM,N/A_NO_SCRIPTED_CONSCRIPTS,25,24,0,0,CAPACITY_NOT_NEEDED_FOR_FINAL_TARGET,N/A,YES,0
DAI,NONE,STATE_LAOS,N/A_NO_SCRIPTED_CONSCRIPTS,1,0,0,0,ZERO_EFFECTIVE_CAP,N/A,YES,0
DAI,NONE,STATE_MEKONG,N/A_NO_SCRIPTED_CONSCRIPTS,19,18,0,0,CAPACITY_NOT_NEEDED_FOR_FINAL_TARGET,N/A,YES,0
DAI,NONE,STATE_TONKIN,N/A_NO_SCRIPTED_CONSCRIPTS,24,23,0,0,CAPACITY_NOT_NEEDED_FOR_FINAL_TARGET,N/A,YES,0
DEI,FIRST_SCRIPTED_LAND_FORMATION,STATE_CAPE_COLONY,combat_unit_type_irregular_infantry,5,4,0,0,CAPACITY_NOT_NEEDED_FOR_FINAL_TARGET,N/A,YES,0
DEI,FIRST_SCRIPTED_LAND_FORMATION,STATE_CELEBES,combat_unit_type_irregular_infantry,1,0,0,0,ZERO_EFFECTIVE_CAP,N/A,YES,0
DEI,FIRST_SCRIPTED_LAND_FORMATION,STATE_CENTRAL_JAVA,combat_unit_type_irregular_infantry,22,21,0,18,NONE,YES,YES,0
DEI,FIRST_SCRIPTED_LAND_FORMATION,STATE_CEYLON,combat_unit_type_irregular_infantry,13,12,0,0,CAPACITY_NOT_NEEDED_FOR_FINAL_TARGET,N/A,YES,0
DEI,FIRST_SCRIPTED_LAND_FORMATION,STATE_EASTERN_CAPE,combat_unit_type_irregular_infantry,2,1,0,0,CAPACITY_NOT_NEEDED_FOR_FINAL_TARGET,N/A,YES,0
DEI,FIRST_SCRIPTED_LAND_FORMATION,STATE_EAST_JAVA,combat_unit_type_irregular_infantry,22,21,0,0,CAPACITY_NOT_NEEDED_FOR_FINAL_TARGET,N/A,YES,0
DEI,FIRST_SCRIPTED_LAND_FORMATION,STATE_MOLUCCAS,combat_unit_type_irregular_infantry,3,2,0,0,CAPACITY_NOT_NEEDED_FOR_FINAL_TARGET,N/A,YES,0
DEI,FIRST_SCRIPTED_LAND_FORMATION,STATE_SUNDA_ISLANDS,combat_unit_type_irregular_infantry,8,7,0,0,CAPACITY_NOT_NEEDED_FOR_FINAL_TARGET,N/A,YES,0
DEI,FIRST_SCRIPTED_LAND_FORMATION,STATE_WEST_JAVA,combat_unit_type_irregular_infantry,25,19,18,0,CAPACITY_NOT_NEEDED_FOR_FINAL_TARGET,N/A,YES,0
DENNOR,FIRST_SCRIPTED_LAND_FORMATION,STATE_EASTERN_NORWAY,combat_unit_type_irregular_infantry,1,0,1,0,ZERO_EFFECTIVE_CAP,N/A,NO,0
DENNOR,FIRST_SCRIPTED_LAND_FORMATION,STATE_GOLD_COAST,combat_unit_type_irregular_infantry,1,0,1,0,ZERO_EFFECTIVE_CAP,N/A,NO,0
DENNOR,FIRST_SCRIPTED_LAND_FORMATION,STATE_GREENLAND,combat_unit_type_irregular_infantry,1,0,1,0,ZERO_EFFECTIVE_CAP,N/A,NO,0
DENNOR,FIRST_SCRIPTED_LAND_FORMATION,STATE_ICELAND,combat_unit_type_irregular_infantry,1,0,1,0,ZERO_EFFECTIVE_CAP,N/A,NO,0
DENNOR,FIRST_SCRIPTED_LAND_FORMATION,STATE_JUTLAND,combat_unit_type_irregular_infantry,2,1,2,1,NONE,YES,NO,0
DENNOR,FIRST_SCRIPTED_LAND_FORMATION,STATE_MADRAS,combat_unit_type_irregular_infantry,1,0,1,0,ZERO_EFFECTIVE_CAP,N/A,NO,0
DENNOR,FIRST_SCRIPTED_LAND_FORMATION,STATE_NORTHERN_NORWAY,combat_unit_type_irregular_infantry,1,0,1,0,ZERO_EFFECTIVE_CAP,N/A,NO,0
DENNOR,FIRST_SCRIPTED_LAND_FORMATION,STATE_PEGU,combat_unit_type_irregular_infantry,1,0,1,0,ZERO_EFFECTIVE_CAP,N/A,NO,0
DENNOR,FIRST_SCRIPTED_LAND_FORMATION,STATE_WESTERN_NORWAY,combat_unit_type_irregular_infantry,2,1,2,1,NONE,YES,NO,0
DENNOR,FIRST_SCRIPTED_LAND_FORMATION,STATE_WEST_INDIES,combat_unit_type_irregular_infantry,1,0,1,0,ZERO_EFFECTIVE_CAP,N/A,NO,0
DENNOR,FIRST_SCRIPTED_LAND_FORMATION,STATE_ZEALAND,combat_unit_type_irregular_infantry,2,1,2,1,NONE,YES,NO,0
DFR,FIRST_SCRIPTED_LAND_FORMATION,STATE_DARFUR,combat_unit_type_irregular_infantry,3,1,3,1,NONE,YES,YES,0
DUR,FIRST_SCRIPTED_LAND_FORMATION,STATE_BALKH,combat_unit_type_irregular_infantry,3,1,3,1,NONE,YES,YES,0
DUR,FIRST_SCRIPTED_LAND_FORMATION,STATE_BALUCHISTAN,combat_unit_type_irregular_infantry,12,6,12,6,NONE,YES,YES,0
DUR,FIRST_SCRIPTED_LAND_FORMATION,STATE_CENTRAL_HIGHLANDS,combat_unit_type_irregular_infantry,3,1,3,1,NONE,YES,YES,0
DUR,FIRST_SCRIPTED_LAND_FORMATION,STATE_HERAT,combat_unit_type_irregular_infantry,10,5,10,5,NONE,YES,YES,0
DUR,FIRST_SCRIPTED_LAND_FORMATION,STATE_HILL_PUNJAB,combat_unit_type_irregular_infantry,25,14,25,14,NONE,YES,YES,0
DUR,FIRST_SCRIPTED_LAND_FORMATION,STATE_KABUL,combat_unit_type_irregular_infantry,12,6,12,6,NONE,YES,YES,0
DUR,FIRST_SCRIPTED_LAND_FORMATION,STATE_KANDAHAR,combat_unit_type_irregular_infantry,9,5,9,5,NONE,YES,YES,0
DUR,FIRST_SCRIPTED_LAND_FORMATION,STATE_KASHMIR,combat_unit_type_irregular_infantry,17,10,17,10,NONE,YES,YES,0
DUR,FIRST_SCRIPTED_LAND_FORMATION,STATE_NORTHERN_BALUCHISTAN,combat_unit_type_irregular_infantry,1,0,0,0,ZERO_EFFECTIVE_CAP,N/A,YES,0
DUR,FIRST_SCRIPTED_LAND_FORMATION,STATE_PASHTUNISTAN,combat_unit_type_irregular_infantry,23,13,23,13,NONE,YES,YES,0
DUR,FIRST_SCRIPTED_LAND_FORMATION,STATE_PUNJAB,combat_unit_type_irregular_infantry,3,1,2,1,NONE,YES,YES,0
DUR,FIRST_SCRIPTED_LAND_FORMATION,STATE_QUETTA,combat_unit_type_irregular_infantry,4,1,4,1,NONE,YES,YES,0
DUR,FIRST_SCRIPTED_LAND_FORMATION,STATE_SISTAN,combat_unit_type_irregular_infantry,2,0,0,0,ZERO_EFFECTIVE_CAP,N/A,YES,0
ETH,FIRST_SCRIPTED_LAND_FORMATION,STATE_AMHARA,combat_unit_type_irregular_infantry,25,24,25,23,NONE,YES,YES,0
ETH,FIRST_SCRIPTED_LAND_FORMATION,STATE_ERITREA,combat_unit_type_irregular_infantry,1,0,0,0,ZERO_EFFECTIVE_CAP,N/A,YES,0
ETH,FIRST_SCRIPTED_LAND_FORMATION,STATE_GONDER,combat_unit_type_irregular_infantry,25,25,23,25,NONE,YES,YES,0
ETH,FIRST_SCRIPTED_LAND_FORMATION,STATE_OROMIA,combat_unit_type_irregular_infantry,18,17,0,0,CAPACITY_NOT_NEEDED_FOR_FINAL_TARGET,N/A,YES,0
EZO,NONE,STATE_HOKKAIDO,N/A_NO_SCRIPTED_CONSCRIPTS,1,0,0,0,ZERO_EFFECTIVE_CAP,N/A,YES,0
EZO,NONE,STATE_SAKHALIN,N/A_NO_SCRIPTED_CONSCRIPTS,1,0,0,0,ZERO_EFFECTIVE_CAP,N/A,YES,0
FRA,FIRST_SCRIPTED_LAND_FORMATION,STATE_ALSACE_LORRAINE,combat_unit_type_line_infantry,4,3,4,3,NONE,YES,NO,0
FRA,FIRST_SCRIPTED_LAND_FORMATION,STATE_AQUITAINE,combat_unit_type_line_infantry,5,4,5,4,NONE,YES,NO,0
FRA,FIRST_SCRIPTED_LAND_FORMATION,STATE_AUVERGNE_LIMOUSIN,combat_unit_type_line_infantry,6,5,6,5,NONE,YES,NO,0
FRA,FIRST_SCRIPTED_LAND_FORMATION,STATE_BRITTANY,combat_unit_type_line_infantry,7,6,7,6,NONE,YES,NO,0
FRA,FIRST_SCRIPTED_LAND_FORMATION,STATE_BURGUNDY,combat_unit_type_line_infantry,4,3,4,3,NONE,YES,NO,0
FRA,FIRST_SCRIPTED_LAND_FORMATION,STATE_CHAMPAGNE,combat_unit_type_line_infantry,3,2,1,2,NONE,YES,NO,0
FRA,FIRST_SCRIPTED_LAND_FORMATION,STATE_CORSICA,combat_unit_type_line_infantry,1,0,0,0,ZERO_EFFECTIVE_CAP,N/A,NO,0
FRA,FIRST_SCRIPTED_LAND_FORMATION,STATE_FRANCHE_COMTE,combat_unit_type_line_infantry,3,2,0,2,NONE,YES,NO,0
FRA,FIRST_SCRIPTED_LAND_FORMATION,STATE_FRENCH_LOW_COUNTRIES,combat_unit_type_line_infantry,5,4,5,4,NONE,YES,NO,0
FRA,FIRST_SCRIPTED_LAND_FORMATION,STATE_GUAYANA,combat_unit_type_line_infantry,1,0,0,0,ZERO_EFFECTIVE_CAP,N/A,NO,0
FRA,FIRST_SCRIPTED_LAND_FORMATION,STATE_GUYENNE,combat_unit_type_line_infantry,5,4,5,4,NONE,YES,NO,0
FRA,FIRST_SCRIPTED_LAND_FORMATION,STATE_ILE_DE_FRANCE,combat_unit_type_line_infantry,5,4,5,4,NONE,YES,NO,0
FRA,FIRST_SCRIPTED_LAND_FORMATION,STATE_INDIAN_OCEAN_TERRITORY,combat_unit_type_line_infantry,1,0,0,0,ZERO_EFFECTIVE_CAP,N/A,NO,0
FRA,FIRST_SCRIPTED_LAND_FORMATION,STATE_IVORY_COAST,combat_unit_type_line_infantry,1,0,0,0,ZERO_EFFECTIVE_CAP,N/A,NO,0
FRA,FIRST_SCRIPTED_LAND_FORMATION,STATE_LANGUEDOC,combat_unit_type_line_infantry,6,5,6,5,NONE,YES,NO,0
FRA,FIRST_SCRIPTED_LAND_FORMATION,STATE_LORRAINE,combat_unit_type_line_infantry,3,2,0,2,NONE,YES,NO,0
FRA,FIRST_SCRIPTED_LAND_FORMATION,STATE_MADRAS,combat_unit_type_line_infantry,1,0,0,0,ZERO_EFFECTIVE_CAP,N/A,NO,0
FRA,FIRST_SCRIPTED_LAND_FORMATION,STATE_MAINE_ANJOU,combat_unit_type_line_infantry,5,4,5,4,NONE,YES,NO,0
FRA,FIRST_SCRIPTED_LAND_FORMATION,STATE_NORMANDY,combat_unit_type_line_infantry,7,6,7,6,NONE,YES,NO,0
FRA,FIRST_SCRIPTED_LAND_FORMATION,STATE_ORLEANS,combat_unit_type_line_infantry,4,3,4,3,NONE,YES,NO,0
FRA,FIRST_SCRIPTED_LAND_FORMATION,STATE_PICARDY,combat_unit_type_line_infantry,4,3,4,3,NONE,YES,NO,0
FRA,FIRST_SCRIPTED_LAND_FORMATION,STATE_POITOU,combat_unit_type_line_infantry,5,4,5,4,NONE,YES,NO,0
FRA,FIRST_SCRIPTED_LAND_FORMATION,STATE_PROVENCE,combat_unit_type_line_infantry,3,2,0,2,NONE,YES,NO,0
FRA,FIRST_SCRIPTED_LAND_FORMATION,STATE_RHONE,combat_unit_type_line_infantry,7,6,7,6,NONE,YES,NO,0
FRA,FIRST_SCRIPTED_LAND_FORMATION,STATE_SENEGAL,combat_unit_type_line_infantry,1,0,0,0,ZERO_EFFECTIVE_CAP,N/A,NO,0
FRA,FIRST_SCRIPTED_LAND_FORMATION,STATE_WEST_INDIES,combat_unit_type_line_infantry,1,0,0,0,ZERO_EFFECTIVE_CAP,N/A,NO,0
FRM,NONE,STATE_HESSE,N/A_NO_SCRIPTED_CONSCRIPTS,1,0,0,0,ZERO_EFFECTIVE_CAP,N/A,NO,0
FTJ,FIRST_SCRIPTED_LAND_FORMATION,STATE_GUINEA,combat_unit_type_irregular_infantry,5,2,5,2,NONE,YES,YES,0
FTR,FIRST_SCRIPTED_LAND_FORMATION,STATE_MAURITANIA,combat_unit_type_irregular_infantry,1,0,1,0,ZERO_EFFECTIVE_CAP,N/A,YES,0
FTR,FIRST_SCRIPTED_LAND_FORMATION,STATE_SENEGAL,combat_unit_type_irregular_infantry,2,0,2,0,ZERO_EFFECTIVE_CAP,N/A,YES,0
GAL,NONE,STATE_EAST_GALICIA,N/A_NO_SCRIPTED_CONSCRIPTS,8,7,0,0,CAPACITY_NOT_NEEDED_FOR_FINAL_TARGET,N/A,NO,0
GAL,NONE,STATE_WEST_GALICIA,N/A_NO_SCRIPTED_CONSCRIPTS,7,6,0,0,CAPACITY_NOT_NEEDED_FOR_FINAL_TARGET,N/A,NO,0
GAR,FIRST_SCRIPTED_LAND_FORMATION,STATE_AGRA,combat_unit_type_irregular_infantry,1,0,1,0,ZERO_EFFECTIVE_CAP,N/A,NO,0
GBR,FIRST_SCRIPTED_LAND_FORMATION,STATE_BAHAMAS,combat_unit_type_line_infantry,1,0,1,0,ZERO_EFFECTIVE_CAP,N/A,NO,0
GBR,FIRST_SCRIPTED_LAND_FORMATION,STATE_BALEARIC_ISLANDS,combat_unit_type_line_infantry,1,0,1,0,ZERO_EFFECTIVE_CAP,N/A,NO,0
GBR,FIRST_SCRIPTED_LAND_FORMATION,STATE_BERMUDA,combat_unit_type_line_infantry,1,0,1,0,ZERO_EFFECTIVE_CAP,N/A,NO,0
GBR,FIRST_SCRIPTED_LAND_FORMATION,STATE_CEYLON,combat_unit_type_line_infantry,1,0,1,0,ZERO_EFFECTIVE_CAP,N/A,NO,0
GBR,FIRST_SCRIPTED_LAND_FORMATION,STATE_EAST_ANGLIA,combat_unit_type_line_infantry,4,4,4,4,NONE,YES,NO,0
GBR,FIRST_SCRIPTED_LAND_FORMATION,STATE_FLORIDA,combat_unit_type_line_infantry,1,0,1,0,ZERO_EFFECTIVE_CAP,N/A,NO,0
GBR,FIRST_SCRIPTED_LAND_FORMATION,STATE_GUATEMALA,combat_unit_type_line_infantry,1,0,1,0,ZERO_EFFECTIVE_CAP,N/A,NO,0
GBR,FIRST_SCRIPTED_LAND_FORMATION,STATE_HIGHLANDS,combat_unit_type_line_infantry,2,2,2,2,NONE,YES,NO,0
GBR,FIRST_SCRIPTED_LAND_FORMATION,STATE_HOME_COUNTIES,combat_unit_type_line_infantry,8,7,8,7,NONE,YES,NO,0
GBR,FIRST_SCRIPTED_LAND_FORMATION,STATE_INDIAN_OCEAN_TERRITORY,combat_unit_type_line_infantry,1,0,1,0,ZERO_EFFECTIVE_CAP,N/A,NO,0
GBR,FIRST_SCRIPTED_LAND_FORMATION,STATE_JAMAICA,combat_unit_type_line_infantry,1,0,1,0,ZERO_EFFECTIVE_CAP,N/A,NO,0
GBR,FIRST_SCRIPTED_LAND_FORMATION,STATE_LANCASHIRE,combat_unit_type_line_infantry,6,6,6,6,NONE,YES,NO,0
GBR,FIRST_SCRIPTED_LAND_FORMATION,STATE_LOWLANDS,combat_unit_type_line_infantry,5,4,5,4,NONE,YES,NO,0
GBR,FIRST_SCRIPTED_LAND_FORMATION,STATE_MIDLANDS,combat_unit_type_line_infantry,7,7,7,7,NONE,YES,NO,0
GBR,FIRST_SCRIPTED_LAND_FORMATION,STATE_NEWFOUNDLAND,combat_unit_type_line_infantry,1,0,1,0,ZERO_EFFECTIVE_CAP,N/A,NO,0
GBR,FIRST_SCRIPTED_LAND_FORMATION,STATE_SOUTH_ATLANTIC_ISLANDS,combat_unit_type_line_infantry,1,0,1,0,ZERO_EFFECTIVE_CAP,N/A,NO,0
GBR,FIRST_SCRIPTED_LAND_FORMATION,STATE_UPPER_ANDALUSIA,combat_unit_type_line_infantry,1,0,1,0,ZERO_EFFECTIVE_CAP,N/A,NO,0
GBR,FIRST_SCRIPTED_LAND_FORMATION,STATE_WALES,combat_unit_type_line_infantry,3,2,3,2,NONE,YES,NO,0
GBR,FIRST_SCRIPTED_LAND_FORMATION,STATE_WEST_COUNTRY,combat_unit_type_line_infantry,5,5,5,5,NONE,YES,NO,0
GBR,FIRST_SCRIPTED_LAND_FORMATION,STATE_WEST_INDIES,combat_unit_type_line_infantry,1,0,1,0,ZERO_EFFECTIVE_CAP,N/A,NO,0
GBR,FIRST_SCRIPTED_LAND_FORMATION,STATE_YORKSHIRE,combat_unit_type_line_infantry,6,6,6,6,NONE,YES,NO,0
GEN,FIRST_SCRIPTED_LAND_FORMATION,STATE_PIEDMONT,combat_unit_type_irregular_infantry,2,1,1,1,NONE,YES,NO,0
GLD,FIRST_SCRIPTED_LAND_FORMATION,STATE_SOMALILAND,combat_unit_type_irregular_infantry,3,1,3,1,NONE,YES,YES,0
GR3,NONE,STATE_SICILY,N/A_NO_SCRIPTED_CONSCRIPTS,5,4,0,0,CAPACITY_NOT_NEEDED_FOR_FINAL_TARGET,N/A,NO,0
GR5,NONE,STATE_SANTO_DOMINGO,N/A_NO_SCRIPTED_CONSCRIPTS,1,0,0,0,ZERO_EFFECTIVE_CAP,N/A,NO,0
GWA,FIRST_SCRIPTED_LAND_FORMATION,STATE_MALWA,combat_unit_type_line_infantry,5,4,5,4,NONE,YES,NO,0
GWA,FIRST_SCRIPTED_LAND_FORMATION,STATE_RAJPUTANA,combat_unit_type_line_infantry,14,13,14,13,NONE,YES,NO,0
HAI,NONE,STATE_HAITI,N/A_NO_SCRIPTED_CONSCRIPTS,3,2,0,0,CAPACITY_NOT_NEEDED_FOR_FINAL_TARGET,N/A,NO,0
HAM,NONE,STATE_ELBE,N/A_NO_SCRIPTED_CONSCRIPTS,1,0,0,0,ZERO_EFFECTIVE_CAP,N/A,NO,0
HAN,FIRST_SCRIPTED_LAND_FORMATION,STATE_BRUNSWICK,combat_unit_type_line_infantry,1,0,1,0,ZERO_EFFECTIVE_CAP,N/A,NO,0
HAN,FIRST_SCRIPTED_LAND_FORMATION,STATE_ELBE,combat_unit_type_line_infantry,2,1,2,1,NONE,YES,NO,0
HAN,FIRST_SCRIPTED_LAND_FORMATION,STATE_HANNOVER,combat_unit_type_line_infantry,3,2,3,2,NONE,YES,NO,0
HAU,FIRST_SCRIPTED_LAND_FORMATION,STATE_OUTER_HAUSALAND,combat_unit_type_irregular_infantry,5,2,5,2,NONE,YES,YES,0
HAW,NONE,STATE_HAWAIIAN_ISLANDS,N/A_NO_SCRIPTED_CONSCRIPTS,3,2,0,0,CAPACITY_NOT_NEEDED_FOR_FINAL_TARGET,N/A,YES,0
HBC,FIRST_SCRIPTED_LAND_FORMATION,STATE_MANITOBA,combat_unit_type_irregular_infantry,1,0,1,0,ZERO_EFFECTIVE_CAP,N/A,NO,0
HBC,FIRST_SCRIPTED_LAND_FORMATION,STATE_NUNAVUT,combat_unit_type_irregular_infantry,1,0,0,0,ZERO_EFFECTIVE_CAP,N/A,NO,0
HBC,FIRST_SCRIPTED_LAND_FORMATION,STATE_ONTARIO,combat_unit_type_irregular_infantry,1,0,0,0,ZERO_EFFECTIVE_CAP,N/A,NO,0
HBC,FIRST_SCRIPTED_LAND_FORMATION,STATE_QUEBEC,combat_unit_type_irregular_infantry,1,0,0,0,ZERO_EFFECTIVE_CAP,N/A,NO,0
HBC,FIRST_SCRIPTED_LAND_FORMATION,STATE_SASKATCHEWAN,combat_unit_type_irregular_infantry,1,0,0,0,ZERO_EFFECTIVE_CAP,N/A,NO,0
HDJ,FIRST_SCRIPTED_LAND_FORMATION,STATE_HEDJAZ,combat_unit_type_irregular_infantry,5,2,5,2,NONE,YES,YES,0
HDJ,FIRST_SCRIPTED_LAND_FORMATION,STATE_YEMEN,combat_unit_type_irregular_infantry,1,0,1,0,ZERO_EFFECTIVE_CAP,N/A,YES,0
HEK,FIRST_SCRIPTED_LAND_FORMATION,STATE_HESSE,combat_unit_type_line_infantry,2,1,2,1,NONE,YES,NO,0
HES,FIRST_SCRIPTED_LAND_FORMATION,STATE_HESSE,combat_unit_type_line_infantry,2,1,2,1,NONE,YES,NO,0
HOH,NONE,STATE_WURTTEMBERG,N/A_NO_SCRIPTED_CONSCRIPTS,1,0,0,0,ZERO_EFFECTIVE_CAP,N/A,NO,0
HOL,FIRST_SCRIPTED_LAND_FORMATION,STATE_SCHLESWIG_HOLSTEIN,combat_unit_type_line_infantry,2,1,2,1,NONE,YES,NO,0
HUN,NONE,STATE_BANAT,N/A_NO_SCRIPTED_CONSCRIPTS,4,3,0,0,CAPACITY_NOT_NEEDED_FOR_FINAL_TARGET,N/A,NO,0
HUN,NONE,STATE_BEKES,N/A_NO_SCRIPTED_CONSCRIPTS,5,4,0,0,CAPACITY_NOT_NEEDED_FOR_FINAL_TARGET,N/A,NO,0
HUN,NONE,STATE_CENTRAL_HUNGARY,N/A_NO_SCRIPTED_CONSCRIPTS,4,3,0,0,CAPACITY_NOT_NEEDED_FOR_FINAL_TARGET,N/A,NO,0
HUN,NONE,STATE_DELVIDEK,N/A_NO_SCRIPTED_CONSCRIPTS,3,2,0,0,CAPACITY_NOT_NEEDED_FOR_FINAL_TARGET,N/A,NO,0
HUN,NONE,STATE_RUTHENIA,N/A_NO_SCRIPTED_CONSCRIPTS,2,1,0,0,CAPACITY_NOT_NEEDED_FOR_FINAL_TARGET,N/A,NO,0
HUN,NONE,STATE_SLOVAKIA,N/A_NO_SCRIPTED_CONSCRIPTS,7,6,0,0,CAPACITY_NOT_NEEDED_FOR_FINAL_TARGET,N/A,NO,0
HUN,NONE,STATE_TRANSDANUBIA,N/A_NO_SCRIPTED_CONSCRIPTS,8,7,0,0,CAPACITY_NOT_NEEDED_FOR_FINAL_TARGET,N/A,NO,0
HYD,FIRST_SCRIPTED_LAND_FORMATION,STATE_CENTRAL_PROVINCES,combat_unit_type_line_infantry,7,1,7,1,NONE,YES,NO,0
HYD,FIRST_SCRIPTED_LAND_FORMATION,STATE_HYDERABAD,combat_unit_type_line_infantry,23,13,23,13,NONE,YES,NO,0
IQU,NONE,STATE_ICA,N/A_NO_SCRIPTED_CONSCRIPTS,1,0,0,0,ZERO_EFFECTIVE_CAP,N/A,NO,0
IR1,FIRST_SCRIPTED_LAND_FORMATION,STATE_BAGHDAD,combat_unit_type_irregular_infantry,6,3,6,3,NONE,YES,YES,0
IR1,FIRST_SCRIPTED_LAND_FORMATION,STATE_BASRA,combat_unit_type_irregular_infantry,5,2,5,2,NONE,YES,YES,0
IR1,FIRST_SCRIPTED_LAND_FORMATION,STATE_DEIR_EZ_ZOR,combat_unit_type_irregular_infantry,3,1,3,1,NONE,YES,YES,0
IR1,FIRST_SCRIPTED_LAND_FORMATION,STATE_MOSUL,combat_unit_type_irregular_infantry,6,3,6,3,NONE,YES,YES,0
IREK,NONE,STATE_CONNAUGHT,N/A_NO_SCRIPTED_CONSCRIPTS,4,3,0,0,CAPACITY_NOT_NEEDED_FOR_FINAL_TARGET,N/A,NO,0
IREK,NONE,STATE_LEINSTER,N/A_NO_SCRIPTED_CONSCRIPTS,5,2,0,0,CAPACITY_NOT_NEEDED_FOR_FINAL_TARGET,N/A,NO,0
IREK,NONE,STATE_MUNSTER,N/A_NO_SCRIPTED_CONSCRIPTS,6,5,0,0,CAPACITY_NOT_NEEDED_FOR_FINAL_TARGET,N/A,NO,0
IREK,NONE,STATE_ULSTER,N/A_NO_SCRIPTED_CONSCRIPTS,6,5,0,0,CAPACITY_NOT_NEEDED_FOR_FINAL_TARGET,N/A,NO,0
ISQ,FIRST_SCRIPTED_LAND_FORMATION,STATE_SOMALILAND,combat_unit_type_irregular_infantry,2,0,2,0,ZERO_EFFECTIVE_CAP,N/A,YES,0
JAP,FIRST_SCRIPTED_LAND_FORMATION,STATE_CHUGOKU,combat_unit_type_irregular_infantry,25,25,25,25,NONE,YES,YES,0
JAP,FIRST_SCRIPTED_LAND_FORMATION,STATE_HOKKAIDO,combat_unit_type_irregular_infantry,1,0,0,0,ZERO_EFFECTIVE_CAP,N/A,YES,0
JAP,FIRST_SCRIPTED_LAND_FORMATION,STATE_HOKUSHINETSU,combat_unit_type_irregular_infantry,25,25,25,25,NONE,YES,YES,0
JAP,FIRST_SCRIPTED_LAND_FORMATION,STATE_KANSAI,combat_unit_type_irregular_infantry,25,25,20,20,NONE,YES,YES,0
JAP,FIRST_SCRIPTED_LAND_FORMATION,STATE_KANTO,combat_unit_type_irregular_infantry,25,25,0,0,CAPACITY_NOT_NEEDED_FOR_FINAL_TARGET,N/A,YES,0
JAP,FIRST_SCRIPTED_LAND_FORMATION,STATE_KYOTO,combat_unit_type_irregular_infantry,21,20,0,0,CAPACITY_NOT_NEEDED_FOR_FINAL_TARGET,N/A,YES,0
JAP,FIRST_SCRIPTED_LAND_FORMATION,STATE_KYUSHU,combat_unit_type_irregular_infantry,25,25,0,0,CAPACITY_NOT_NEEDED_FOR_FINAL_TARGET,N/A,YES,0
JAP,FIRST_SCRIPTED_LAND_FORMATION,STATE_RYUKYU_ISLANDS,combat_unit_type_irregular_infantry,2,0,0,0,ZERO_EFFECTIVE_CAP,N/A,YES,0
JAP,FIRST_SCRIPTED_LAND_FORMATION,STATE_SHIKOKU,combat_unit_type_irregular_infantry,16,15,0,0,CAPACITY_NOT_NEEDED_FOR_FINAL_TARGET,N/A,YES,0
JAP,FIRST_SCRIPTED_LAND_FORMATION,STATE_TOHOKU,combat_unit_type_irregular_infantry,25,25,0,0,CAPACITY_NOT_NEEDED_FOR_FINAL_TARGET,N/A,YES,0
JAP,FIRST_SCRIPTED_LAND_FORMATION,STATE_TOKAI,combat_unit_type_irregular_infantry,25,25,0,0,CAPACITY_NOT_NEEDED_FOR_FINAL_TARGET,N/A,YES,0
JEY,FIRST_SCRIPTED_LAND_FORMATION,STATE_CIRCARS,combat_unit_type_irregular_infantry,1,0,1,0,ZERO_EFFECTIVE_CAP,N/A,NO,0
JMB,FIRST_SCRIPTED_LAND_FORMATION,STATE_NORTH_SUMATRA,combat_unit_type_irregular_infantry,1,0,1,0,ZERO_EFFECTIVE_CAP,N/A,YES,0
JOH,FIRST_SCRIPTED_LAND_FORMATION,STATE_MALAYA,combat_unit_type_irregular_infantry,6,3,4,3,NONE,YES,YES,0
KAU,NONE,STATE_SOUTH_AUSTRALIA,N/A_NO_SCRIPTED_CONSCRIPTS,1,0,0,0,ZERO_EFFECTIVE_CAP,N/A,YES,0
KHI,FIRST_SCRIPTED_LAND_FORMATION,STATE_KHIVA,combat_unit_type_irregular_infantry,12,7,12,7,NONE,YES,YES,0
KHI,FIRST_SCRIPTED_LAND_FORMATION,STATE_MERZ,combat_unit_type_irregular_infantry,1,0,1,0,ZERO_EFFECTIVE_CAP,N/A,YES,0
KHI,FIRST_SCRIPTED_LAND_FORMATION,STATE_TURKMENIA,combat_unit_type_irregular_infantry,1,0,1,0,ZERO_EFFECTIVE_CAP,N/A,YES,0
KHP,FIRST_SCRIPTED_LAND_FORMATION,STATE_BOMBAY,combat_unit_type_irregular_infantry,2,1,2,1,NONE,YES,NO,0
KNO,FIRST_SCRIPTED_LAND_FORMATION,STATE_KURNOOL,combat_unit_type_irregular_infantry,5,2,5,2,NONE,YES,NO,0
KOK,FIRST_SCRIPTED_LAND_FORMATION,STATE_FERGANA,combat_unit_type_irregular_infantry,9,5,9,5,NONE,YES,YES,0
KOK,FIRST_SCRIPTED_LAND_FORMATION,STATE_KIRGHIZIA,combat_unit_type_irregular_infantry,5,2,5,2,NONE,YES,YES,0
KOK,FIRST_SCRIPTED_LAND_FORMATION,STATE_SYRDARYA,combat_unit_type_irregular_infantry,2,0,2,0,ZERO_EFFECTIVE_CAP,N/A,YES,0
KOK,FIRST_SCRIPTED_LAND_FORMATION,STATE_TAJIKISTAN,combat_unit_type_irregular_infantry,3,1,3,1,NONE,YES,YES,0
KON,FIRST_SCRIPTED_LAND_FORMATION,STATE_BAS_CONGO,combat_unit_type_irregular_infantry,6,5,6,5,NONE,YES,YES,0
KON,FIRST_SCRIPTED_LAND_FORMATION,STATE_NORTH_ANGOLA,combat_unit_type_irregular_infantry,5,4,0,1,NONE,YES,YES,0
KOR,FIRST_SCRIPTED_LAND_FORMATION,STATE_BUSAN,combat_unit_type_irregular_infantry,25,25,25,25,NONE,YES,YES,0
KOR,FIRST_SCRIPTED_LAND_FORMATION,STATE_PYONGYANG,combat_unit_type_irregular_infantry,25,25,5,5,NONE,YES,YES,0
KOR,FIRST_SCRIPTED_LAND_FORMATION,STATE_SARIWON,combat_unit_type_irregular_infantry,17,16,0,0,CAPACITY_NOT_NEEDED_FOR_FINAL_TARGET,N/A,YES,0
KOR,FIRST_SCRIPTED_LAND_FORMATION,STATE_SEOUL,combat_unit_type_irregular_infantry,25,25,0,0,CAPACITY_NOT_NEEDED_FOR_FINAL_TARGET,N/A,YES,0
KOR,FIRST_SCRIPTED_LAND_FORMATION,STATE_YANGHO,combat_unit_type_irregular_infantry,25,25,0,0,CAPACITY_NOT_NEEDED_FOR_FINAL_TARGET,N/A,YES,0
KRG,FIRST_SCRIPTED_LAND_FORMATION,STATE_TANGANYIKA,combat_unit_type_irregular_infantry,2,1,2,1,NONE,YES,YES,0
KRT,FIRST_SCRIPTED_LAND_FORMATION,STATE_WESTERN_MALI,combat_unit_type_irregular_infantry,3,2,3,2,NONE,YES,YES,0
KTI,FIRST_SCRIPTED_LAND_FORMATION,STATE_EAST_BORNEO,combat_unit_type_irregular_infantry,2,1,2,1,NONE,YES,YES,0
KZH,FIRST_SCRIPTED_LAND_FORMATION,STATE_AKTOBE,combat_unit_type_irregular_infantry,2,0,0,0,ZERO_EFFECTIVE_CAP,N/A,YES,0
KZH,FIRST_SCRIPTED_LAND_FORMATION,STATE_CHELYABINSK,combat_unit_type_irregular_infantry,2,0,0,0,ZERO_EFFECTIVE_CAP,N/A,YES,0
KZH,FIRST_SCRIPTED_LAND_FORMATION,STATE_KHIVA,combat_unit_type_irregular_infantry,1,0,0,0,ZERO_EFFECTIVE_CAP,N/A,YES,0
KZH,FIRST_SCRIPTED_LAND_FORMATION,STATE_SAMARA,combat_unit_type_irregular_infantry,18,10,3,3,NONE,YES,YES,0
KZH,FIRST_SCRIPTED_LAND_FORMATION,STATE_SYRDARYA,combat_unit_type_irregular_infantry,1,0,0,0,ZERO_EFFECTIVE_CAP,N/A,YES,0
KZH,FIRST_SCRIPTED_LAND_FORMATION,STATE_URALSK,combat_unit_type_irregular_infantry,3,1,0,0,CAPACITY_NOT_NEEDED_FOR_FINAL_TARGET,N/A,YES,0
LAH,NONE,STATE_YEMEN,N/A_NO_SCRIPTED_CONSCRIPTS,1,0,0,0,ZERO_EFFECTIVE_CAP,N/A,YES,0
LAN,FIRST_SCRIPTED_LAND_FORMATION,STATE_WEST_BORNEO,combat_unit_type_irregular_infantry,1,0,1,0,ZERO_EFFECTIVE_CAP,N/A,YES,0
LIP,NONE,STATE_WESTPHALIA,N/A_NO_SCRIPTED_CONSCRIPTS,1,0,0,0,ZERO_EFFECTIVE_CAP,N/A,NO,0
LOU,NONE,STATE_LOUISIANA,N/A_NO_SCRIPTED_CONSCRIPTS,2,1,0,0,CAPACITY_NOT_NEEDED_FOR_FINAL_TARGET,N/A,NO,0
LUA,FIRST_SCRIPTED_LAND_FORMATION,STATE_LAOS,combat_unit_type_irregular_infantry,4,3,4,3,NONE,YES,YES,0
LUB,NONE,STATE_SCHLESWIG_HOLSTEIN,N/A_NO_SCRIPTED_CONSCRIPTS,1,0,0,0,ZERO_EFFECTIVE_CAP,N/A,NO,0
LUC,NONE,STATE_EMILIA,N/A_NO_SCRIPTED_CONSCRIPTS,1,0,0,0,ZERO_EFFECTIVE_CAP,N/A,NO,0
LUX,FIRST_SCRIPTED_LAND_FORMATION,STATE_WALLONIA,combat_unit_type_irregular_infantry,1,0,1,0,ZERO_EFFECTIVE_CAP,N/A,NO,0
MAD,FIRST_SCRIPTED_LAND_FORMATION,STATE_NORTH_MADAGASCAR,combat_unit_type_irregular_infantry,11,10,11,10,NONE,YES,YES,0
MAD,FIRST_SCRIPTED_LAND_FORMATION,STATE_SOUTH_MADAGASCAR,combat_unit_type_irregular_infantry,10,9,10,9,NONE,YES,YES,0
MARATH,FIRST_SCRIPTED_LAND_FORMATION,STATE_AGRA,combat_unit_type_irregular_infantry,25,25,25,25,NONE,YES,YES,0
MARATH,FIRST_SCRIPTED_LAND_FORMATION,STATE_BOMBAY,combat_unit_type_irregular_infantry,25,25,25,25,NONE,YES,YES,0
MARATH,FIRST_SCRIPTED_LAND_FORMATION,STATE_BUNDELKHAND,combat_unit_type_irregular_infantry,21,20,21,20,NONE,YES,YES,0
MARATH,FIRST_SCRIPTED_LAND_FORMATION,STATE_CENTRAL_PROVINCES,combat_unit_type_irregular_infantry,10,4,10,4,NONE,YES,YES,0
MARATH,FIRST_SCRIPTED_LAND_FORMATION,STATE_MALWA,combat_unit_type_irregular_infantry,6,5,6,5,NONE,YES,YES,0
MAS,FIRST_SCRIPTED_LAND_FORMATION,STATE_ALGIERS,combat_unit_type_irregular_infantry,4,1,4,1,NONE,YES,NO,0
MAS,FIRST_SCRIPTED_LAND_FORMATION,STATE_ORAN,combat_unit_type_irregular_infantry,2,1,2,1,NONE,YES,NO,0
MBS,FIRST_SCRIPTED_LAND_FORMATION,STATE_KENYA,combat_unit_type_irregular_infantry,1,0,1,0,ZERO_EFFECTIVE_CAP,N/A,YES,0
MEC,FIRST_SCRIPTED_LAND_FORMATION,STATE_MECKLENBURG,combat_unit_type_line_infantry,2,1,2,1,NONE,YES,NO,0
MEI,NONE,STATE_SAXONY,N/A_NO_SCRIPTED_CONSCRIPTS,1,0,0,0,ZERO_EFFECTIVE_CAP,N/A,NO,0
MGD,FIRST_SCRIPTED_LAND_FORMATION,STATE_MINDANAO,combat_unit_type_irregular_infantry,4,1,4,1,NONE,YES,YES,0
MJT,FIRST_SCRIPTED_LAND_FORMATION,STATE_SOMALILAND,combat_unit_type_irregular_infantry,4,3,4,3,NONE,YES,YES,0
MKT,FIRST_SCRIPTED_LAND_FORMATION,STATE_NICARAGUA,combat_unit_type_irregular_infantry,1,0,1,0,ZERO_EFFECTIVE_CAP,N/A,YES,0
MLD,NONE,STATE_CEYLON,N/A_NO_SCRIPTED_CONSCRIPTS,1,0,0,0,ZERO_EFFECTIVE_CAP,N/A,NO,0
MLT,NONE,STATE_MALTA,N/A_NO_SCRIPTED_CONSCRIPTS,1,0,0,0,ZERO_EFFECTIVE_CAP,N/A,NO,0
MOD,FIRST_SCRIPTED_LAND_FORMATION,STATE_EMILIA,combat_unit_type_irregular_infantry,2,1,2,1,NONE,YES,NO,0
MOL,FIRST_SCRIPTED_LAND_FORMATION,STATE_MOLDAVIA,combat_unit_type_line_infantry,15,14,2,2,NONE,YES,YES,0
MON,FIRST_SCRIPTED_LAND_FORMATION,STATE_MONTENEGRO,combat_unit_type_irregular_infantry,2,1,2,1,NONE,YES,YES,0
MOR,FIRST_SCRIPTED_LAND_FORMATION,STATE_AL_RIF,combat_unit_type_irregular_infantry,6,1,0,1,NONE,YES,YES,0
MOR,FIRST_SCRIPTED_LAND_FORMATION,STATE_FEZ,combat_unit_type_irregular_infantry,12,7,12,7,NONE,YES,YES,0
MOR,FIRST_SCRIPTED_LAND_FORMATION,STATE_INNER_MOROCCO,combat_unit_type_irregular_infantry,7,1,0,1,NONE,YES,YES,0
MOR,FIRST_SCRIPTED_LAND_FORMATION,STATE_MARRAKECH,combat_unit_type_irregular_infantry,11,6,10,6,NONE,YES,YES,0
MSN,FIRST_SCRIPTED_LAND_FORMATION,STATE_EASTERN_MALI,combat_unit_type_irregular_infantry,11,6,11,6,NONE,YES,YES,0
MSN,FIRST_SCRIPTED_LAND_FORMATION,STATE_TIMBUKTU,combat_unit_type_irregular_infantry,3,1,3,1,NONE,YES,YES,0
MST,NONE,STATE_MECKLENBURG,N/A_NO_SCRIPTED_CONSCRIPTS,1,0,0,0,ZERO_EFFECTIVE_CAP,N/A,NO,0
MUG,FIRST_SCRIPTED_LAND_FORMATION,STATE_DELHI,combat_unit_type_irregular_infantry,25,17,3,3,NONE,YES,YES,0
MYS,FIRST_SCRIPTED_LAND_FORMATION,STATE_MYSORE,combat_unit_type_line_infantry,11,10,11,10,NONE,YES,NO,0
NAG,FIRST_SCRIPTED_LAND_FORMATION,STATE_CENTRAL_PROVINCES,combat_unit_type_irregular_infantry,10,9,10,9,NONE,YES,NO,0
NAG,FIRST_SCRIPTED_LAND_FORMATION,STATE_ORISSA,combat_unit_type_irregular_infantry,4,3,4,3,NONE,YES,NO,0
NAS,FIRST_SCRIPTED_LAND_FORMATION,STATE_HESSE,combat_unit_type_line_infantry,2,1,2,1,NONE,YES,NO,0
NBS,NONE,STATE_NEW_BRUNSWICK,N/A_NO_SCRIPTED_CONSCRIPTS,2,1,0,0,CAPACITY_NOT_NEEDED_FOR_FINAL_TARGET,N/A,YES,0
NEP,FIRST_SCRIPTED_LAND_FORMATION,STATE_HIMALAYAS,combat_unit_type_irregular_infantry,11,10,11,10,NONE,YES,NO,0
NET,FIRST_SCRIPTED_LAND_FORMATION,STATE_FRIESLAND,combat_unit_type_line_infantry,2,1,2,1,NONE,YES,NO,0
NET,FIRST_SCRIPTED_LAND_FORMATION,STATE_GELRE,combat_unit_type_line_infantry,2,1,2,1,NONE,YES,NO,0
NET,FIRST_SCRIPTED_LAND_FORMATION,STATE_GOLD_COAST,combat_unit_type_line_infantry,1,0,1,0,ZERO_EFFECTIVE_CAP,N/A,NO,0
NET,FIRST_SCRIPTED_LAND_FORMATION,STATE_GUAYANA,combat_unit_type_line_infantry,1,0,1,0,ZERO_EFFECTIVE_CAP,N/A,NO,0
NET,FIRST_SCRIPTED_LAND_FORMATION,STATE_HOLLAND,combat_unit_type_line_infantry,4,3,4,3,NONE,YES,NO,0
NET,FIRST_SCRIPTED_LAND_FORMATION,STATE_TRAVANCORE,combat_unit_type_line_infantry,3,1,3,1,NONE,YES,NO,0
NET,FIRST_SCRIPTED_LAND_FORMATION,STATE_WEST_INDIES,combat_unit_type_line_infantry,1,0,1,0,ZERO_EFFECTIVE_CAP,N/A,NO,0
NVS,NONE,STATE_NEW_BRUNSWICK,N/A_NO_SCRIPTED_CONSCRIPTS,3,2,0,0,CAPACITY_NOT_NEEDED_FOR_FINAL_TARGET,N/A,YES,0
OLD,FIRST_SCRIPTED_LAND_FORMATION,STATE_HANNOVER,combat_unit_type_irregular_infantry,1,0,1,0,ZERO_EFFECTIVE_CAP,N/A,NO,0
OMA,FIRST_SCRIPTED_LAND_FORMATION,STATE_ABU_DHABI,combat_unit_type_irregular_infantry,1,0,1,0,ZERO_EFFECTIVE_CAP,N/A,NO,0
OMA,FIRST_SCRIPTED_LAND_FORMATION,STATE_BALUCHISTAN,combat_unit_type_irregular_infantry,1,0,1,0,ZERO_EFFECTIVE_CAP,N/A,NO,0
OMA,FIRST_SCRIPTED_LAND_FORMATION,STATE_KENYA,combat_unit_type_irregular_infantry,1,0,1,0,ZERO_EFFECTIVE_CAP,N/A,NO,0
OMA,FIRST_SCRIPTED_LAND_FORMATION,STATE_LARISTAN,combat_unit_type_irregular_infantry,1,0,1,0,ZERO_EFFECTIVE_CAP,N/A,NO,0
OMA,FIRST_SCRIPTED_LAND_FORMATION,STATE_OMAN,combat_unit_type_irregular_infantry,1,0,1,0,ZERO_EFFECTIVE_CAP,N/A,NO,0
OMA,FIRST_SCRIPTED_LAND_FORMATION,STATE_SISTAN,combat_unit_type_irregular_infantry,1,0,1,0,ZERO_EFFECTIVE_CAP,N/A,NO,0
OMA,FIRST_SCRIPTED_LAND_FORMATION,STATE_ZANZIBAR,combat_unit_type_irregular_infantry,4,3,4,3,NONE,YES,NO,0
ONT,NONE,STATE_ONTARIO,N/A_NO_SCRIPTED_CONSCRIPTS,5,4,0,0,CAPACITY_NOT_NEEDED_FOR_FINAL_TARGET,N/A,YES,0
ORA,NONE,STATE_VRYSTAAT,N/A_NO_SCRIPTED_CONSCRIPTS,1,0,0,0,ZERO_EFFECTIVE_CAP,N/A,NO,0
OYO,FIRST_SCRIPTED_LAND_FORMATION,STATE_YORUBA_STATES,combat_unit_type_irregular_infantry,17,16,17,16,NONE,YES,YES,0
OZH,FIRST_SCRIPTED_LAND_FORMATION,STATE_AKMOLINSK,combat_unit_type_irregular_infantry,2,0,0,0,ZERO_EFFECTIVE_CAP,N/A,YES,0
OZH,FIRST_SCRIPTED_LAND_FORMATION,STATE_CHELYABINSK,combat_unit_type_irregular_infantry,1,0,0,0,ZERO_EFFECTIVE_CAP,N/A,YES,0
OZH,FIRST_SCRIPTED_LAND_FORMATION,STATE_SEMIRECHE,combat_unit_type_irregular_infantry,3,1,3,1,NONE,YES,YES,0
OZH,FIRST_SCRIPTED_LAND_FORMATION,STATE_SYRDARYA,combat_unit_type_irregular_infantry,1,0,0,0,ZERO_EFFECTIVE_CAP,N/A,YES,0
PAN,FIRST_SCRIPTED_LAND_FORMATION,STATE_PUNJAB,combat_unit_type_irregular_infantry,14,13,14,13,NONE,YES,NO,0
PAP,FIRST_SCRIPTED_LAND_FORMATION,STATE_LAZIO,combat_unit_type_line_infantry,4,3,3,3,NONE,YES,NO,0
PAP,FIRST_SCRIPTED_LAND_FORMATION,STATE_ROMAGNA,combat_unit_type_line_infantry,3,2,0,0,CAPACITY_NOT_NEEDED_FOR_FINAL_TARGET,N/A,NO,0
PAP,FIRST_SCRIPTED_LAND_FORMATION,STATE_UMBRIA,combat_unit_type_line_infantry,2,1,0,0,CAPACITY_NOT_NEEDED_FOR_FINAL_TARGET,N/A,NO,0
PAR,FIRST_SCRIPTED_LAND_FORMATION,STATE_EMILIA,combat_unit_type_irregular_infantry,2,1,2,1,NONE,YES,NO,0
PCO,NONE,STATE_PUERTO_RICO,N/A_NO_SCRIPTED_CONSCRIPTS,1,0,0,0,ZERO_EFFECTIVE_CAP,N/A,NO,0
PER,FIRST_SCRIPTED_LAND_FORMATION,STATE_ARMENIA,combat_unit_type_irregular_infantry,3,1,0,1,NONE,YES,YES,0
PER,FIRST_SCRIPTED_LAND_FORMATION,STATE_AZERBAIJAN,combat_unit_type_irregular_infantry,3,0,0,0,ZERO_EFFECTIVE_CAP,N/A,YES,0
PER,FIRST_SCRIPTED_LAND_FORMATION,STATE_ELIZAVETPOL,combat_unit_type_irregular_infantry,3,0,0,0,ZERO_EFFECTIVE_CAP,N/A,YES,0
PER,FIRST_SCRIPTED_LAND_FORMATION,STATE_FARS,combat_unit_type_irregular_infantry,6,3,6,3,NONE,YES,YES,0
PER,FIRST_SCRIPTED_LAND_FORMATION,STATE_IRAKAJEMI,combat_unit_type_irregular_infantry,16,9,16,9,NONE,YES,YES,0
PER,FIRST_SCRIPTED_LAND_FORMATION,STATE_ISFAHAN,combat_unit_type_irregular_infantry,6,3,6,3,NONE,YES,YES,0
PER,FIRST_SCRIPTED_LAND_FORMATION,STATE_KERMAN,combat_unit_type_irregular_infantry,3,1,0,1,NONE,YES,YES,0
PER,FIRST_SCRIPTED_LAND_FORMATION,STATE_KHORASAN,combat_unit_type_irregular_infantry,8,4,8,4,NONE,YES,YES,0
PER,FIRST_SCRIPTED_LAND_FORMATION,STATE_LARISTAN,combat_unit_type_irregular_infantry,1,0,0,0,ZERO_EFFECTIVE_CAP,N/A,YES,0
PER,FIRST_SCRIPTED_LAND_FORMATION,STATE_LURISTAN,combat_unit_type_irregular_infantry,4,2,0,2,NONE,YES,YES,0
PER,FIRST_SCRIPTED_LAND_FORMATION,STATE_MAZANDARAN,combat_unit_type_irregular_infantry,11,6,11,6,NONE,YES,YES,0
PER,FIRST_SCRIPTED_LAND_FORMATION,STATE_PERSIAN_KURDISTAN,combat_unit_type_irregular_infantry,5,2,3,2,NONE,YES,YES,0
PER,FIRST_SCRIPTED_LAND_FORMATION,STATE_SEMNAN,combat_unit_type_irregular_infantry,1,0,0,0,ZERO_EFFECTIVE_CAP,N/A,YES,0
PER,FIRST_SCRIPTED_LAND_FORMATION,STATE_TABRIZ,combat_unit_type_irregular_infantry,10,5,10,5,NONE,YES,YES,0
PER,FIRST_SCRIPTED_LAND_FORMATION,STATE_URMIA,combat_unit_type_irregular_infantry,4,2,0,2,NONE,YES,YES,0
PHI,NONE,STATE_LUZON,N/A_NO_SCRIPTED_CONSCRIPTS,4,3,0,0,CAPACITY_NOT_NEEDED_FOR_FINAL_TARGET,N/A,NO,0
PHI,NONE,STATE_MINDANAO,N/A_NO_SCRIPTED_CONSCRIPTS,1,0,0,0,ZERO_EFFECTIVE_CAP,N/A,NO,0
PHI,NONE,STATE_VISAYAS,N/A_NO_SCRIPTED_CONSCRIPTS,3,1,0,0,CAPACITY_NOT_NEEDED_FOR_FINAL_TARGET,N/A,NO,0
PHI,NONE,STATE_WEST_MICRONESIA,N/A_NO_SCRIPTED_CONSCRIPTS,1,0,0,0,ZERO_EFFECTIVE_CAP,N/A,NO,0
PHL,NONE,STATE_VRYSTAAT,N/A_NO_SCRIPTED_CONSCRIPTS,1,0,0,0,ZERO_EFFECTIVE_CAP,N/A,YES,0
PLC,FIRST_SCRIPTED_LAND_FORMATION,STATE_BREST,combat_unit_type_irregular_infantry,8,7,0,0,CAPACITY_NOT_NEEDED_FOR_FINAL_TARGET,N/A,YES,0
PLC,FIRST_SCRIPTED_LAND_FORMATION,STATE_COURLAND,combat_unit_type_irregular_infantry,5,4,0,0,CAPACITY_NOT_NEEDED_FOR_FINAL_TARGET,N/A,YES,0
PLC,FIRST_SCRIPTED_LAND_FORMATION,STATE_GREATER_POLAND,combat_unit_type_irregular_infantry,25,25,18,18,NONE,YES,YES,0
PLC,FIRST_SCRIPTED_LAND_FORMATION,STATE_KAUNAS,combat_unit_type_irregular_infantry,7,6,0,0,CAPACITY_NOT_NEEDED_FOR_FINAL_TARGET,N/A,YES,0
PLC,FIRST_SCRIPTED_LAND_FORMATION,STATE_KIEV,combat_unit_type_irregular_infantry,25,25,0,0,CAPACITY_NOT_NEEDED_FOR_FINAL_TARGET,N/A,YES,0
PLC,FIRST_SCRIPTED_LAND_FORMATION,STATE_LESSER_POLAND,combat_unit_type_irregular_infantry,10,9,0,0,CAPACITY_NOT_NEEDED_FOR_FINAL_TARGET,N/A,YES,0
PLC,FIRST_SCRIPTED_LAND_FORMATION,STATE_MAZOVIA,combat_unit_type_irregular_infantry,14,13,0,0,CAPACITY_NOT_NEEDED_FOR_FINAL_TARGET,N/A,YES,0
PLC,FIRST_SCRIPTED_LAND_FORMATION,STATE_MINSK,combat_unit_type_irregular_infantry,8,7,0,0,CAPACITY_NOT_NEEDED_FOR_FINAL_TARGET,N/A,YES,0
PLC,FIRST_SCRIPTED_LAND_FORMATION,STATE_POSEN,combat_unit_type_irregular_infantry,16,15,0,0,CAPACITY_NOT_NEEDED_FOR_FINAL_TARGET,N/A,YES,0
PLC,FIRST_SCRIPTED_LAND_FORMATION,STATE_VILNIUS,combat_unit_type_irregular_infantry,6,5,0,0,CAPACITY_NOT_NEEDED_FOR_FINAL_TARGET,N/A,YES,0
PLC,FIRST_SCRIPTED_LAND_FORMATION,STATE_VOLHYNIA,combat_unit_type_irregular_infantry,8,7,0,0,CAPACITY_NOT_NEEDED_FOR_FINAL_TARGET,N/A,YES,0
PLC,FIRST_SCRIPTED_LAND_FORMATION,STATE_WEST_PRUSSIA,combat_unit_type_irregular_infantry,1,0,0,0,ZERO_EFFECTIVE_CAP,N/A,YES,0
PLY,NONE,STATE_TAHITI,N/A_NO_SCRIPTED_CONSCRIPTS,3,2,0,0,CAPACITY_NOT_NEEDED_FOR_FINAL_TARGET,N/A,YES,0
PON,FIRST_SCRIPTED_LAND_FORMATION,STATE_WEST_BORNEO,combat_unit_type_irregular_infantry,2,0,2,0,ZERO_EFFECTIVE_CAP,N/A,YES,0
POR,FIRST_SCRIPTED_LAND_FORMATION,STATE_ALENTEJO,combat_unit_type_line_infantry,5,4,0,0,CAPACITY_NOT_NEEDED_FOR_FINAL_TARGET,N/A,YES,0
POR,FIRST_SCRIPTED_LAND_FORMATION,STATE_AZORES,combat_unit_type_line_infantry,3,2,0,0,CAPACITY_NOT_NEEDED_FOR_FINAL_TARGET,N/A,YES,0
POR,FIRST_SCRIPTED_LAND_FORMATION,STATE_BEIRA,combat_unit_type_line_infantry,12,11,12,11,NONE,YES,YES,0
POR,FIRST_SCRIPTED_LAND_FORMATION,STATE_BOMBAY,combat_unit_type_line_infantry,5,2,0,0,CAPACITY_NOT_NEEDED_FOR_FINAL_TARGET,N/A,YES,0
POR,FIRST_SCRIPTED_LAND_FORMATION,STATE_CAPE_VERDE,combat_unit_type_line_infantry,1,0,0,0,ZERO_EFFECTIVE_CAP,N/A,YES,0
POR,FIRST_SCRIPTED_LAND_FORMATION,STATE_ENTRE_DOURO_E_MINHO,combat_unit_type_line_infantry,13,12,13,12,NONE,YES,YES,0
POR,FIRST_SCRIPTED_LAND_FORMATION,STATE_ESTREMADURA,combat_unit_type_line_infantry,8,7,5,7,NONE,YES,YES,0
POR,FIRST_SCRIPTED_LAND_FORMATION,STATE_GUANGDONG,combat_unit_type_line_infantry,4,1,0,0,CAPACITY_NOT_NEEDED_FOR_FINAL_TARGET,N/A,YES,0
POR,FIRST_SCRIPTED_LAND_FORMATION,STATE_GUINEA,combat_unit_type_line_infantry,1,0,0,0,ZERO_EFFECTIVE_CAP,N/A,YES,0
POR,FIRST_SCRIPTED_LAND_FORMATION,STATE_GUJARAT,combat_unit_type_line_infantry,1,0,0,0,ZERO_EFFECTIVE_CAP,N/A,YES,0
POR,FIRST_SCRIPTED_LAND_FORMATION,STATE_LOURENCO_MARQUES,combat_unit_type_line_infantry,2,0,0,0,ZERO_EFFECTIVE_CAP,N/A,YES,0
POR,FIRST_SCRIPTED_LAND_FORMATION,STATE_MADEIRA,combat_unit_type_line_infantry,2,1,0,0,CAPACITY_NOT_NEEDED_FOR_FINAL_TARGET,N/A,YES,0
POR,FIRST_SCRIPTED_LAND_FORMATION,STATE_MOCAMBIQUE,combat_unit_type_line_infantry,4,1,0,0,CAPACITY_NOT_NEEDED_FOR_FINAL_TARGET,N/A,YES,0
POR,FIRST_SCRIPTED_LAND_FORMATION,STATE_NORTH_ANGOLA,combat_unit_type_line_infantry,1,0,0,0,ZERO_EFFECTIVE_CAP,N/A,YES,0
POR,FIRST_SCRIPTED_LAND_FORMATION,STATE_SENEGAL,combat_unit_type_line_infantry,7,3,0,0,CAPACITY_NOT_NEEDED_FOR_FINAL_TARGET,N/A,YES,0
POR,FIRST_SCRIPTED_LAND_FORMATION,STATE_SOUTH_ANGOLA,combat_unit_type_line_infantry,3,1,0,0,CAPACITY_NOT_NEEDED_FOR_FINAL_TARGET,N/A,YES,0
POR,FIRST_SCRIPTED_LAND_FORMATION,STATE_SOUTH_CAMEROON,combat_unit_type_line_infantry,1,0,0,0,ZERO_EFFECTIVE_CAP,N/A,YES,0
POR,FIRST_SCRIPTED_LAND_FORMATION,STATE_SUNDA_ISLANDS,combat_unit_type_line_infantry,1,0,0,0,ZERO_EFFECTIVE_CAP,N/A,YES,0
POR,FIRST_SCRIPTED_LAND_FORMATION,STATE_ZAMBEZIA,combat_unit_type_line_infantry,4,1,0,0,CAPACITY_NOT_NEEDED_FOR_FINAL_TARGET,N/A,YES,0
PRK,FIRST_SCRIPTED_LAND_FORMATION,STATE_MALAYA,combat_unit_type_irregular_infantry,2,0,2,0,ZERO_EFFECTIVE_CAP,N/A,YES,0
PRU,FIRST_SCRIPTED_LAND_FORMATION,STATE_ANHALT,combat_unit_type_line_infantry,4,2,4,2,NONE,YES,NO,0
PRU,FIRST_SCRIPTED_LAND_FORMATION,STATE_BRANDENBURG,combat_unit_type_line_infantry,5,4,5,4,NONE,YES,NO,0
PRU,FIRST_SCRIPTED_LAND_FORMATION,STATE_BRUNSWICK,combat_unit_type_line_infantry,1,0,1,0,ZERO_EFFECTIVE_CAP,N/A,NO,0
PRU,FIRST_SCRIPTED_LAND_FORMATION,STATE_EAST_PRUSSIA,combat_unit_type_line_infantry,3,2,3,2,NONE,YES,NO,0
PRU,FIRST_SCRIPTED_LAND_FORMATION,STATE_LOWER_SILESIA,combat_unit_type_line_infantry,5,4,5,4,NONE,YES,NO,0
PRU,FIRST_SCRIPTED_LAND_FORMATION,STATE_NORTH_RHINE,combat_unit_type_line_infantry,3,2,3,2,NONE,YES,NO,0
PRU,FIRST_SCRIPTED_LAND_FORMATION,STATE_POMERANIA,combat_unit_type_line_infantry,3,2,3,2,NONE,YES,NO,0
PRU,FIRST_SCRIPTED_LAND_FORMATION,STATE_RHINELAND,combat_unit_type_line_infantry,2,1,2,1,NONE,YES,NO,0
PRU,FIRST_SCRIPTED_LAND_FORMATION,STATE_RUHR,combat_unit_type_line_infantry,3,2,3,2,NONE,YES,NO,0
PRU,FIRST_SCRIPTED_LAND_FORMATION,STATE_UPPER_SILESIA,combat_unit_type_line_infantry,2,1,2,1,NONE,YES,NO,0
PRU,FIRST_SCRIPTED_LAND_FORMATION,STATE_WESTPHALIA,combat_unit_type_line_infantry,4,3,4,3,NONE,YES,NO,0
PRU,FIRST_SCRIPTED_LAND_FORMATION,STATE_WEST_PRUSSIA,combat_unit_type_line_infantry,2,1,2,1,NONE,YES,NO,0
PUD,FIRST_SCRIPTED_LAND_FORMATION,STATE_MADRAS,combat_unit_type_irregular_infantry,23,22,3,3,NONE,YES,NO,0
QUE,NONE,STATE_QUEBEC,N/A_NO_SCRIPTED_CONSCRIPTS,6,5,0,0,CAPACITY_NOT_NEEDED_FOR_FINAL_TARGET,N/A,YES,0
RUS,FIRST_SCRIPTED_LAND_FORMATION,STATE_AKMOLINSK,combat_unit_type_line_infantry,1,0,0,0,ZERO_EFFECTIVE_CAP,N/A,YES,0
RUS,FIRST_SCRIPTED_LAND_FORMATION,STATE_ARKHANGELSK,combat_unit_type_line_infantry,3,2,0,0,CAPACITY_NOT_NEEDED_FOR_FINAL_TARGET,N/A,YES,0
RUS,FIRST_SCRIPTED_LAND_FORMATION,STATE_ASTRAKHAN,combat_unit_type_line_infantry,3,2,0,0,CAPACITY_NOT_NEEDED_FOR_FINAL_TARGET,N/A,YES,0
RUS,FIRST_SCRIPTED_LAND_FORMATION,STATE_BURYATIA,combat_unit_type_line_infantry,2,1,0,0,CAPACITY_NOT_NEEDED_FOR_FINAL_TARGET,N/A,YES,0
RUS,FIRST_SCRIPTED_LAND_FORMATION,STATE_CHELYABINSK,combat_unit_type_line_infantry,4,3,0,0,CAPACITY_NOT_NEEDED_FOR_FINAL_TARGET,N/A,YES,0
RUS,FIRST_SCRIPTED_LAND_FORMATION,STATE_CHERNIHIV,combat_unit_type_line_infantry,15,14,0,0,CAPACITY_NOT_NEEDED_FOR_FINAL_TARGET,N/A,YES,0
RUS,FIRST_SCRIPTED_LAND_FORMATION,STATE_CHUVASHIA,combat_unit_type_line_infantry,6,5,0,0,CAPACITY_NOT_NEEDED_FOR_FINAL_TARGET,N/A,YES,0
RUS,FIRST_SCRIPTED_LAND_FORMATION,STATE_DOBRUDJA,combat_unit_type_line_infantry,1,0,0,0,ZERO_EFFECTIVE_CAP,N/A,YES,0
RUS,FIRST_SCRIPTED_LAND_FORMATION,STATE_EAST_KARELIA,combat_unit_type_line_infantry,2,0,0,0,ZERO_EFFECTIVE_CAP,N/A,YES,0
RUS,FIRST_SCRIPTED_LAND_FORMATION,STATE_GALICH,combat_unit_type_line_infantry,8,7,0,0,CAPACITY_NOT_NEEDED_FOR_FINAL_TARGET,N/A,YES,0
RUS,FIRST_SCRIPTED_LAND_FORMATION,STATE_INGRIA,combat_unit_type_line_infantry,10,9,0,0,CAPACITY_NOT_NEEDED_FOR_FINAL_TARGET,N/A,YES,0
RUS,FIRST_SCRIPTED_LAND_FORMATION,STATE_IRKUTSK,combat_unit_type_line_infantry,3,1,0,0,CAPACITY_NOT_NEEDED_FOR_FINAL_TARGET,N/A,YES,0
RUS,FIRST_SCRIPTED_LAND_FORMATION,STATE_KALMYKIA,combat_unit_type_line_infantry,2,1,0,0,CAPACITY_NOT_NEEDED_FOR_FINAL_TARGET,N/A,YES,0
RUS,FIRST_SCRIPTED_LAND_FORMATION,STATE_KAMCHATKA,combat_unit_type_line_infantry,1,0,0,0,ZERO_EFFECTIVE_CAP,N/A,YES,0
RUS,FIRST_SCRIPTED_LAND_FORMATION,STATE_KAZAN,combat_unit_type_line_infantry,12,11,0,0,CAPACITY_NOT_NEEDED_FOR_FINAL_TARGET,N/A,YES,0
RUS,FIRST_SCRIPTED_LAND_FORMATION,STATE_KHARKOV,combat_unit_type_line_infantry,25,25,25,25,NONE,YES,YES,0
RUS,FIRST_SCRIPTED_LAND_FORMATION,STATE_KOLA,combat_unit_type_line_infantry,1,0,0,0,ZERO_EFFECTIVE_CAP,N/A,YES,0
RUS,FIRST_SCRIPTED_LAND_FORMATION,STATE_KOLYMA,combat_unit_type_line_infantry,1,0,0,0,ZERO_EFFECTIVE_CAP,N/A,YES,0
RUS,FIRST_SCRIPTED_LAND_FORMATION,STATE_KRASNOYARSK,combat_unit_type_line_infantry,2,1,0,0,CAPACITY_NOT_NEEDED_FOR_FINAL_TARGET,N/A,YES,0
RUS,FIRST_SCRIPTED_LAND_FORMATION,STATE_KURSK,combat_unit_type_line_infantry,22,21,20,20,NONE,YES,YES,0
RUS,FIRST_SCRIPTED_LAND_FORMATION,STATE_MOGILEV,combat_unit_type_line_infantry,7,6,0,0,CAPACITY_NOT_NEEDED_FOR_FINAL_TARGET,N/A,YES,0
RUS,FIRST_SCRIPTED_LAND_FORMATION,STATE_MOSCOW,combat_unit_type_line_infantry,13,12,0,0,CAPACITY_NOT_NEEDED_FOR_FINAL_TARGET,N/A,YES,0
RUS,FIRST_SCRIPTED_LAND_FORMATION,STATE_NENETSIA,combat_unit_type_line_infantry,1,0,0,0,ZERO_EFFECTIVE_CAP,N/A,YES,0
RUS,FIRST_SCRIPTED_LAND_FORMATION,STATE_NIZHNY_NOVGOROD,combat_unit_type_line_infantry,16,15,0,0,CAPACITY_NOT_NEEDED_FOR_FINAL_TARGET,N/A,YES,0
RUS,FIRST_SCRIPTED_LAND_FORMATION,STATE_NOVGOROD,combat_unit_type_line_infantry,9,8,0,0,CAPACITY_NOT_NEEDED_FOR_FINAL_TARGET,N/A,YES,0
RUS,FIRST_SCRIPTED_LAND_FORMATION,STATE_OB,combat_unit_type_line_infantry,1,0,0,0,ZERO_EFFECTIVE_CAP,N/A,YES,0
RUS,FIRST_SCRIPTED_LAND_FORMATION,STATE_OKHOTSK,combat_unit_type_line_infantry,1,0,0,0,ZERO_EFFECTIVE_CAP,N/A,YES,0
RUS,FIRST_SCRIPTED_LAND_FORMATION,STATE_ORYOL,combat_unit_type_line_infantry,25,25,25,25,NONE,YES,YES,0
RUS,FIRST_SCRIPTED_LAND_FORMATION,STATE_PERM,combat_unit_type_line_infantry,8,7,0,0,CAPACITY_NOT_NEEDED_FOR_FINAL_TARGET,N/A,YES,0
RUS,FIRST_SCRIPTED_LAND_FORMATION,STATE_PSKOV,combat_unit_type_line_infantry,8,7,0,0,CAPACITY_NOT_NEEDED_FOR_FINAL_TARGET,N/A,YES,0
RUS,FIRST_SCRIPTED_LAND_FORMATION,STATE_RIGA,combat_unit_type_line_infantry,3,1,0,0,CAPACITY_NOT_NEEDED_FOR_FINAL_TARGET,N/A,YES,0
RUS,FIRST_SCRIPTED_LAND_FORMATION,STATE_ROSTOV,combat_unit_type_line_infantry,7,6,0,0,CAPACITY_NOT_NEEDED_FOR_FINAL_TARGET,N/A,YES,0
RUS,FIRST_SCRIPTED_LAND_FORMATION,STATE_RYAZAN,combat_unit_type_line_infantry,13,12,0,0,CAPACITY_NOT_NEEDED_FOR_FINAL_TARGET,N/A,YES,0
RUS,FIRST_SCRIPTED_LAND_FORMATION,STATE_SMOLENSK,combat_unit_type_line_infantry,11,10,0,0,CAPACITY_NOT_NEEDED_FOR_FINAL_TARGET,N/A,YES,0
RUS,FIRST_SCRIPTED_LAND_FORMATION,STATE_SURGUT,combat_unit_type_line_infantry,1,0,0,0,ZERO_EFFECTIVE_CAP,N/A,YES,0
RUS,FIRST_SCRIPTED_LAND_FORMATION,STATE_TAMBOV,combat_unit_type_line_infantry,25,25,25,25,NONE,YES,YES,0
RUS,FIRST_SCRIPTED_LAND_FORMATION,STATE_TARTARIA,combat_unit_type_line_infantry,12,5,0,0,CAPACITY_NOT_NEEDED_FOR_FINAL_TARGET,N/A,YES,0
RUS,FIRST_SCRIPTED_LAND_FORMATION,STATE_TOBOLSK,combat_unit_type_line_infantry,5,2,0,0,CAPACITY_NOT_NEEDED_FOR_FINAL_TARGET,N/A,YES,0
RUS,FIRST_SCRIPTED_LAND_FORMATION,STATE_TOMSK,combat_unit_type_line_infantry,4,1,0,0,CAPACITY_NOT_NEEDED_FOR_FINAL_TARGET,N/A,YES,0
RUS,FIRST_SCRIPTED_LAND_FORMATION,STATE_TRANS_BAIKAL,combat_unit_type_line_infantry,2,0,0,0,ZERO_EFFECTIVE_CAP,N/A,YES,0
RUS,FIRST_SCRIPTED_LAND_FORMATION,STATE_TVER,combat_unit_type_line_infantry,13,12,0,0,CAPACITY_NOT_NEEDED_FOR_FINAL_TARGET,N/A,YES,0
RUS,FIRST_SCRIPTED_LAND_FORMATION,STATE_UFA,combat_unit_type_line_infantry,4,3,0,0,CAPACITY_NOT_NEEDED_FOR_FINAL_TARGET,N/A,YES,0
RUS,FIRST_SCRIPTED_LAND_FORMATION,STATE_UPPER_YENISEYSK,combat_unit_type_line_infantry,1,0,0,0,ZERO_EFFECTIVE_CAP,N/A,YES,0
RUS,FIRST_SCRIPTED_LAND_FORMATION,STATE_URAL,combat_unit_type_line_infantry,4,1,0,0,CAPACITY_NOT_NEEDED_FOR_FINAL_TARGET,N/A,YES,0
RUS,FIRST_SCRIPTED_LAND_FORMATION,STATE_VITEBSK,combat_unit_type_line_infantry,5,4,0,0,CAPACITY_NOT_NEEDED_FOR_FINAL_TARGET,N/A,YES,0
RUS,FIRST_SCRIPTED_LAND_FORMATION,STATE_VYATKA,combat_unit_type_line_infantry,16,15,0,0,CAPACITY_NOT_NEEDED_FOR_FINAL_TARGET,N/A,YES,0
RUS,FIRST_SCRIPTED_LAND_FORMATION,STATE_WEST_KARELIA,combat_unit_type_line_infantry,3,2,0,0,CAPACITY_NOT_NEEDED_FOR_FINAL_TARGET,N/A,YES,0
RUS,FIRST_SCRIPTED_LAND_FORMATION,STATE_YAKUTSK,combat_unit_type_line_infantry,2,0,0,0,ZERO_EFFECTIVE_CAP,N/A,YES,0
RUS,FIRST_SCRIPTED_LAND_FORMATION,STATE_YAROSLAVL,combat_unit_type_line_infantry,25,25,25,25,NONE,YES,YES,0
RWD,FIRST_SCRIPTED_LAND_FORMATION,STATE_TANGANYIKA,combat_unit_type_irregular_infantry,6,5,6,5,NONE,YES,YES,0
RYU,NONE,STATE_RYUKYU_ISLANDS,N/A_NO_SCRIPTED_CONSCRIPTS,2,1,0,0,CAPACITY_NOT_NEEDED_FOR_FINAL_TARGET,N/A,YES,0
SAK,FIRST_SCRIPTED_LAND_FORMATION,STATE_ACEH,combat_unit_type_irregular_infantry,2,0,0,0,ZERO_EFFECTIVE_CAP,N/A,YES,0
SAK,FIRST_SCRIPTED_LAND_FORMATION,STATE_NORTH_SUMATRA,combat_unit_type_irregular_infantry,5,2,4,2,NONE,YES,YES,0
SAR,FIRST_SCRIPTED_LAND_FORMATION,STATE_PIEDMONT,combat_unit_type_line_infantry,7,6,7,6,NONE,YES,NO,0
SAR,FIRST_SCRIPTED_LAND_FORMATION,STATE_PROVENCE,combat_unit_type_line_infantry,1,0,0,0,ZERO_EFFECTIVE_CAP,N/A,NO,0
SAR,FIRST_SCRIPTED_LAND_FORMATION,STATE_SARDINIA,combat_unit_type_line_infantry,2,1,2,1,NONE,YES,NO,0
SAR,FIRST_SCRIPTED_LAND_FORMATION,STATE_SAVOY,combat_unit_type_line_infantry,2,1,1,1,NONE,YES,NO,0
SAT,FIRST_SCRIPTED_LAND_FORMATION,STATE_BOMBAY,combat_unit_type_line_infantry,2,1,2,1,NONE,YES,NO,0
SAX,FIRST_SCRIPTED_LAND_FORMATION,STATE_SAXONY,combat_unit_type_line_infantry,5,4,5,4,NONE,YES,NO,0
SC1,NONE,STATE_BAJA_CALIFORNIA,N/A_NO_SCRIPTED_CONSCRIPTS,1,0,0,0,ZERO_EFFECTIVE_CAP,N/A,NO,0
SC1,NONE,STATE_BAJIO,N/A_NO_SCRIPTED_CONSCRIPTS,3,2,0,0,CAPACITY_NOT_NEEDED_FOR_FINAL_TARGET,N/A,NO,0
SC1,NONE,STATE_CHIAPAS,N/A_NO_SCRIPTED_CONSCRIPTS,1,0,0,0,ZERO_EFFECTIVE_CAP,N/A,NO,0
SC1,NONE,STATE_CHIHUAHUA,N/A_NO_SCRIPTED_CONSCRIPTS,1,0,0,0,ZERO_EFFECTIVE_CAP,N/A,NO,0
SC1,NONE,STATE_COSTA_RICA,N/A_NO_SCRIPTED_CONSCRIPTS,1,0,0,0,ZERO_EFFECTIVE_CAP,N/A,NO,0
SC1,NONE,STATE_DURANGO,N/A_NO_SCRIPTED_CONSCRIPTS,1,0,0,0,ZERO_EFFECTIVE_CAP,N/A,NO,0
SC1,NONE,STATE_GUATEMALA,N/A_NO_SCRIPTED_CONSCRIPTS,2,1,0,0,CAPACITY_NOT_NEEDED_FOR_FINAL_TARGET,N/A,NO,0
SC1,NONE,STATE_GUERRERO,N/A_NO_SCRIPTED_CONSCRIPTS,1,0,0,0,ZERO_EFFECTIVE_CAP,N/A,NO,0
SC1,NONE,STATE_HONDURAS,N/A_NO_SCRIPTED_CONSCRIPTS,1,0,0,0,ZERO_EFFECTIVE_CAP,N/A,NO,0
SC1,NONE,STATE_JALISCO,N/A_NO_SCRIPTED_CONSCRIPTS,3,2,0,0,CAPACITY_NOT_NEEDED_FOR_FINAL_TARGET,N/A,NO,0
SC1,NONE,STATE_MEXICO,N/A_NO_SCRIPTED_CONSCRIPTS,5,4,0,0,CAPACITY_NOT_NEEDED_FOR_FINAL_TARGET,N/A,NO,0
SC1,NONE,STATE_NEW_MEXICO,N/A_NO_SCRIPTED_CONSCRIPTS,1,0,0,0,ZERO_EFFECTIVE_CAP,N/A,NO,0
SC1,NONE,STATE_NICARAGUA,N/A_NO_SCRIPTED_CONSCRIPTS,1,0,0,0,ZERO_EFFECTIVE_CAP,N/A,NO,0
SC1,NONE,STATE_OAXACA,N/A_NO_SCRIPTED_CONSCRIPTS,2,1,0,0,CAPACITY_NOT_NEEDED_FOR_FINAL_TARGET,N/A,NO,0
SC1,NONE,STATE_RIO_GRANDE,N/A_NO_SCRIPTED_CONSCRIPTS,1,0,0,0,ZERO_EFFECTIVE_CAP,N/A,NO,0
SC1,NONE,STATE_SAN_SALVADOR,N/A_NO_SCRIPTED_CONSCRIPTS,2,1,0,0,CAPACITY_NOT_NEEDED_FOR_FINAL_TARGET,N/A,NO,0
SC1,NONE,STATE_SINALOA,N/A_NO_SCRIPTED_CONSCRIPTS,1,0,0,0,ZERO_EFFECTIVE_CAP,N/A,NO,0
SC1,NONE,STATE_SONORA,N/A_NO_SCRIPTED_CONSCRIPTS,1,0,0,0,ZERO_EFFECTIVE_CAP,N/A,NO,0
SC1,NONE,STATE_TEXAS,N/A_NO_SCRIPTED_CONSCRIPTS,1,0,0,0,ZERO_EFFECTIVE_CAP,N/A,NO,0
SC1,NONE,STATE_VERACRUZ,N/A_NO_SCRIPTED_CONSCRIPTS,1,0,0,0,ZERO_EFFECTIVE_CAP,N/A,NO,0
SC1,NONE,STATE_YUCATAN,N/A_NO_SCRIPTED_CONSCRIPTS,2,1,0,0,CAPACITY_NOT_NEEDED_FOR_FINAL_TARGET,N/A,NO,0
SC1,NONE,STATE_ZACATECAS,N/A_NO_SCRIPTED_CONSCRIPTS,1,0,0,0,ZERO_EFFECTIVE_CAP,N/A,NO,0
SC2,NONE,STATE_ANTIOQUIA,N/A_NO_SCRIPTED_CONSCRIPTS,2,1,0,0,CAPACITY_NOT_NEEDED_FOR_FINAL_TARGET,N/A,NO,0
SC2,NONE,STATE_BOLIVAR,N/A_NO_SCRIPTED_CONSCRIPTS,1,0,0,0,ZERO_EFFECTIVE_CAP,N/A,NO,0
SC2,NONE,STATE_CAUCA,N/A_NO_SCRIPTED_CONSCRIPTS,1,0,0,0,ZERO_EFFECTIVE_CAP,N/A,NO,0
SC2,NONE,STATE_CUNDINAMARCA,N/A_NO_SCRIPTED_CONSCRIPTS,2,1,0,0,CAPACITY_NOT_NEEDED_FOR_FINAL_TARGET,N/A,NO,0
SC2,NONE,STATE_ECUADOR,N/A_NO_SCRIPTED_CONSCRIPTS,3,2,0,0,CAPACITY_NOT_NEEDED_FOR_FINAL_TARGET,N/A,NO,0
SC2,NONE,STATE_GUAVIARE,N/A_NO_SCRIPTED_CONSCRIPTS,1,0,0,0,ZERO_EFFECTIVE_CAP,N/A,NO,0
SC2,NONE,STATE_MIRANDA,N/A_NO_SCRIPTED_CONSCRIPTS,1,0,0,0,ZERO_EFFECTIVE_CAP,N/A,NO,0
SC2,NONE,STATE_PANAMA,N/A_NO_SCRIPTED_CONSCRIPTS,1,0,0,0,ZERO_EFFECTIVE_CAP,N/A,NO,0
SC2,NONE,STATE_ZULIA,N/A_NO_SCRIPTED_CONSCRIPTS,2,1,0,0,CAPACITY_NOT_NEEDED_FOR_FINAL_TARGET,N/A,NO,0
SC3,NONE,STATE_ANTOFAGASTA,N/A_NO_SCRIPTED_CONSCRIPTS,1,0,0,0,ZERO_EFFECTIVE_CAP,N/A,NO,0
SC3,NONE,STATE_ARAUCANIA,N/A_NO_SCRIPTED_CONSCRIPTS,1,0,0,0,ZERO_EFFECTIVE_CAP,N/A,NO,0
SC3,NONE,STATE_AREQUIPA,N/A_NO_SCRIPTED_CONSCRIPTS,1,0,0,0,ZERO_EFFECTIVE_CAP,N/A,NO,0
SC3,NONE,STATE_CAJAMARCA,N/A_NO_SCRIPTED_CONSCRIPTS,1,0,0,0,ZERO_EFFECTIVE_CAP,N/A,NO,0
SC3,NONE,STATE_ICA,N/A_NO_SCRIPTED_CONSCRIPTS,1,0,0,0,ZERO_EFFECTIVE_CAP,N/A,NO,0
SC3,NONE,STATE_LIMA,N/A_NO_SCRIPTED_CONSCRIPTS,2,1,0,0,CAPACITY_NOT_NEEDED_FOR_FINAL_TARGET,N/A,NO,0
SC3,NONE,STATE_LOS_RIOS,N/A_NO_SCRIPTED_CONSCRIPTS,1,0,0,0,ZERO_EFFECTIVE_CAP,N/A,NO,0
SC3,NONE,STATE_PASTAZA,N/A_NO_SCRIPTED_CONSCRIPTS,1,0,0,0,ZERO_EFFECTIVE_CAP,N/A,NO,0
SC3,NONE,STATE_POTOSI,N/A_NO_SCRIPTED_CONSCRIPTS,1,0,0,0,ZERO_EFFECTIVE_CAP,N/A,NO,0
SC3,NONE,STATE_SANTA_CRUZ,N/A_NO_SCRIPTED_CONSCRIPTS,1,0,0,0,ZERO_EFFECTIVE_CAP,N/A,NO,0
SC3,NONE,STATE_SANTIAGO,N/A_NO_SCRIPTED_CONSCRIPTS,2,1,0,0,CAPACITY_NOT_NEEDED_FOR_FINAL_TARGET,N/A,NO,0
SC3,NONE,STATE_TARAPACA,N/A_NO_SCRIPTED_CONSCRIPTS,1,0,0,0,ZERO_EFFECTIVE_CAP,N/A,NO,0
SC4,NONE,STATE_BAJO_PARAGUAY,N/A_NO_SCRIPTED_CONSCRIPTS,1,0,0,0,ZERO_EFFECTIVE_CAP,N/A,NO,0
SC4,NONE,STATE_BUENOS_AIRES,N/A_NO_SCRIPTED_CONSCRIPTS,1,0,0,0,ZERO_EFFECTIVE_CAP,N/A,NO,0
SC4,NONE,STATE_CHACO,N/A_NO_SCRIPTED_CONSCRIPTS,1,0,0,0,ZERO_EFFECTIVE_CAP,N/A,NO,0
SC4,NONE,STATE_CORRIENTES,N/A_NO_SCRIPTED_CONSCRIPTS,1,0,0,0,ZERO_EFFECTIVE_CAP,N/A,NO,0
SC4,NONE,STATE_JUJUY,N/A_NO_SCRIPTED_CONSCRIPTS,1,0,0,0,ZERO_EFFECTIVE_CAP,N/A,NO,0
SC4,NONE,STATE_LA_PAMPA,N/A_NO_SCRIPTED_CONSCRIPTS,1,0,0,0,ZERO_EFFECTIVE_CAP,N/A,NO,0
SC4,NONE,STATE_RIO_NEGRO,N/A_NO_SCRIPTED_CONSCRIPTS,1,0,0,0,ZERO_EFFECTIVE_CAP,N/A,NO,0
SC4,NONE,STATE_SANTA_FE,N/A_NO_SCRIPTED_CONSCRIPTS,1,0,0,0,ZERO_EFFECTIVE_CAP,N/A,NO,0
SC4,NONE,STATE_TUCUMAN,N/A_NO_SCRIPTED_CONSCRIPTS,1,0,0,0,ZERO_EFFECTIVE_CAP,N/A,NO,0
SC4,NONE,STATE_URUGUAY,N/A_NO_SCRIPTED_CONSCRIPTS,1,0,0,0,ZERO_EFFECTIVE_CAP,N/A,NO,0
SCH,FIRST_SCRIPTED_LAND_FORMATION,STATE_SCHLESWIG_HOLSTEIN,combat_unit_type_irregular_infantry,1,0,1,0,ZERO_EFFECTIVE_CAP,N/A,NO,0
SCM,NONE,STATE_WESTPHALIA,N/A_NO_SCRIPTED_CONSCRIPTS,1,0,0,0,ZERO_EFFECTIVE_CAP,N/A,NO,0
SCW,NONE,STATE_SAXONY,N/A_NO_SCRIPTED_CONSCRIPTS,1,0,0,0,ZERO_EFFECTIVE_CAP,N/A,NO,0
SEL,FIRST_SCRIPTED_LAND_FORMATION,STATE_MALAYA,combat_unit_type_irregular_infantry,3,1,3,1,NONE,YES,YES,0
SGU,FIRST_SCRIPTED_LAND_FORMATION,STATE_WESTERN_MALI,combat_unit_type_irregular_infantry,4,3,4,3,NONE,YES,YES,0
SHS,NONE,STATE_SHAN_STATES,N/A_NO_SCRIPTED_CONSCRIPTS,7,6,0,0,CAPACITY_NOT_NEEDED_FOR_FINAL_TARGET,N/A,YES,0
SIA,FIRST_SCRIPTED_LAND_FORMATION,STATE_BANGKOK,combat_unit_type_irregular_infantry,18,17,18,17,NONE,YES,YES,0
SIA,FIRST_SCRIPTED_LAND_FORMATION,STATE_CAMBODIA,combat_unit_type_irregular_infantry,3,2,1,2,NONE,YES,YES,0
SIA,FIRST_SCRIPTED_LAND_FORMATION,STATE_LAOS,combat_unit_type_irregular_infantry,2,0,0,0,ZERO_EFFECTIVE_CAP,N/A,YES,0
SIA,FIRST_SCRIPTED_LAND_FORMATION,STATE_MALAYA,combat_unit_type_irregular_infantry,3,2,0,2,NONE,YES,YES,0
SIA,FIRST_SCRIPTED_LAND_FORMATION,STATE_NAKHON_RATCHASIMA,combat_unit_type_irregular_infantry,13,12,13,12,NONE,YES,YES,0
SIA,FIRST_SCRIPTED_LAND_FORMATION,STATE_TENASSERIM,combat_unit_type_irregular_infantry,4,1,4,1,NONE,YES,YES,0
SIC,NONE,STATE_ABRUZZO,N/A_NO_SCRIPTED_CONSCRIPTS,2,1,0,0,CAPACITY_NOT_NEEDED_FOR_FINAL_TARGET,N/A,NO,0
SIC,NONE,STATE_APULIA,N/A_NO_SCRIPTED_CONSCRIPTS,4,3,0,0,CAPACITY_NOT_NEEDED_FOR_FINAL_TARGET,N/A,NO,0
SIC,NONE,STATE_CALABRIA,N/A_NO_SCRIPTED_CONSCRIPTS,3,2,0,0,CAPACITY_NOT_NEEDED_FOR_FINAL_TARGET,N/A,NO,0
SIC,NONE,STATE_CAMPANIA,N/A_NO_SCRIPTED_CONSCRIPTS,7,6,0,0,CAPACITY_NOT_NEEDED_FOR_FINAL_TARGET,N/A,NO,0
SIK,FIRST_SCRIPTED_LAND_FORMATION,STATE_EASTERN_HIMALAYAS,combat_unit_type_irregular_infantry,1,0,1,0,ZERO_EFFECTIVE_CAP,N/A,YES,0
SIL,NONE,STATE_GOLD_COAST,N/A_NO_SCRIPTED_CONSCRIPTS,1,0,0,0,ZERO_EFFECTIVE_CAP,N/A,YES,0
SIL,NONE,STATE_SENEGAL,N/A_NO_SCRIPTED_CONSCRIPTS,2,0,0,0,ZERO_EFFECTIVE_CAP,N/A,YES,0
SIL,NONE,STATE_SIERRA_LEONE,N/A_NO_SCRIPTED_CONSCRIPTS,1,0,0,0,ZERO_EFFECTIVE_CAP,N/A,YES,0
SIL,NONE,STATE_SOUTH_CAMEROON,N/A_NO_SCRIPTED_CONSCRIPTS,1,0,0,0,ZERO_EFFECTIVE_CAP,N/A,YES,0
SIN,FIRST_SCRIPTED_LAND_FORMATION,STATE_SINDH,combat_unit_type_irregular_infantry,21,12,21,12,NONE,YES,YES,0
SMB,FIRST_SCRIPTED_LAND_FORMATION,STATE_WEST_BORNEO,combat_unit_type_irregular_infantry,1,0,1,0,ZERO_EFFECTIVE_CAP,N/A,YES,0
SOK,NONE,STATE_EAST_HAUSALAND,N/A_NO_SCRIPTED_CONSCRIPTS,25,16,0,0,CAPACITY_NOT_NEEDED_FOR_FINAL_TARGET,N/A,YES,0
SOK,NONE,STATE_HAUSALAND,N/A_NO_SCRIPTED_CONSCRIPTS,17,9,0,0,CAPACITY_NOT_NEEDED_FOR_FINAL_TARGET,N/A,YES,0
SOK,NONE,STATE_NIGERIA,N/A_NO_SCRIPTED_CONSCRIPTS,7,3,0,0,CAPACITY_NOT_NEEDED_FOR_FINAL_TARGET,N/A,YES,0
SOK,NONE,STATE_NORTH_CAMEROON,N/A_NO_SCRIPTED_CONSCRIPTS,9,5,0,0,CAPACITY_NOT_NEEDED_FOR_FINAL_TARGET,N/A,YES,0
SOK,NONE,STATE_OUTER_HAUSALAND,N/A_NO_SCRIPTED_CONSCRIPTS,3,1,0,0,CAPACITY_NOT_NEEDED_FOR_FINAL_TARGET,N/A,YES,0
SPA,FIRST_SCRIPTED_LAND_FORMATION,STATE_AL_RIF,combat_unit_type_line_infantry,1,0,0,0,LAW,N/A,YES,0
SPA,FIRST_SCRIPTED_LAND_FORMATION,STATE_ARAGON,combat_unit_type_line_infantry,7,0,0,0,LAW,N/A,YES,0
SPA,FIRST_SCRIPTED_LAND_FORMATION,STATE_ASTURIAS,combat_unit_type_line_infantry,5,0,0,0,LAW,N/A,YES,0
SPA,FIRST_SCRIPTED_LAND_FORMATION,STATE_BALEARIC_ISLANDS,combat_unit_type_line_infantry,2,0,0,0,LAW,N/A,YES,0
SPA,FIRST_SCRIPTED_LAND_FORMATION,STATE_BASQUE_COUNTRY,combat_unit_type_line_infantry,6,0,0,0,LAW,N/A,YES,0
SPA,FIRST_SCRIPTED_LAND_FORMATION,STATE_CANARY_ISLANDS,combat_unit_type_line_infantry,3,0,0,0,LAW,N/A,YES,0
SPA,FIRST_SCRIPTED_LAND_FORMATION,STATE_CATALONIA,combat_unit_type_line_infantry,10,0,1,0,LAW,N/A,YES,0
SPA,FIRST_SCRIPTED_LAND_FORMATION,STATE_EXTREMADURA,combat_unit_type_line_infantry,6,0,0,0,LAW,N/A,YES,0
SPA,FIRST_SCRIPTED_LAND_FORMATION,STATE_GALICIA,combat_unit_type_line_infantry,15,0,15,0,LAW,N/A,YES,0
SPA,FIRST_SCRIPTED_LAND_FORMATION,STATE_LEON,combat_unit_type_line_infantry,7,0,0,0,LAW,N/A,YES,0
SPA,FIRST_SCRIPTED_LAND_FORMATION,STATE_LOWER_ANDALUSIA,combat_unit_type_line_infantry,13,0,13,0,LAW,N/A,YES,0
SPA,FIRST_SCRIPTED_LAND_FORMATION,STATE_MURCIA,combat_unit_type_line_infantry,5,0,0,0,LAW,N/A,YES,0
SPA,FIRST_SCRIPTED_LAND_FORMATION,STATE_NEW_CASTILE,combat_unit_type_line_infantry,16,0,16,0,LAW,N/A,YES,0
SPA,FIRST_SCRIPTED_LAND_FORMATION,STATE_OLD_CASTILE,combat_unit_type_line_infantry,13,0,13,0,LAW,N/A,YES,0
SPA,FIRST_SCRIPTED_LAND_FORMATION,STATE_UPPER_ANDALUSIA,combat_unit_type_line_infantry,12,0,12,0,LAW,N/A,YES,0
SPA,FIRST_SCRIPTED_LAND_FORMATION,STATE_VALENCIA,combat_unit_type_line_infantry,10,0,0,0,LAW,N/A,YES,0
SPA,FIRST_SCRIPTED_LAND_FORMATION,STATE_WEST_INDIES,combat_unit_type_line_infantry,1,0,0,0,LAW,N/A,YES,0
SRK,FIRST_SCRIPTED_LAND_FORMATION,STATE_CENTRAL_JAVA,combat_unit_type_irregular_infantry,1,0,1,0,ZERO_EFFECTIVE_CAP,N/A,YES,0
STG,FIRST_SCRIPTED_LAND_FORMATION,STATE_WEST_BORNEO,combat_unit_type_irregular_infantry,1,0,1,0,ZERO_EFFECTIVE_CAP,N/A,YES,0
SUL,FIRST_SCRIPTED_LAND_FORMATION,STATE_LUZON,combat_unit_type_irregular_infantry,1,0,0,0,ZERO_EFFECTIVE_CAP,N/A,YES,0
SUL,FIRST_SCRIPTED_LAND_FORMATION,STATE_MINDANAO,combat_unit_type_irregular_infantry,2,0,2,0,ZERO_EFFECTIVE_CAP,N/A,YES,0
SUL,FIRST_SCRIPTED_LAND_FORMATION,STATE_NORTH_BORNEO,combat_unit_type_irregular_infantry,1,0,0,0,ZERO_EFFECTIVE_CAP,N/A,YES,0
SWE,FIRST_SCRIPTED_LAND_FORMATION,STATE_ALAND,combat_unit_type_line_infantry,1,0,1,0,ZERO_EFFECTIVE_CAP,N/A,NO,0
SWE,FIRST_SCRIPTED_LAND_FORMATION,STATE_GOTALAND,combat_unit_type_line_infantry,3,2,3,2,NONE,YES,NO,0
SWE,FIRST_SCRIPTED_LAND_FORMATION,STATE_GOTLAND,combat_unit_type_line_infantry,1,0,1,0,ZERO_EFFECTIVE_CAP,N/A,NO,0
SWE,FIRST_SCRIPTED_LAND_FORMATION,STATE_KUOPIO,combat_unit_type_line_infantry,1,0,1,0,ZERO_EFFECTIVE_CAP,N/A,NO,0
SWE,FIRST_SCRIPTED_LAND_FORMATION,STATE_NORRLAND,combat_unit_type_line_infantry,1,0,1,0,ZERO_EFFECTIVE_CAP,N/A,NO,0
SWE,FIRST_SCRIPTED_LAND_FORMATION,STATE_OSTROBOTHNIA,combat_unit_type_line_infantry,1,0,1,0,ZERO_EFFECTIVE_CAP,N/A,NO,0
SWE,FIRST_SCRIPTED_LAND_FORMATION,STATE_OULU,combat_unit_type_line_infantry,1,0,1,0,ZERO_EFFECTIVE_CAP,N/A,NO,0
SWE,FIRST_SCRIPTED_LAND_FORMATION,STATE_SCANIA,combat_unit_type_line_infantry,2,1,2,1,NONE,YES,NO,0
SWE,FIRST_SCRIPTED_LAND_FORMATION,STATE_SVEALAND,combat_unit_type_line_infantry,4,3,4,3,NONE,YES,NO,0
SWE,FIRST_SCRIPTED_LAND_FORMATION,STATE_UUSIMAA,combat_unit_type_line_infantry,2,1,2,1,NONE,YES,NO,0
SWI,FIRST_SCRIPTED_LAND_FORMATION,STATE_EAST_SWITZERLAND,combat_unit_type_line_infantry,9,8,0,0,CAPACITY_NOT_NEEDED_FOR_FINAL_TARGET,N/A,YES,0
SWI,FIRST_SCRIPTED_LAND_FORMATION,STATE_WEST_SWITZERLAND,combat_unit_type_line_infantry,11,10,2,2,NONE,YES,YES,0
SWZ,FIRST_SCRIPTED_LAND_FORMATION,STATE_TRANSVAAL,combat_unit_type_irregular_infantry,1,0,1,0,ZERO_EFFECTIVE_CAP,N/A,YES,0
TGI,FIRST_SCRIPTED_LAND_FORMATION,STATE_MOCAMBIQUE,combat_unit_type_irregular_infantry,1,0,1,0,ZERO_EFFECTIVE_CAP,N/A,YES,0
TIB,FIRST_SCRIPTED_LAND_FORMATION,STATE_EASTERN_HIMALAYAS,combat_unit_type_irregular_infantry,2,1,0,0,CAPACITY_NOT_NEEDED_FOR_FINAL_TARGET,N/A,YES,0
TIB,FIRST_SCRIPTED_LAND_FORMATION,STATE_LHASA,combat_unit_type_irregular_infantry,19,18,10,10,NONE,YES,YES,0
TIB,FIRST_SCRIPTED_LAND_FORMATION,STATE_NGARI,combat_unit_type_irregular_infantry,9,8,0,0,CAPACITY_NOT_NEEDED_FOR_FINAL_TARGET,N/A,YES,0
TID,FIRST_SCRIPTED_LAND_FORMATION,STATE_CELEBES,combat_unit_type_irregular_infantry,1,0,1,0,ZERO_EFFECTIVE_CAP,N/A,YES,0
TID,FIRST_SCRIPTED_LAND_FORMATION,STATE_MOLUCCAS,combat_unit_type_irregular_infantry,3,1,3,1,NONE,YES,YES,0
TID,FIRST_SCRIPTED_LAND_FORMATION,STATE_WESTERN_NEW_GUINEA,combat_unit_type_irregular_infantry,1,0,0,0,ZERO_EFFECTIVE_CAP,N/A,YES,0
TRA,FIRST_SCRIPTED_LAND_FORMATION,STATE_TRAVANCORE,combat_unit_type_line_infantry,3,2,3,2,NONE,YES,NO,0
TRI,FIRST_SCRIPTED_LAND_FORMATION,STATE_LIBYA,combat_unit_type_irregular_infantry,5,1,5,1,NONE,YES,YES,0
TRI,FIRST_SCRIPTED_LAND_FORMATION,STATE_TRIPOLI,combat_unit_type_irregular_infantry,4,2,4,2,NONE,YES,YES,0
TRN,NONE,STATE_TRANSVAAL,N/A_NO_SCRIPTED_CONSCRIPTS,1,0,0,0,ZERO_EFFECTIVE_CAP,N/A,NO,0
TRS,NONE,STATE_NORTHERN_TRANSYLVANIA,N/A_NO_SCRIPTED_CONSCRIPTS,4,3,0,0,CAPACITY_NOT_NEEDED_FOR_FINAL_TARGET,N/A,NO,0
TRS,NONE,STATE_SOUTHERN_TRANSYLVANIA,N/A_NO_SCRIPTED_CONSCRIPTS,4,3,0,0,CAPACITY_NOT_NEEDED_FOR_FINAL_TARGET,N/A,NO,0
TUG,FIRST_SCRIPTED_LAND_FORMATION,STATE_EAST_SAHARA,combat_unit_type_irregular_infantry,1,0,1,0,ZERO_EFFECTIVE_CAP,N/A,YES,0
TUN,FIRST_SCRIPTED_LAND_FORMATION,STATE_TUNISIA,combat_unit_type_irregular_infantry,14,8,10,8,NONE,YES,YES,0
TUR,FIRST_SCRIPTED_LAND_FORMATION,STATE_ADANA,combat_unit_type_irregular_infantry,4,2,0,2,NONE,YES,YES,0
TUR,FIRST_SCRIPTED_LAND_FORMATION,STATE_ALBANIA,combat_unit_type_irregular_infantry,13,6,13,6,NONE,YES,YES,0
TUR,FIRST_SCRIPTED_LAND_FORMATION,STATE_ALEPPO,combat_unit_type_irregular_infantry,7,3,0,3,NONE,YES,YES,0
TUR,FIRST_SCRIPTED_LAND_FORMATION,STATE_ANKARA,combat_unit_type_irregular_infantry,16,9,16,9,NONE,YES,YES,0
TUR,FIRST_SCRIPTED_LAND_FORMATION,STATE_ATTICA,combat_unit_type_irregular_infantry,7,3,0,3,NONE,YES,YES,0
TUR,FIRST_SCRIPTED_LAND_FORMATION,STATE_AYDIN,combat_unit_type_irregular_infantry,11,6,11,6,NONE,YES,YES,0
TUR,FIRST_SCRIPTED_LAND_FORMATION,STATE_BOSNIA,combat_unit_type_irregular_infantry,9,5,9,5,NONE,YES,YES,0
TUR,FIRST_SCRIPTED_LAND_FORMATION,STATE_BULGARIA,combat_unit_type_irregular_infantry,9,5,9,5,NONE,YES,YES,0
TUR,FIRST_SCRIPTED_LAND_FORMATION,STATE_CRETE,combat_unit_type_irregular_infantry,2,0,0,0,ZERO_EFFECTIVE_CAP,N/A,YES,0
TUR,FIRST_SCRIPTED_LAND_FORMATION,STATE_CYPRUS,combat_unit_type_irregular_infantry,2,0,0,0,ZERO_EFFECTIVE_CAP,N/A,YES,0
TUR,FIRST_SCRIPTED_LAND_FORMATION,STATE_DIYARBAKIR,combat_unit_type_irregular_infantry,8,4,0,4,NONE,YES,YES,0
TUR,FIRST_SCRIPTED_LAND_FORMATION,STATE_DOBRUDJA,combat_unit_type_irregular_infantry,3,1,0,1,NONE,YES,YES,0
TUR,FIRST_SCRIPTED_LAND_FORMATION,STATE_DONGOLA,combat_unit_type_irregular_infantry,1,0,0,0,ZERO_EFFECTIVE_CAP,N/A,YES,0
TUR,FIRST_SCRIPTED_LAND_FORMATION,STATE_EASTERN_SERBIA,combat_unit_type_irregular_infantry,6,3,0,3,NONE,YES,YES,0
TUR,FIRST_SCRIPTED_LAND_FORMATION,STATE_EASTERN_THRACE,combat_unit_type_irregular_infantry,14,8,14,8,NONE,YES,YES,0
TUR,FIRST_SCRIPTED_LAND_FORMATION,STATE_EAST_AEGEAN_ISLANDS,combat_unit_type_irregular_infantry,1,0,0,0,ZERO_EFFECTIVE_CAP,N/A,YES,0
TUR,FIRST_SCRIPTED_LAND_FORMATION,STATE_ERITREA,combat_unit_type_irregular_infantry,2,0,0,0,ZERO_EFFECTIVE_CAP,N/A,YES,0
TUR,FIRST_SCRIPTED_LAND_FORMATION,STATE_ERZURUM,combat_unit_type_irregular_infantry,9,5,8,5,NONE,YES,YES,0
TUR,FIRST_SCRIPTED_LAND_FORMATION,STATE_HUDAVENDIGAR,combat_unit_type_irregular_infantry,11,6,11,6,NONE,YES,YES,0
TUR,FIRST_SCRIPTED_LAND_FORMATION,STATE_KARS,combat_unit_type_irregular_infantry,2,1,0,1,NONE,YES,YES,0
TUR,FIRST_SCRIPTED_LAND_FORMATION,STATE_KASTAMONU,combat_unit_type_irregular_infantry,8,4,0,4,NONE,YES,YES,0
TUR,FIRST_SCRIPTED_LAND_FORMATION,STATE_KONYA,combat_unit_type_irregular_infantry,9,4,0,4,NONE,YES,YES,0
TUR,FIRST_SCRIPTED_LAND_FORMATION,STATE_KOSOVO,combat_unit_type_irregular_infantry,4,1,0,1,NONE,YES,YES,0
TUR,FIRST_SCRIPTED_LAND_FORMATION,STATE_LEBANON,combat_unit_type_irregular_infantry,4,2,0,2,NONE,YES,YES,0
TUR,FIRST_SCRIPTED_LAND_FORMATION,STATE_LOWER_EGYPT,combat_unit_type_irregular_infantry,25,16,25,16,NONE,YES,YES,0
TUR,FIRST_SCRIPTED_LAND_FORMATION,STATE_MACEDONIA,combat_unit_type_irregular_infantry,5,2,0,2,NONE,YES,YES,0
TUR,FIRST_SCRIPTED_LAND_FORMATION,STATE_MATRUH,combat_unit_type_irregular_infantry,1,0,0,0,ZERO_EFFECTIVE_CAP,N/A,YES,0
TUR,FIRST_SCRIPTED_LAND_FORMATION,STATE_MIDDLE_EGYPT,combat_unit_type_irregular_infantry,12,7,12,7,NONE,YES,YES,0
TUR,FIRST_SCRIPTED_LAND_FORMATION,STATE_MONTENEGRO,combat_unit_type_irregular_infantry,2,1,0,1,NONE,YES,YES,0
TUR,FIRST_SCRIPTED_LAND_FORMATION,STATE_NORTHERN_THRACE,combat_unit_type_irregular_infantry,9,5,0,5,NONE,YES,YES,0
TUR,FIRST_SCRIPTED_LAND_FORMATION,STATE_PALESTINE,combat_unit_type_irregular_infantry,4,2,0,2,NONE,YES,YES,0
TUR,FIRST_SCRIPTED_LAND_FORMATION,STATE_PELOPONNESE,combat_unit_type_irregular_infantry,3,1,0,1,NONE,YES,YES,0
TUR,FIRST_SCRIPTED_LAND_FORMATION,STATE_SINAI,combat_unit_type_irregular_infantry,1,0,0,0,ZERO_EFFECTIVE_CAP,N/A,YES,0
TUR,FIRST_SCRIPTED_LAND_FORMATION,STATE_SKOPIA,combat_unit_type_irregular_infantry,8,4,0,4,NONE,YES,YES,0
TUR,FIRST_SCRIPTED_LAND_FORMATION,STATE_SYRIA,combat_unit_type_irregular_infantry,6,3,0,3,NONE,YES,YES,0
TUR,FIRST_SCRIPTED_LAND_FORMATION,STATE_THESSALIA,combat_unit_type_irregular_infantry,12,6,12,6,NONE,YES,YES,0
TUR,FIRST_SCRIPTED_LAND_FORMATION,STATE_TRABZON,combat_unit_type_irregular_infantry,10,5,10,5,NONE,YES,YES,0
TUR,FIRST_SCRIPTED_LAND_FORMATION,STATE_TRANSJORDAN,combat_unit_type_irregular_infantry,1,0,0,0,ZERO_EFFECTIVE_CAP,N/A,YES,0
TUR,FIRST_SCRIPTED_LAND_FORMATION,STATE_UPPER_EGYPT,combat_unit_type_irregular_infantry,4,2,0,2,NONE,YES,YES,0
TUR,FIRST_SCRIPTED_LAND_FORMATION,STATE_WESTERN_SERBIA,combat_unit_type_irregular_infantry,6,3,0,3,NONE,YES,YES,0
TUR,FIRST_SCRIPTED_LAND_FORMATION,STATE_WESTERN_THRACE,combat_unit_type_irregular_infantry,8,4,0,4,NONE,YES,YES,0
TUS,FIRST_SCRIPTED_LAND_FORMATION,STATE_TUSCANY,combat_unit_type_line_infantry,5,4,4,4,NONE,YES,NO,0
UBD,NONE,STATE_RIGA,N/A_NO_SCRIPTED_CONSCRIPTS,2,1,0,0,CAPACITY_NOT_NEEDED_FOR_FINAL_TARGET,N/A,NO,0
UBD,NONE,STATE_TALINN,N/A_NO_SCRIPTED_CONSCRIPTS,1,0,0,0,ZERO_EFFECTIVE_CAP,N/A,NO,0
UBD,NONE,STATE_TARTU,N/A_NO_SCRIPTED_CONSCRIPTS,1,0,0,0,ZERO_EFFECTIVE_CAP,N/A,NO,0
UNT,NONE,STATE_NORTH_ISLAND,N/A_NO_SCRIPTED_CONSCRIPTS,1,0,0,0,ZERO_EFFECTIVE_CAP,N/A,YES,0
USA,FIRST_SCRIPTED_LAND_FORMATION,STATE_CONNECTICUT,combat_unit_type_line_infantry,2,1,0,0,CAPACITY_NOT_NEEDED_FOR_FINAL_TARGET,N/A,YES,0
USA,FIRST_SCRIPTED_LAND_FORMATION,STATE_DELAWARE,combat_unit_type_line_infantry,1,0,0,0,ZERO_EFFECTIVE_CAP,N/A,YES,0
USA,FIRST_SCRIPTED_LAND_FORMATION,STATE_DISTRICT_OF_COLUMBIA,combat_unit_type_line_infantry,2,1,0,0,CAPACITY_NOT_NEEDED_FOR_FINAL_TARGET,N/A,YES,0
USA,FIRST_SCRIPTED_LAND_FORMATION,STATE_GEORGIA,combat_unit_type_line_infantry,9,8,9,8,NONE,YES,YES,0
USA,FIRST_SCRIPTED_LAND_FORMATION,STATE_MAINE,combat_unit_type_line_infantry,4,3,0,0,CAPACITY_NOT_NEEDED_FOR_FINAL_TARGET,N/A,YES,0
USA,FIRST_SCRIPTED_LAND_FORMATION,STATE_MARYLAND,combat_unit_type_line_infantry,5,4,0,0,CAPACITY_NOT_NEEDED_FOR_FINAL_TARGET,N/A,YES,0
USA,FIRST_SCRIPTED_LAND_FORMATION,STATE_MASSACHUSETTS,combat_unit_type_line_infantry,9,8,0,6,NONE,YES,YES,0
USA,FIRST_SCRIPTED_LAND_FORMATION,STATE_NEW_HAMPSHIRE,combat_unit_type_line_infantry,3,2,0,0,CAPACITY_NOT_NEEDED_FOR_FINAL_TARGET,N/A,YES,0
USA,FIRST_SCRIPTED_LAND_FORMATION,STATE_NEW_JERSEY,combat_unit_type_line_infantry,4,3,0,0,CAPACITY_NOT_NEEDED_FOR_FINAL_TARGET,N/A,YES,0
USA,FIRST_SCRIPTED_LAND_FORMATION,STATE_NEW_YORK,combat_unit_type_line_infantry,23,22,23,22,NONE,YES,YES,0
USA,FIRST_SCRIPTED_LAND_FORMATION,STATE_NORTH_CAROLINA,combat_unit_type_line_infantry,10,9,10,9,NONE,YES,YES,0
USA,FIRST_SCRIPTED_LAND_FORMATION,STATE_PENNSYLVANIA,combat_unit_type_line_infantry,16,15,16,15,NONE,YES,YES,0
USA,FIRST_SCRIPTED_LAND_FORMATION,STATE_RHODE_ISLAND,combat_unit_type_line_infantry,2,1,0,0,CAPACITY_NOT_NEEDED_FOR_FINAL_TARGET,N/A,YES,0
USA,FIRST_SCRIPTED_LAND_FORMATION,STATE_SOUTH_CAROLINA,combat_unit_type_line_infantry,10,9,10,9,NONE,YES,YES,0
USA,FIRST_SCRIPTED_LAND_FORMATION,STATE_VERMONT,combat_unit_type_line_infantry,3,2,0,0,CAPACITY_NOT_NEEDED_FOR_FINAL_TARGET,N/A,YES,0
USA,FIRST_SCRIPTED_LAND_FORMATION,STATE_VIRGINIA,combat_unit_type_line_infantry,12,11,12,11,NONE,YES,YES,0
USA,FIRST_SCRIPTED_LAND_FORMATION,STATE_WEST_VIRGINIA,combat_unit_type_line_infantry,3,2,0,0,CAPACITY_NOT_NEEDED_FOR_FINAL_TARGET,N/A,YES,0
UZH,NONE,STATE_SYRDARYA,N/A_NO_SCRIPTED_CONSCRIPTS,2,1,0,0,CAPACITY_NOT_NEEDED_FOR_FINAL_TARGET,N/A,YES,0
VEN,FIRST_SCRIPTED_LAND_FORMATION,STATE_DALMATIA,combat_unit_type_line_infantry,1,0,0,0,ZERO_EFFECTIVE_CAP,N/A,NO,0
VEN,FIRST_SCRIPTED_LAND_FORMATION,STATE_IONIAN_ISLANDS,combat_unit_type_line_infantry,1,0,0,0,ZERO_EFFECTIVE_CAP,N/A,NO,0
VEN,FIRST_SCRIPTED_LAND_FORMATION,STATE_ISTRIA,combat_unit_type_line_infantry,2,1,1,1,NONE,YES,NO,0
VEN,FIRST_SCRIPTED_LAND_FORMATION,STATE_MONTENEGRO,combat_unit_type_line_infantry,1,0,0,0,ZERO_EFFECTIVE_CAP,N/A,NO,0
VEN,FIRST_SCRIPTED_LAND_FORMATION,STATE_SOUTH_TYROL,combat_unit_type_line_infantry,2,1,0,1,NONE,YES,NO,0
VEN,FIRST_SCRIPTED_LAND_FORMATION,STATE_VENETIA,combat_unit_type_line_infantry,5,4,5,4,NONE,YES,NO,0
VEN,FIRST_SCRIPTED_LAND_FORMATION,STATE_WEST_AEGEAN_ISLANDS,combat_unit_type_line_infantry,1,0,0,0,ZERO_EFFECTIVE_CAP,N/A,NO,0
WAD,FIRST_SCRIPTED_LAND_FORMATION,STATE_CHAD,combat_unit_type_irregular_infantry,2,0,2,0,ZERO_EFFECTIVE_CAP,N/A,YES,0
WAD,FIRST_SCRIPTED_LAND_FORMATION,STATE_WADDAI,combat_unit_type_irregular_infantry,2,1,2,1,NONE,YES,YES,0
WAL,FIRST_SCRIPTED_LAND_FORMATION,STATE_WALLACHIA,combat_unit_type_line_infantry,24,23,2,2,NONE,YES,YES,0
WBL,FIRST_SCRIPTED_LAND_FORMATION,STATE_NORTHERN_CAPE,combat_unit_type_irregular_infantry,1,0,1,0,ZERO_EFFECTIVE_CAP,N/A,YES,0
WEI,NONE,STATE_SAXONY,N/A_NO_SCRIPTED_CONSCRIPTS,1,0,0,0,ZERO_EFFECTIVE_CAP,N/A,NO,0
WLD,NONE,STATE_HESSE,N/A_NO_SCRIPTED_CONSCRIPTS,1,0,0,0,ZERO_EFFECTIVE_CAP,N/A,NO,0
WSG,FIRST_SCRIPTED_LAND_FORMATION,STATE_SOMALILAND,combat_unit_type_irregular_infantry,1,0,1,0,ZERO_EFFECTIVE_CAP,N/A,YES,0
WTU,NONE,STATE_KENYA,N/A_NO_SCRIPTED_CONSCRIPTS,1,0,0,0,ZERO_EFFECTIVE_CAP,N/A,YES,0
WUR,FIRST_SCRIPTED_LAND_FORMATION,STATE_WURTTEMBERG,combat_unit_type_line_infantry,5,4,5,4,NONE,YES,NO,0
YOG,FIRST_SCRIPTED_LAND_FORMATION,STATE_CENTRAL_JAVA,combat_unit_type_irregular_infantry,1,0,1,0,ZERO_EFFECTIVE_CAP,N/A,YES,0
ZAI,FIRST_SCRIPTED_LAND_FORMATION,STATE_YEMEN,combat_unit_type_irregular_infantry,10,5,4,4,NONE,YES,YES,0
