tag,country_name,state,direct_owner_valid,coastal,domain,land_units_recruited_3b,explicit_barracks_before,formation_materialized_barracks,target_explicit_barracks,explicit_barracks_after,naval_crew_required_country,naval_admin_before_state,naval_admin_target_state,naval_admin_after_state,structural_defer,action,temporary_map_abstraction,capacity_before,capacity_after,shortfall_before,shortfall_after,evidence,static_result,notes
ACE,Aceh,STATE_ACEH,YES,YES,land,2,4,2,0,0,0,0,0,0,NO,REMOVE_DUPLICATE_WITH_FORMATION_MATERIALIZATION,NO,6,2,0,0,Vanilla 1.13.9 has zero overlap between formation-recruiting and explicit-barracks country/state pairs,PASS,Formation units materialize one barracks level each; explicit nondeferred levels would be additive.
AGC,Angoche,STATE_MOCAMBIQUE,YES,YES,land,4,0,4,0,0,0,0,0,0,NO,FORMATION_MATERIALIZATION_ONLY,NO,4,4,0,0,Vanilla 1.13.9 has zero overlap between formation-recruiting and explicit-barracks country/state pairs,PASS,Formation units materialize one barracks level each; explicit nondeferred levels would be additive.
AIT,Ait Abbas,STATE_CONSTANTINE,YES,YES,land,1,2,1,0,0,0,0,0,0,NO,REMOVE_DUPLICATE_WITH_FORMATION_MATERIALIZATION,NO,3,1,0,0,Vanilla 1.13.9 has zero overlap between formation-recruiting and explicit-barracks country/state pairs,PASS,Formation units materialize one barracks level each; explicit nondeferred levels would be additive.
ANK,Ankole,STATE_UGANDA,YES,NO,land,1,3,1,0,0,0,0,0,0,NO,REMOVE_DUPLICATE_WITH_FORMATION_MATERIALIZATION,NO,4,1,0,0,Vanilla 1.13.9 has zero overlap between formation-recruiting and explicit-barracks country/state pairs,PASS,Formation units materialize one barracks level each; explicit nondeferred levels would be additive.
ARB,Arabistan,STATE_KHUZESTAN,YES,YES,land,4,0,4,0,0,0,0,0,0,NO,FORMATION_MATERIALIZATION_ONLY,NO,4,4,0,0,Vanilla 1.13.9 has zero overlap between formation-recruiting and explicit-barracks country/state pairs,PASS,Formation units materialize one barracks level each; explicit nondeferred levels would be additive.
ASH,Ashanti,STATE_GOLD_COAST,YES,YES,land,18,20,18,0,0,0,0,0,0,NO,REMOVE_DUPLICATE_WITH_FORMATION_MATERIALIZATION,NO,38,18,0,0,Vanilla 1.13.9 has zero overlap between formation-recruiting and explicit-barracks country/state pairs,PASS,Formation units materialize one barracks level each; explicit nondeferred levels would be additive.
ASH,Ashanti,STATE_TOGO,YES,YES,land,0,15,0,0,0,0,0,0,0,NO,REMOVE_STALE_PRE_3B_CAPACITY,NO,15,0,0,0,Vanilla 1.13.9 has zero overlap between formation-recruiting and explicit-barracks country/state pairs,PASS,Formation units materialize one barracks level each; explicit nondeferred levels would be additive.
AUS,Austria,STATE_AUSTRIA,YES,NO,land,70,0,70,0,0,0,0,0,0,NO,FORMATION_MATERIALIZATION_ONLY,NO,70,70,0,0,Vanilla 1.13.9 has zero overlap between formation-recruiting and explicit-barracks country/state pairs,PASS,Formation units materialize one barracks level each; explicit nondeferred levels would be additive.
AUS,Austria,STATE_BUKOVINA,YES,NO,land,35,0,35,0,0,0,0,0,0,NO,FORMATION_MATERIALIZATION_ONLY,NO,35,35,0,0,Vanilla 1.13.9 has zero overlap between formation-recruiting and explicit-barracks country/state pairs,PASS,Formation units materialize one barracks level each; explicit nondeferred levels would be additive.
AUS,Austria,STATE_LOMBARDY,YES,NO,land,35,0,35,0,0,0,0,0,0,NO,FORMATION_MATERIALIZATION_ONLY,NO,35,35,0,0,Vanilla 1.13.9 has zero overlap between formation-recruiting and explicit-barracks country/state pairs,PASS,Formation units materialize one barracks level each; explicit nondeferred levels would be additive.
AWA,Awadh,STATE_AWADH,YES,NO,land,36,0,36,0,0,0,0,0,0,NO,FORMATION_MATERIALIZATION_ONLY,NO,36,36,0,0,Vanilla 1.13.9 has zero overlap between formation-recruiting and explicit-barracks country/state pairs,PASS,Formation units materialize one barracks level each; explicit nondeferred levels would be additive.
BAD,Baden,STATE_BADEN,YES,NO,land,9,0,9,0,0,0,0,0,0,NO,FORMATION_MATERIALIZATION_ONLY,NO,9,9,0,0,Vanilla 1.13.9 has zero overlap between formation-recruiting and explicit-barracks country/state pairs,PASS,Formation units materialize one barracks level each; explicit nondeferred levels would be additive.
BAL,Bali,STATE_SUNDA_ISLANDS,YES,YES,land,4,10,4,0,0,0,0,0,0,NO,REMOVE_DUPLICATE_WITH_FORMATION_MATERIALIZATION,NO,14,4,0,0,Vanilla 1.13.9 has zero overlap between formation-recruiting and explicit-barracks country/state pairs,PASS,Formation units materialize one barracks level each; explicit nondeferred levels would be additive.
BAV,Bavaria,STATE_BAVARIA,YES,NO,land,8,0,8,0,0,0,0,0,0,NO,FORMATION_MATERIALIZATION_ONLY,NO,8,8,0,0,Vanilla 1.13.9 has zero overlap between formation-recruiting and explicit-barracks country/state pairs,PASS,Formation units materialize one barracks level each; explicit nondeferred levels would be additive.
BEN,Benin,STATE_BENIN,YES,YES,land,8,20,8,0,0,0,0,0,0,NO,REMOVE_DUPLICATE_WITH_FORMATION_MATERIALIZATION,NO,28,8,0,0,Vanilla 1.13.9 has zero overlap between formation-recruiting and explicit-barracks country/state pairs,PASS,Formation units materialize one barracks level each; explicit nondeferred levels would be additive.
BEO,Austrian Netherlands (BEO/Belgium),STATE_FLANDERS,YES,YES,land,12,0,12,0,0,0,0,0,0,YES,STRUCTURAL_DEFER_PRESERVE,NO,12,12,0,0,Vanilla 1.13.9 has zero overlap between formation-recruiting and explicit-barracks country/state pairs,PASS,Formation units materialize one barracks level each; explicit nondeferred levels would be additive.
BGI,Bagirmi,STATE_WADDAI,YES,NO,land,1,2,1,0,0,0,0,0,0,NO,REMOVE_DUPLICATE_WITH_FORMATION_MATERIALIZATION,NO,3,1,0,0,Vanilla 1.13.9 has zero overlap between formation-recruiting and explicit-barracks country/state pairs,PASS,Formation units materialize one barracks level each; explicit nondeferred levels would be additive.
BHU,Bhutan,STATE_EASTERN_HIMALAYAS,YES,NO,land,1,2,1,0,0,0,0,0,0,NO,REMOVE_DUPLICATE_WITH_FORMATION_MATERIALIZATION,NO,3,1,0,0,Vanilla 1.13.9 has zero overlap between formation-recruiting and explicit-barracks country/state pairs,PASS,Formation units materialize one barracks level each; explicit nondeferred levels would be additive.
BHV,Bhavnagar,STATE_GUJARAT,YES,YES,land,3,0,3,0,0,0,0,0,0,NO,FORMATION_MATERIALIZATION_ONLY,NO,3,3,0,0,Vanilla 1.13.9 has zero overlap between formation-recruiting and explicit-barracks country/state pairs,PASS,Formation units materialize one barracks level each; explicit nondeferred levels would be additive.
BIC,East India,STATE_AWADH,YES,NO,land,30,0,30,0,0,0,0,0,0,NO,FORMATION_MATERIALIZATION_ONLY,NO,30,30,0,0,Vanilla 1.13.9 has zero overlap between formation-recruiting and explicit-barracks country/state pairs,PASS,Formation units materialize one barracks level each; explicit nondeferred levels would be additive.
BIC,East India,STATE_CIRCARS,YES,YES,land,25,0,25,0,0,0,0,0,0,NO,FORMATION_MATERIALIZATION_ONLY,NO,25,25,0,0,Vanilla 1.13.9 has zero overlap between formation-recruiting and explicit-barracks country/state pairs,PASS,Formation units materialize one barracks level each; explicit nondeferred levels would be additive.
BLG,Bulungan,STATE_EAST_BORNEO,YES,YES,land,1,2,1,0,0,0,0,0,0,NO,REMOVE_DUPLICATE_WITH_FORMATION_MATERIALIZATION,NO,3,1,0,0,Vanilla 1.13.9 has zero overlap between formation-recruiting and explicit-barracks country/state pairs,PASS,Formation units materialize one barracks level each; explicit nondeferred levels would be additive.
BNJ,Banjar,STATE_EAST_BORNEO,YES,YES,land,2,4,2,0,0,0,0,0,0,NO,REMOVE_DUPLICATE_WITH_FORMATION_MATERIALIZATION,NO,6,2,0,0,Vanilla 1.13.9 has zero overlap between formation-recruiting and explicit-barracks country/state pairs,PASS,Formation units materialize one barracks level each; explicit nondeferred levels would be additive.
BNY,Bunyoro,STATE_UGANDA,YES,NO,land,1,3,1,0,0,0,0,0,0,NO,REMOVE_DUPLICATE_WITH_FORMATION_MATERIALIZATION,NO,4,1,0,0,Vanilla 1.13.9 has zero overlap between formation-recruiting and explicit-barracks country/state pairs,PASS,Formation units materialize one barracks level each; explicit nondeferred levels would be additive.
BOR,Bornu,STATE_BORNU,YES,NO,land,6,15,6,0,0,0,0,0,0,NO,REMOVE_DUPLICATE_WITH_FORMATION_MATERIALIZATION,NO,21,6,0,0,Vanilla 1.13.9 has zero overlap between formation-recruiting and explicit-barracks country/state pairs,PASS,Formation units materialize one barracks level each; explicit nondeferred levels would be additive.
BRD,Burundi,STATE_TANGANYIKA,YES,NO,land,2,5,2,0,0,0,0,0,0,NO,REMOVE_DUPLICATE_WITH_FORMATION_MATERIALIZATION,NO,7,2,0,0,Vanilla 1.13.9 has zero overlap between formation-recruiting and explicit-barracks country/state pairs,PASS,Formation units materialize one barracks level each; explicit nondeferred levels would be additive.
BRE,Bremen,STATE_ELBE,YES,YES,land,1,0,1,0,0,0,0,0,0,NO,FORMATION_MATERIALIZATION_ONLY,NO,1,1,0,0,Vanilla 1.13.9 has zero overlap between formation-recruiting and explicit-barracks country/state pairs,PASS,Formation units materialize one barracks level each; explicit nondeferred levels would be additive.
BRG,Borgu,STATE_DAHOMEY,YES,YES,land,1,3,1,0,0,0,0,0,0,NO,REMOVE_DUPLICATE_WITH_FORMATION_MATERIALIZATION,NO,4,1,0,0,Vanilla 1.13.9 has zero overlap between formation-recruiting and explicit-barracks country/state pairs,PASS,Formation units materialize one barracks level each; explicit nondeferred levels would be additive.
BRU,Brunei,STATE_NORTH_BORNEO,YES,YES,land,1,3,1,0,0,0,0,0,0,NO,REMOVE_DUPLICATE_WITH_FORMATION_MATERIALIZATION,NO,4,1,0,0,Vanilla 1.13.9 has zero overlap between formation-recruiting and explicit-barracks country/state pairs,PASS,Formation units materialize one barracks level each; explicit nondeferred levels would be additive.
BRZ,Brazil,STATE_PARAIBA,YES,YES,land,1,0,1,0,0,0,0,0,0,YES,STRUCTURAL_DEFER_PRESERVE,NO,1,1,0,0,Vanilla 1.13.9 has zero overlap between formation-recruiting and explicit-barracks country/state pairs,PASS,Formation units materialize one barracks level each; explicit nondeferred levels would be additive.
BRZ,Brazil,STATE_RIO_DE_JANEIRO,YES,YES,land,3,0,3,0,0,0,0,0,0,YES,STRUCTURAL_DEFER_PRESERVE,NO,3,3,0,0,Vanilla 1.13.9 has zero overlap between formation-recruiting and explicit-barracks country/state pairs,PASS,Formation units materialize one barracks level each; explicit nondeferred levels would be additive.
BST,Basutoland,STATE_VRYSTAAT,YES,NO,land,2,2,2,0,0,0,0,0,0,NO,REMOVE_DUPLICATE_WITH_FORMATION_MATERIALIZATION,NO,4,2,0,0,Vanilla 1.13.9 has zero overlap between formation-recruiting and explicit-barracks country/state pairs,PASS,Formation units materialize one barracks level each; explicit nondeferred levels would be additive.
BST,Basutoland,STATE_ZULULAND,YES,YES,land,0,3,0,0,0,0,0,0,0,NO,REMOVE_STALE_PRE_3B_CAPACITY,NO,3,0,0,0,Vanilla 1.13.9 has zero overlap between formation-recruiting and explicit-barracks country/state pairs,PASS,Formation units materialize one barracks level each; explicit nondeferred levels would be additive.
BTN,Buton,STATE_CELEBES,YES,YES,land,1,1,1,0,0,0,0,0,0,NO,REMOVE_DUPLICATE_WITH_FORMATION_MATERIALIZATION,NO,2,1,0,0,Vanilla 1.13.9 has zero overlap between formation-recruiting and explicit-barracks country/state pairs,PASS,Formation units materialize one barracks level each; explicit nondeferred levels would be additive.
BUG,Buganda,STATE_UGANDA,YES,NO,land,4,10,4,0,0,0,0,0,0,NO,REMOVE_DUPLICATE_WITH_FORMATION_MATERIALIZATION,NO,14,4,0,0,Vanilla 1.13.9 has zero overlap between formation-recruiting and explicit-barracks country/state pairs,PASS,Formation units materialize one barracks level each; explicit nondeferred levels would be additive.
BUK,Bukhara,STATE_MERZ,YES,NO,land,8,0,8,0,0,0,0,0,0,NO,FORMATION_MATERIALIZATION_ONLY,NO,8,8,0,0,Vanilla 1.13.9 has zero overlap between formation-recruiting and explicit-barracks country/state pairs,PASS,Formation units materialize one barracks level each; explicit nondeferred levels would be additive.
BUK,Bukhara,STATE_UZBEKIA,YES,NO,land,0,20,0,0,0,0,0,0,0,NO,REMOVE_STALE_PRE_3B_CAPACITY,NO,20,0,0,0,Vanilla 1.13.9 has zero overlap between formation-recruiting and explicit-barracks country/state pairs,PASS,Formation units materialize one barracks level each; explicit nondeferred levels would be additive.
BUR,Burma,STATE_KACHIN,YES,NO,land,30,0,30,0,0,0,0,0,0,NO,FORMATION_MATERIALIZATION_ONLY,NO,30,30,0,0,Vanilla 1.13.9 has zero overlap between formation-recruiting and explicit-barracks country/state pairs,PASS,Formation units materialize one barracks level each; explicit nondeferred levels would be additive.
CAM,Cambodia,STATE_CAMBODIA,YES,YES,land,6,15,6,0,0,0,0,0,0,NO,REMOVE_DUPLICATE_WITH_FORMATION_MATERIALIZATION,NO,21,6,0,0,Vanilla 1.13.9 has zero overlap between formation-recruiting and explicit-barracks country/state pairs,PASS,Formation units materialize one barracks level each; explicit nondeferred levels would be additive.
CHC,Chechnya,STATE_DAGESTAN,YES,NO,land,8,0,8,0,0,0,0,0,0,NO,FORMATION_MATERIALIZATION_ONLY,NO,8,8,0,0,Vanilla 1.13.9 has zero overlap between formation-recruiting and explicit-barracks country/state pairs,PASS,Formation units materialize one barracks level each; explicit nondeferred levels would be additive.
CHI,China,STATE_ALXA,YES,NO,land,110,0,110,0,0,0,0,0,0,NO,FORMATION_MATERIALIZATION_ONLY,NO,110,110,0,0,Vanilla 1.13.9 has zero overlap between formation-recruiting and explicit-barracks country/state pairs,PASS,Formation units materialize one barracks level each; explicit nondeferred levels would be additive.
CHI,China,STATE_AMUR,YES,YES,land,37,0,37,0,0,0,0,0,0,NO,FORMATION_MATERIALIZATION_ONLY,NO,37,37,0,0,Vanilla 1.13.9 has zero overlap between formation-recruiting and explicit-barracks country/state pairs,PASS,Formation units materialize one barracks level each; explicit nondeferred levels would be additive.
CHI,China,STATE_CHONGQING,YES,NO,land,143,0,143,0,0,0,0,0,0,NO,FORMATION_MATERIALIZATION_ONLY,NO,143,143,0,0,Vanilla 1.13.9 has zero overlap between formation-recruiting and explicit-barracks country/state pairs,PASS,Formation units materialize one barracks level each; explicit nondeferred levels would be additive.
CHP,Champasak,STATE_LAOS,YES,NO,land,1,3,1,0,0,0,0,0,0,NO,REMOVE_DUPLICATE_WITH_FORMATION_MATERIALIZATION,NO,4,1,0,0,Vanilla 1.13.9 has zero overlap between formation-recruiting and explicit-barracks country/state pairs,PASS,Formation units materialize one barracks level each; explicit nondeferred levels would be additive.
CIR,Circassia,STATE_KUBAN,YES,YES,land,14,0,14,0,0,0,0,0,0,NO,FORMATION_MATERIALIZATION_ONLY,NO,14,14,0,0,Vanilla 1.13.9 has zero overlap between formation-recruiting and explicit-barracks country/state pairs,PASS,Formation units materialize one barracks level each; explicit nondeferred levels would be additive.
CMI,Chiang Mai,STATE_CHIANG_MAI,YES,NO,land,4,10,4,0,0,0,0,0,0,NO,REMOVE_DUPLICATE_WITH_FORMATION_MATERIALIZATION,NO,14,4,0,0,Vanilla 1.13.9 has zero overlap between formation-recruiting and explicit-barracks country/state pairs,PASS,Formation units materialize one barracks level each; explicit nondeferred levels would be additive.
COB,Saxe-Coburg-Gotha,STATE_SAXONY,YES,NO,land,1,2,1,0,0,0,0,0,0,NO,REMOVE_DUPLICATE_WITH_FORMATION_MATERIALIZATION,NO,3,1,0,0,Vanilla 1.13.9 has zero overlap between formation-recruiting and explicit-barracks country/state pairs,PASS,Formation units materialize one barracks level each; explicit nondeferred levels would be additive.
COC,Cochin,STATE_TRAVANCORE,YES,YES,land,2,0,2,0,0,0,0,0,0,NO,FORMATION_MATERIALIZATION_ONLY,NO,2,2,0,0,Vanilla 1.13.9 has zero overlap between formation-recruiting and explicit-barracks country/state pairs,PASS,Formation units materialize one barracks level each; explicit nondeferred levels would be additive.
CON,Constantine,STATE_CONSTANTINE,YES,YES,land,2,6,2,0,0,0,0,0,0,NO,REMOVE_DUPLICATE_WITH_FORMATION_MATERIALIZATION,NO,8,2,0,0,Vanilla 1.13.9 has zero overlap between formation-recruiting and explicit-barracks country/state pairs,PASS,Formation units materialize one barracks level each; explicit nondeferred levels would be additive.
COO,Cooch Behar,STATE_WEST_BENGAL,YES,YES,land,2,0,2,0,0,0,0,0,0,NO,FORMATION_MATERIALIZATION_ONLY,NO,2,2,0,0,Vanilla 1.13.9 has zero overlap between formation-recruiting and explicit-barracks country/state pairs,PASS,Formation units materialize one barracks level each; explicit nondeferred levels would be additive.
CRI,Crimea,STATE_CHERSON,YES,YES,land,10,0,10,0,0,0,0,0,0,NO,FORMATION_MATERIALIZATION_ONLY,NO,10,10,0,0,Vanilla 1.13.9 has zero overlap between formation-recruiting and explicit-barracks country/state pairs,PASS,Formation units materialize one barracks level each; explicit nondeferred levels would be additive.
CUB,Cuba,STATE_CENTRAL_CUBA,YES,YES,land,2,0,2,0,0,0,0,0,0,YES,STRUCTURAL_DEFER_PRESERVE,NO,2,2,0,0,Vanilla 1.13.9 has zero overlap between formation-recruiting and explicit-barracks country/state pairs,PASS,Formation units materialize one barracks level each; explicit nondeferred levels would be additive.
CUB,Cuba,STATE_EASTERN_CUBA,YES,YES,land,2,0,2,0,0,0,0,0,0,YES,STRUCTURAL_DEFER_PRESERVE,NO,2,2,0,0,Vanilla 1.13.9 has zero overlap between formation-recruiting and explicit-barracks country/state pairs,PASS,Formation units materialize one barracks level each; explicit nondeferred levels would be additive.
CUB,Cuba,STATE_WESTERN_CUBA,YES,YES,land,7,0,7,0,0,0,0,0,0,YES,STRUCTURAL_DEFER_PRESERVE,NO,7,7,0,0,Vanilla 1.13.9 has zero overlap between formation-recruiting and explicit-barracks country/state pairs,PASS,Formation units materialize one barracks level each; explicit nondeferred levels would be additive.
DAH,Dahomey,STATE_DAHOMEY,YES,YES,land,7,7,7,0,0,0,0,0,0,NO,REMOVE_DUPLICATE_WITH_FORMATION_MATERIALIZATION,NO,14,7,0,0,Vanilla 1.13.9 has zero overlap between formation-recruiting and explicit-barracks country/state pairs,PASS,Formation units materialize one barracks level each; explicit nondeferred levels would be additive.
DAI,Dai Nam,STATE_ANNAM,YES,YES,land,0,20,0,20,20,0,0,0,0,YES,STRUCTURAL_DEFER_PRESERVE,NO,20,20,0,0,Vanilla 1.13.9 has zero overlap between formation-recruiting and explicit-barracks country/state pairs,PASS,Formation units materialize one barracks level each; explicit nondeferred levels would be additive.
DAI,Dai Nam,STATE_MEKONG,YES,YES,land,0,15,0,15,15,0,0,0,0,YES,STRUCTURAL_DEFER_PRESERVE,NO,15,15,0,0,Vanilla 1.13.9 has zero overlap between formation-recruiting and explicit-barracks country/state pairs,PASS,Formation units materialize one barracks level each; explicit nondeferred levels would be additive.
DAI,Dai Nam,STATE_TONKIN,YES,YES,land,0,20,0,20,20,0,0,0,0,YES,STRUCTURAL_DEFER_PRESERVE,NO,20,20,0,0,Vanilla 1.13.9 has zero overlap between formation-recruiting and explicit-barracks country/state pairs,PASS,Formation units materialize one barracks level each; explicit nondeferred levels would be additive.
DEI,East Indies,STATE_CELEBES,YES,YES,land,12,0,12,0,0,0,0,0,0,NO,FORMATION_MATERIALIZATION_ONLY,NO,12,12,0,0,Vanilla 1.13.9 has zero overlap between formation-recruiting and explicit-barracks country/state pairs,PASS,Formation units materialize one barracks level each; explicit nondeferred levels would be additive.
DENNOR,Denmark-Norway,STATE_EASTERN_NORWAY,YES,YES,land,18,0,18,0,0,0,0,0,0,NO,FORMATION_MATERIALIZATION_ONLY,NO,18,18,0,0,Vanilla 1.13.9 has zero overlap between formation-recruiting and explicit-barracks country/state pairs,PASS,Formation units materialize one barracks level each; explicit nondeferred levels would be additive.
DFR,Darfur,STATE_DARFUR,YES,NO,land,2,5,2,0,0,0,0,0,0,NO,REMOVE_DUPLICATE_WITH_FORMATION_MATERIALIZATION,NO,7,2,0,0,Vanilla 1.13.9 has zero overlap between formation-recruiting and explicit-barracks country/state pairs,PASS,Formation units materialize one barracks level each; explicit nondeferred levels would be additive.
DUR,Afghanistan,STATE_BALKH,YES,NO,land,45,0,45,0,0,0,0,0,0,NO,FORMATION_MATERIALIZATION_ONLY,NO,45,45,0,0,Vanilla 1.13.9 has zero overlap between formation-recruiting and explicit-barracks country/state pairs,PASS,Formation units materialize one barracks level each; explicit nondeferred levels would be additive.
ETH,Ethiopia,STATE_AMHARA,YES,NO,land,16,10,16,0,0,0,0,0,0,NO,REMOVE_DUPLICATE_WITH_FORMATION_MATERIALIZATION,NO,26,16,0,0,Vanilla 1.13.9 has zero overlap between formation-recruiting and explicit-barracks country/state pairs,PASS,Formation units materialize one barracks level each; explicit nondeferred levels would be additive.
ETH,Ethiopia,STATE_GONDER,YES,NO,land,0,14,0,0,0,0,0,0,0,NO,REMOVE_STALE_PRE_3B_CAPACITY,NO,14,0,0,0,Vanilla 1.13.9 has zero overlap between formation-recruiting and explicit-barracks country/state pairs,PASS,Formation units materialize one barracks level each; explicit nondeferred levels would be additive.
ETH,Ethiopia,STATE_OROMIA,YES,NO,land,0,15,0,0,0,0,0,0,0,NO,REMOVE_STALE_PRE_3B_CAPACITY,NO,15,0,0,0,Vanilla 1.13.9 has zero overlap between formation-recruiting and explicit-barracks country/state pairs,PASS,Formation units materialize one barracks level each; explicit nondeferred levels would be additive.
FRA,France,STATE_ALSACE_LORRAINE,YES,NO,land,84,0,84,0,0,0,0,0,0,NO,FORMATION_MATERIALIZATION_ONLY,NO,84,84,0,0,Vanilla 1.13.9 has zero overlap between formation-recruiting and explicit-barracks country/state pairs,PASS,Formation units materialize one barracks level each; explicit nondeferred levels would be additive.
FRA,France,STATE_AQUITAINE,YES,YES,land,41,0,41,0,0,0,0,0,0,NO,FORMATION_MATERIALIZATION_ONLY,NO,41,41,0,0,Vanilla 1.13.9 has zero overlap between formation-recruiting and explicit-barracks country/state pairs,PASS,Formation units materialize one barracks level each; explicit nondeferred levels would be additive.
FRA,France,STATE_WEST_INDIES,YES,YES,land,40,0,40,0,0,0,0,0,0,NO,FORMATION_MATERIALIZATION_ONLY,NO,40,40,0,0,Vanilla 1.13.9 has zero overlap between formation-recruiting and explicit-barracks country/state pairs,PASS,Formation units materialize one barracks level each; explicit nondeferred levels would be additive.
FRM,Frankfurt,STATE_HESSE,YES,NO,land,1,0,1,0,0,0,0,0,0,NO,FORMATION_MATERIALIZATION_ONLY,NO,1,1,0,0,Vanilla 1.13.9 has zero overlap between formation-recruiting and explicit-barracks country/state pairs,PASS,Formation units materialize one barracks level each; explicit nondeferred levels would be additive.
FTJ,Futa Jallon,STATE_GUINEA,YES,YES,land,4,10,4,0,0,0,0,0,0,NO,REMOVE_DUPLICATE_WITH_FORMATION_MATERIALIZATION,NO,14,4,0,0,Vanilla 1.13.9 has zero overlap between formation-recruiting and explicit-barracks country/state pairs,PASS,Formation units materialize one barracks level each; explicit nondeferred levels would be additive.
FTR,Futa Toro,STATE_MAURITANIA,YES,YES,land,4,5,4,0,0,0,0,0,0,NO,REMOVE_DUPLICATE_WITH_FORMATION_MATERIALIZATION,NO,9,4,0,0,Vanilla 1.13.9 has zero overlap between formation-recruiting and explicit-barracks country/state pairs,PASS,Formation units materialize one barracks level each; explicit nondeferred levels would be additive.
FTR,Futa Toro,STATE_SENEGAL,YES,YES,land,0,5,0,0,0,0,0,0,0,NO,REMOVE_STALE_PRE_3B_CAPACITY,NO,5,0,0,0,Vanilla 1.13.9 has zero overlap between formation-recruiting and explicit-barracks country/state pairs,PASS,Formation units materialize one barracks level each; explicit nondeferred levels would be additive.
GAL,Galicia-Lodomeria,STATE_EAST_GALICIA,YES,NO,land,12,0,12,0,0,0,0,0,0,YES,STRUCTURAL_DEFER_PRESERVE,NO,12,12,0,0,Vanilla 1.13.9 has zero overlap between formation-recruiting and explicit-barracks country/state pairs,PASS,Formation units materialize one barracks level each; explicit nondeferred levels would be additive.
GAR,Garhwal,STATE_AGRA,YES,NO,land,2,0,2,0,0,0,0,0,0,NO,FORMATION_MATERIALIZATION_ONLY,NO,2,2,0,0,Vanilla 1.13.9 has zero overlap between formation-recruiting and explicit-barracks country/state pairs,PASS,Formation units materialize one barracks level each; explicit nondeferred levels would be additive.
GBR,Great Britain,STATE_BAHAMAS,YES,YES,land,9,0,9,0,0,0,0,0,0,NO,FORMATION_MATERIALIZATION_ONLY,NO,9,9,0,0,Vanilla 1.13.9 has zero overlap between formation-recruiting and explicit-barracks country/state pairs,PASS,Formation units materialize one barracks level each; explicit nondeferred levels would be additive.
GBR,Great Britain,STATE_BALEARIC_ISLANDS,YES,YES,land,9,0,9,0,0,0,0,0,0,NO,FORMATION_MATERIALIZATION_ONLY,NO,9,9,0,0,Vanilla 1.13.9 has zero overlap between formation-recruiting and explicit-barracks country/state pairs,PASS,Formation units materialize one barracks level each; explicit nondeferred levels would be additive.
GBR,Great Britain,STATE_BERMUDA,YES,YES,land,11,0,11,0,0,0,0,0,0,NO,FORMATION_MATERIALIZATION_ONLY,NO,11,11,0,0,Vanilla 1.13.9 has zero overlap between formation-recruiting and explicit-barracks country/state pairs,PASS,Formation units materialize one barracks level each; explicit nondeferred levels would be additive.
GBR,Great Britain,STATE_CEYLON,YES,YES,land,9,0,9,0,0,0,0,0,0,NO,FORMATION_MATERIALIZATION_ONLY,NO,9,9,0,0,Vanilla 1.13.9 has zero overlap between formation-recruiting and explicit-barracks country/state pairs,PASS,Formation units materialize one barracks level each; explicit nondeferred levels would be additive.
GBR,Great Britain,STATE_EAST_ANGLIA,YES,YES,land,11,0,11,0,0,0,0,0,0,NO,FORMATION_MATERIALIZATION_ONLY,NO,11,11,0,0,Vanilla 1.13.9 has zero overlap between formation-recruiting and explicit-barracks country/state pairs,PASS,Formation units materialize one barracks level each; explicit nondeferred levels would be additive.
GEN,Most Serene Republic of Genoa,STATE_PIEDMONT,YES,YES,land,2,0,2,0,0,0,0,0,0,NO,FORMATION_MATERIALIZATION_ONLY,NO,2,2,0,0,Vanilla 1.13.9 has zero overlap between formation-recruiting and explicit-barracks country/state pairs,PASS,Formation units materialize one barracks level each; explicit nondeferred levels would be additive.
GLD,Geledi,STATE_SOMALILAND,YES,YES,land,2,5,2,0,0,0,0,0,0,NO,REMOVE_DUPLICATE_WITH_FORMATION_MATERIALIZATION,NO,7,2,0,0,Vanilla 1.13.9 has zero overlap between formation-recruiting and explicit-barracks country/state pairs,PASS,Formation units materialize one barracks level each; explicit nondeferred levels would be additive.
GWA,Gwalior,STATE_MALWA,YES,NO,land,30,0,30,0,0,0,0,0,0,NO,FORMATION_MATERIALIZATION_ONLY,NO,30,30,0,0,Vanilla 1.13.9 has zero overlap between formation-recruiting and explicit-barracks country/state pairs,PASS,Formation units materialize one barracks level each; explicit nondeferred levels would be additive.
HAI,Haiti,STATE_HAITI,YES,YES,land,20,0,20,0,0,0,0,0,0,YES,STRUCTURAL_DEFER_PRESERVE,NO,20,20,0,0,Vanilla 1.13.9 has zero overlap between formation-recruiting and explicit-barracks country/state pairs,PASS,Formation units materialize one barracks level each; explicit nondeferred levels would be additive.
HAM,Hamburg,STATE_ELBE,YES,YES,land,1,0,1,0,0,0,0,0,0,NO,FORMATION_MATERIALIZATION_ONLY,NO,1,1,0,0,Vanilla 1.13.9 has zero overlap between formation-recruiting and explicit-barracks country/state pairs,PASS,Formation units materialize one barracks level each; explicit nondeferred levels would be additive.
HAN,Hanover,STATE_BRUNSWICK,YES,NO,land,21,0,21,0,0,0,0,0,0,NO,FORMATION_MATERIALIZATION_ONLY,NO,21,21,0,0,Vanilla 1.13.9 has zero overlap between formation-recruiting and explicit-barracks country/state pairs,PASS,Formation units materialize one barracks level each; explicit nondeferred levels would be additive.
HAU,Gobir,STATE_OUTER_HAUSALAND,YES,NO,land,4,10,4,0,0,0,0,0,0,NO,REMOVE_DUPLICATE_WITH_FORMATION_MATERIALIZATION,NO,14,4,0,0,Vanilla 1.13.9 has zero overlap between formation-recruiting and explicit-barracks country/state pairs,PASS,Formation units materialize one barracks level each; explicit nondeferred levels would be additive.
HBC,Hudson's Bay Company,STATE_MANITOBA,YES,YES,land,1,2,1,0,0,0,0,0,0,NO,REMOVE_DUPLICATE_WITH_FORMATION_MATERIALIZATION,NO,3,1,0,0,Vanilla 1.13.9 has zero overlap between formation-recruiting and explicit-barracks country/state pairs,PASS,Formation units materialize one barracks level each; explicit nondeferred levels would be additive.
HDJ,Hedjaz,STATE_HEDJAZ,YES,YES,land,4,10,4,0,0,0,0,0,0,NO,REMOVE_DUPLICATE_WITH_FORMATION_MATERIALIZATION,NO,14,4,0,0,Vanilla 1.13.9 has zero overlap between formation-recruiting and explicit-barracks country/state pairs,PASS,Formation units materialize one barracks level each; explicit nondeferred levels would be additive.
HEK,Hesse-Kassel,STATE_HESSE,YES,NO,land,5,0,5,0,0,0,0,0,0,NO,FORMATION_MATERIALIZATION_ONLY,NO,5,5,0,0,Vanilla 1.13.9 has zero overlap between formation-recruiting and explicit-barracks country/state pairs,PASS,Formation units materialize one barracks level each; explicit nondeferred levels would be additive.
HES,Hesse-Darmstadt,STATE_HESSE,YES,NO,land,4,0,4,0,0,0,0,0,0,NO,FORMATION_MATERIALIZATION_ONLY,NO,4,4,0,0,Vanilla 1.13.9 has zero overlap between formation-recruiting and explicit-barracks country/state pairs,PASS,Formation units materialize one barracks level each; explicit nondeferred levels would be additive.
HOH,Hohenzollern,STATE_WURTTEMBERG,YES,NO,land,1,1,1,0,0,0,0,0,0,NO,REMOVE_DUPLICATE_WITH_FORMATION_MATERIALIZATION,NO,2,1,0,0,Vanilla 1.13.9 has zero overlap between formation-recruiting and explicit-barracks country/state pairs,PASS,Formation units materialize one barracks level each; explicit nondeferred levels would be additive.
HOL,Holstein,STATE_SCHLESWIG_HOLSTEIN,YES,YES,land,4,0,4,0,0,0,0,0,0,NO,FORMATION_MATERIALIZATION_ONLY,NO,4,4,0,0,Vanilla 1.13.9 has zero overlap between formation-recruiting and explicit-barracks country/state pairs,PASS,Formation units materialize one barracks level each; explicit nondeferred levels would be additive.
HUN,Hungary,STATE_BANAT,YES,NO,land,28,0,28,0,0,0,0,0,0,YES,STRUCTURAL_DEFER_PRESERVE,NO,28,28,0,0,Vanilla 1.13.9 has zero overlap between formation-recruiting and explicit-barracks country/state pairs,PASS,Formation units materialize one barracks level each; explicit nondeferred levels would be additive.
HYD,Hyderabad,STATE_HYDERABAD,YES,NO,land,28,0,28,0,0,0,0,0,0,NO,FORMATION_MATERIALIZATION_ONLY,NO,28,28,0,0,Vanilla 1.13.9 has zero overlap between formation-recruiting and explicit-barracks country/state pairs,PASS,Formation units materialize one barracks level each; explicit nondeferred levels would be additive.
IQU,Iquicha,STATE_ICA,YES,YES,land,0,1,0,1,1,0,0,0,0,YES,STRUCTURAL_DEFER_PRESERVE,NO,1,1,0,0,Vanilla 1.13.9 has zero overlap between formation-recruiting and explicit-barracks country/state pairs,PASS,Formation units materialize one barracks level each; explicit nondeferred levels would be additive.
IR1,Mamluk Iraq,STATE_BAGHDAD,YES,NO,land,10,0,10,0,0,0,0,0,0,NO,FORMATION_MATERIALIZATION_ONLY,NO,10,10,0,0,Vanilla 1.13.9 has zero overlap between formation-recruiting and explicit-barracks country/state pairs,PASS,Formation units materialize one barracks level each; explicit nondeferred levels would be additive.
ISQ,Isaaq,STATE_SOMALILAND,YES,YES,land,1,2,1,0,0,0,0,0,0,NO,REMOVE_DUPLICATE_WITH_FORMATION_MATERIALIZATION,NO,3,1,0,0,Vanilla 1.13.9 has zero overlap between formation-recruiting and explicit-barracks country/state pairs,PASS,Formation units materialize one barracks level each; explicit nondeferred levels would be additive.
JAP,Japan,STATE_CHUGOKU,YES,YES,land,42,0,42,0,0,0,0,0,0,NO,FORMATION_MATERIALIZATION_ONLY,NO,42,42,0,0,Vanilla 1.13.9 has zero overlap between formation-recruiting and explicit-barracks country/state pairs,PASS,Formation units materialize one barracks level each; explicit nondeferred levels would be additive.
JEY,Jeypore,STATE_CIRCARS,YES,YES,land,3,0,3,0,0,0,0,0,0,NO,FORMATION_MATERIALIZATION_ONLY,NO,3,3,0,0,Vanilla 1.13.9 has zero overlap between formation-recruiting and explicit-barracks country/state pairs,PASS,Formation units materialize one barracks level each; explicit nondeferred levels would be additive.
JMB,Jambi,STATE_NORTH_SUMATRA,YES,YES,land,2,5,2,0,0,0,0,0,0,NO,REMOVE_DUPLICATE_WITH_FORMATION_MATERIALIZATION,NO,7,2,0,0,Vanilla 1.13.9 has zero overlap between formation-recruiting and explicit-barracks country/state pairs,PASS,Formation units materialize one barracks level each; explicit nondeferred levels would be additive.
JOH,Johore,STATE_MALAYA,YES,YES,land,2,5,2,0,0,0,0,0,0,NO,REMOVE_DUPLICATE_WITH_FORMATION_MATERIALIZATION,NO,7,2,0,0,Vanilla 1.13.9 has zero overlap between formation-recruiting and explicit-barracks country/state pairs,PASS,Formation units materialize one barracks level each; explicit nondeferred levels would be additive.
KHI,Khiva,STATE_KHIVA,YES,NO,land,8,14,8,0,0,0,0,0,0,NO,REMOVE_DUPLICATE_WITH_FORMATION_MATERIALIZATION,NO,22,8,0,0,Vanilla 1.13.9 has zero overlap between formation-recruiting and explicit-barracks country/state pairs,PASS,Formation units materialize one barracks level each; explicit nondeferred levels would be additive.
KHI,Khiva,STATE_TURKMENIA,YES,NO,land,0,6,0,0,0,0,0,0,0,NO,REMOVE_STALE_PRE_3B_CAPACITY,NO,6,0,0,0,Vanilla 1.13.9 has zero overlap between formation-recruiting and explicit-barracks country/state pairs,PASS,Formation units materialize one barracks level each; explicit nondeferred levels would be additive.
KHP,Kolhapur,STATE_BOMBAY,YES,YES,land,4,0,4,0,0,0,0,0,0,NO,FORMATION_MATERIALIZATION_ONLY,NO,4,4,0,0,Vanilla 1.13.9 has zero overlap between formation-recruiting and explicit-barracks country/state pairs,PASS,Formation units materialize one barracks level each; explicit nondeferred levels would be additive.
KNO,Kurnool,STATE_KURNOOL,YES,NO,land,5,0,5,0,0,0,0,0,0,NO,FORMATION_MATERIALIZATION_ONLY,NO,5,5,0,0,Vanilla 1.13.9 has zero overlap between formation-recruiting and explicit-barracks country/state pairs,PASS,Formation units materialize one barracks level each; explicit nondeferred levels would be additive.
KOK,Kokand,STATE_FERGANA,YES,NO,land,8,0,8,0,0,0,0,0,0,NO,FORMATION_MATERIALIZATION_ONLY,NO,8,8,0,0,Vanilla 1.13.9 has zero overlap between formation-recruiting and explicit-barracks country/state pairs,PASS,Formation units materialize one barracks level each; explicit nondeferred levels would be additive.
KOK,Kokand,STATE_KIRGHIZIA,YES,NO,land,0,10,0,0,0,0,0,0,0,NO,REMOVE_STALE_PRE_3B_CAPACITY,NO,10,0,0,0,Vanilla 1.13.9 has zero overlap between formation-recruiting and explicit-barracks country/state pairs,PASS,Formation units materialize one barracks level each; explicit nondeferred levels would be additive.
KOK,Kokand,STATE_TAJIKISTAN,YES,NO,land,0,10,0,0,0,0,0,0,0,NO,REMOVE_STALE_PRE_3B_CAPACITY,NO,10,0,0,0,Vanilla 1.13.9 has zero overlap between formation-recruiting and explicit-barracks country/state pairs,PASS,Formation units materialize one barracks level each; explicit nondeferred levels would be additive.
KON,Kongo,STATE_BAS_CONGO,YES,YES,land,2,5,2,0,0,0,0,0,0,NO,REMOVE_DUPLICATE_WITH_FORMATION_MATERIALIZATION,NO,7,2,0,0,Vanilla 1.13.9 has zero overlap between formation-recruiting and explicit-barracks country/state pairs,PASS,Formation units materialize one barracks level each; explicit nondeferred levels would be additive.
KOR,Korea,STATE_BUSAN,YES,YES,land,18,3,18,0,0,0,0,0,0,NO,REMOVE_DUPLICATE_WITH_FORMATION_MATERIALIZATION,NO,21,18,0,0,Vanilla 1.13.9 has zero overlap between formation-recruiting and explicit-barracks country/state pairs,PASS,Formation units materialize one barracks level each; explicit nondeferred levels would be additive.
KOR,Korea,STATE_PYONGYANG,YES,YES,land,0,10,0,0,0,0,0,0,0,NO,REMOVE_STALE_PRE_3B_CAPACITY,NO,10,0,0,0,Vanilla 1.13.9 has zero overlap between formation-recruiting and explicit-barracks country/state pairs,PASS,Formation units materialize one barracks level each; explicit nondeferred levels would be additive.
KOR,Korea,STATE_SARIWON,YES,YES,land,0,5,0,0,0,0,0,0,0,NO,REMOVE_STALE_PRE_3B_CAPACITY,NO,5,0,0,0,Vanilla 1.13.9 has zero overlap between formation-recruiting and explicit-barracks country/state pairs,PASS,Formation units materialize one barracks level each; explicit nondeferred levels would be additive.
KOR,Korea,STATE_SEOUL,YES,YES,land,0,10,0,0,0,0,0,0,0,NO,REMOVE_STALE_PRE_3B_CAPACITY,NO,10,0,0,0,Vanilla 1.13.9 has zero overlap between formation-recruiting and explicit-barracks country/state pairs,PASS,Formation units materialize one barracks level each; explicit nondeferred levels would be additive.
KOR,Korea,STATE_YANGHO,YES,YES,land,0,2,0,0,0,0,0,0,0,NO,REMOVE_STALE_PRE_3B_CAPACITY,NO,2,0,0,0,Vanilla 1.13.9 has zero overlap between formation-recruiting and explicit-barracks country/state pairs,PASS,Formation units materialize one barracks level each; explicit nondeferred levels would be additive.
KRG,Karagwe,STATE_TANGANYIKA,YES,NO,land,1,2,1,0,0,0,0,0,0,NO,REMOVE_DUPLICATE_WITH_FORMATION_MATERIALIZATION,NO,3,1,0,0,Vanilla 1.13.9 has zero overlap between formation-recruiting and explicit-barracks country/state pairs,PASS,Formation units materialize one barracks level each; explicit nondeferred levels would be additive.
KRT,Kaarta,STATE_WESTERN_MALI,YES,NO,land,4,10,4,0,0,0,0,0,0,NO,REMOVE_DUPLICATE_WITH_FORMATION_MATERIALIZATION,NO,14,4,0,0,Vanilla 1.13.9 has zero overlap between formation-recruiting and explicit-barracks country/state pairs,PASS,Formation units materialize one barracks level each; explicit nondeferred levels would be additive.
KTI,Kutai,STATE_EAST_BORNEO,YES,YES,land,1,3,1,0,0,0,0,0,0,NO,REMOVE_DUPLICATE_WITH_FORMATION_MATERIALIZATION,NO,4,1,0,0,Vanilla 1.13.9 has zero overlap between formation-recruiting and explicit-barracks country/state pairs,PASS,Formation units materialize one barracks level each; explicit nondeferred levels would be additive.
KZH,Kishi Zhuz,STATE_AKTOBE,YES,NO,land,1,0,1,0,0,0,0,0,0,NO,FORMATION_MATERIALIZATION_ONLY,NO,1,1,0,0,Vanilla 1.13.9 has zero overlap between formation-recruiting and explicit-barracks country/state pairs,PASS,Formation units materialize one barracks level each; explicit nondeferred levels would be additive.
KZH,Kishi Zhuz,STATE_URALSK,YES,NO,land,0,3,0,0,0,0,0,0,0,NO,REMOVE_STALE_PRE_3B_CAPACITY,NO,3,0,0,0,Vanilla 1.13.9 has zero overlap between formation-recruiting and explicit-barracks country/state pairs,PASS,Formation units materialize one barracks level each; explicit nondeferred levels would be additive.
LAN,Lanfang,STATE_WEST_BORNEO,YES,YES,land,1,3,1,0,0,0,0,0,0,NO,REMOVE_DUPLICATE_WITH_FORMATION_MATERIALIZATION,NO,4,1,0,0,Vanilla 1.13.9 has zero overlap between formation-recruiting and explicit-barracks country/state pairs,PASS,Formation units materialize one barracks level each; explicit nondeferred levels would be additive.
LUA,Luang Prabang,STATE_LAOS,YES,NO,land,3,8,3,0,0,0,0,0,0,NO,REMOVE_DUPLICATE_WITH_FORMATION_MATERIALIZATION,NO,11,3,0,0,Vanilla 1.13.9 has zero overlap between formation-recruiting and explicit-barracks country/state pairs,PASS,Formation units materialize one barracks level each; explicit nondeferred levels would be additive.
LUB,Lübeck,STATE_SCHLESWIG_HOLSTEIN,YES,YES,land,1,0,1,0,0,0,0,0,0,NO,FORMATION_MATERIALIZATION_ONLY,NO,1,1,0,0,Vanilla 1.13.9 has zero overlap between formation-recruiting and explicit-barracks country/state pairs,PASS,Formation units materialize one barracks level each; explicit nondeferred levels would be additive.
LUC,Lucca,STATE_EMILIA,YES,YES,land,1,0,1,0,0,0,0,0,0,NO,FORMATION_MATERIALIZATION_ONLY,NO,1,1,0,0,Vanilla 1.13.9 has zero overlap between formation-recruiting and explicit-barracks country/state pairs,PASS,Formation units materialize one barracks level each; explicit nondeferred levels would be additive.
LUX,Luxembourg,STATE_WALLONIA,YES,NO,land,3,0,3,0,0,0,0,0,0,NO,FORMATION_MATERIALIZATION_ONLY,NO,3,3,0,0,Vanilla 1.13.9 has zero overlap between formation-recruiting and explicit-barracks country/state pairs,PASS,Formation units materialize one barracks level each; explicit nondeferred levels would be additive.
MAD,Madagascar,STATE_NORTH_MADAGASCAR,YES,YES,land,8,10,8,0,0,0,0,0,0,NO,REMOVE_DUPLICATE_WITH_FORMATION_MATERIALIZATION,NO,18,8,0,0,Vanilla 1.13.9 has zero overlap between formation-recruiting and explicit-barracks country/state pairs,PASS,Formation units materialize one barracks level each; explicit nondeferred levels would be additive.
MAD,Madagascar,STATE_SOUTH_MADAGASCAR,YES,YES,land,0,10,0,0,0,0,0,0,0,NO,REMOVE_STALE_PRE_3B_CAPACITY,NO,10,0,0,0,Vanilla 1.13.9 has zero overlap between formation-recruiting and explicit-barracks country/state pairs,PASS,Formation units materialize one barracks level each; explicit nondeferred levels would be additive.
MARATH,Maratha Confederacy,STATE_AGRA,YES,NO,land,24,0,24,0,0,0,0,0,0,NO,FORMATION_MATERIALIZATION_ONLY,NO,24,24,0,0,Vanilla 1.13.9 has zero overlap between formation-recruiting and explicit-barracks country/state pairs,PASS,Formation units materialize one barracks level each; explicit nondeferred levels would be additive.
MARATH,Maratha Confederacy,STATE_BOMBAY,YES,YES,land,21,0,21,0,0,0,0,0,0,NO,FORMATION_MATERIALIZATION_ONLY,NO,21,21,0,0,Vanilla 1.13.9 has zero overlap between formation-recruiting and explicit-barracks country/state pairs,PASS,Formation units materialize one barracks level each; explicit nondeferred levels would be additive.
MAS,Mascara,STATE_ALGIERS,YES,YES,land,17,0,17,0,0,0,0,0,0,NO,FORMATION_MATERIALIZATION_ONLY,NO,17,17,0,0,Vanilla 1.13.9 has zero overlap between formation-recruiting and explicit-barracks country/state pairs,PASS,Formation units materialize one barracks level each; explicit nondeferred levels would be additive.
MBS,Mombasa,STATE_KENYA,YES,YES,land,1,1,1,0,0,0,0,0,0,NO,REMOVE_DUPLICATE_WITH_FORMATION_MATERIALIZATION,NO,2,1,0,0,Vanilla 1.13.9 has zero overlap between formation-recruiting and explicit-barracks country/state pairs,PASS,Formation units materialize one barracks level each; explicit nondeferred levels would be additive.
MEC,Mecklenburg-Schwerin,STATE_MECKLENBURG,YES,YES,land,5,0,5,0,0,0,0,0,0,NO,FORMATION_MATERIALIZATION_ONLY,NO,5,5,0,0,Vanilla 1.13.9 has zero overlap between formation-recruiting and explicit-barracks country/state pairs,PASS,Formation units materialize one barracks level each; explicit nondeferred levels would be additive.
MEI,Saxe-Meiningen,STATE_SAXONY,YES,NO,land,1,2,1,0,0,0,0,0,0,NO,REMOVE_DUPLICATE_WITH_FORMATION_MATERIALIZATION,NO,3,1,0,0,Vanilla 1.13.9 has zero overlap between formation-recruiting and explicit-barracks country/state pairs,PASS,Formation units materialize one barracks level each; explicit nondeferred levels would be additive.
MGD,Maguindanao,STATE_MINDANAO,YES,YES,land,2,5,2,0,0,0,0,0,0,NO,REMOVE_DUPLICATE_WITH_FORMATION_MATERIALIZATION,NO,7,2,0,0,Vanilla 1.13.9 has zero overlap between formation-recruiting and explicit-barracks country/state pairs,PASS,Formation units materialize one barracks level each; explicit nondeferred levels would be additive.
MJT,Majerteen,STATE_SOMALILAND,YES,YES,land,3,7,3,0,0,0,0,0,0,NO,REMOVE_DUPLICATE_WITH_FORMATION_MATERIALIZATION,NO,10,3,0,0,Vanilla 1.13.9 has zero overlap between formation-recruiting and explicit-barracks country/state pairs,PASS,Formation units materialize one barracks level each; explicit nondeferred levels would be additive.
MKT,Miskitia,STATE_NICARAGUA,YES,YES,land,1,2,1,0,0,0,0,0,0,NO,REMOVE_DUPLICATE_WITH_FORMATION_MATERIALIZATION,NO,3,1,0,0,Vanilla 1.13.9 has zero overlap between formation-recruiting and explicit-barracks country/state pairs,PASS,Formation units materialize one barracks level each; explicit nondeferred levels would be additive.
MOD,Modena,STATE_EMILIA,YES,YES,land,4,0,4,0,0,0,0,0,0,NO,FORMATION_MATERIALIZATION_ONLY,NO,4,4,0,0,Vanilla 1.13.9 has zero overlap between formation-recruiting and explicit-barracks country/state pairs,PASS,Formation units materialize one barracks level each; explicit nondeferred levels would be additive.
MOL,Moldavia,STATE_MOLDAVIA,YES,NO,land,3,0,3,0,0,0,0,0,0,NO,FORMATION_MATERIALIZATION_ONLY,NO,3,3,0,0,Vanilla 1.13.9 has zero overlap between formation-recruiting and explicit-barracks country/state pairs,PASS,Formation units materialize one barracks level each; explicit nondeferred levels would be additive.
MON,Montenegro,STATE_MONTENEGRO,YES,YES,land,6,0,6,0,0,0,0,0,0,NO,FORMATION_MATERIALIZATION_ONLY,NO,6,6,0,0,Vanilla 1.13.9 has zero overlap between formation-recruiting and explicit-barracks country/state pairs,PASS,Formation units materialize one barracks level each; explicit nondeferred levels would be additive.
MOR,Morocco,STATE_AL_RIF,YES,YES,land,11,3,11,0,0,0,0,0,0,NO,REMOVE_DUPLICATE_WITH_FORMATION_MATERIALIZATION,NO,14,11,0,0,Vanilla 1.13.9 has zero overlap between formation-recruiting and explicit-barracks country/state pairs,PASS,Formation units materialize one barracks level each; explicit nondeferred levels would be additive.
MOR,Morocco,STATE_FEZ,YES,YES,land,0,10,0,0,0,0,0,0,0,NO,REMOVE_STALE_PRE_3B_CAPACITY,NO,10,0,0,0,Vanilla 1.13.9 has zero overlap between formation-recruiting and explicit-barracks country/state pairs,PASS,Formation units materialize one barracks level each; explicit nondeferred levels would be additive.
MOR,Morocco,STATE_INNER_MOROCCO,YES,YES,land,0,4,0,0,0,0,0,0,0,NO,REMOVE_STALE_PRE_3B_CAPACITY,NO,4,0,0,0,Vanilla 1.13.9 has zero overlap between formation-recruiting and explicit-barracks country/state pairs,PASS,Formation units materialize one barracks level each; explicit nondeferred levels would be additive.
MOR,Morocco,STATE_MARRAKECH,YES,YES,land,0,10,0,0,0,0,0,0,0,NO,REMOVE_STALE_PRE_3B_CAPACITY,NO,10,0,0,0,Vanilla 1.13.9 has zero overlap between formation-recruiting and explicit-barracks country/state pairs,PASS,Formation units materialize one barracks level each; explicit nondeferred levels would be additive.
MSN,Massina,STATE_EASTERN_MALI,YES,NO,land,8,20,8,0,0,0,0,0,0,NO,REMOVE_DUPLICATE_WITH_FORMATION_MATERIALIZATION,NO,28,8,0,0,Vanilla 1.13.9 has zero overlap between formation-recruiting and explicit-barracks country/state pairs,PASS,Formation units materialize one barracks level each; explicit nondeferred levels would be additive.
MST,Mecklenburg-Strelitz,STATE_MECKLENBURG,YES,YES,land,1,1,1,0,0,0,0,0,0,NO,REMOVE_DUPLICATE_WITH_FORMATION_MATERIALIZATION,NO,2,1,0,0,Vanilla 1.13.9 has zero overlap between formation-recruiting and explicit-barracks country/state pairs,PASS,Formation units materialize one barracks level each; explicit nondeferred levels would be additive.
MUG,Hindustan,STATE_DELHI,YES,NO,land,2,0,2,0,0,0,0,0,0,NO,FORMATION_MATERIALIZATION_ONLY,NO,2,2,0,0,Vanilla 1.13.9 has zero overlap between formation-recruiting and explicit-barracks country/state pairs,PASS,Formation units materialize one barracks level each; explicit nondeferred levels would be additive.
MYS,Mysore,STATE_MYSORE,YES,YES,land,32,0,32,0,0,0,0,0,0,NO,FORMATION_MATERIALIZATION_ONLY,NO,32,32,0,0,Vanilla 1.13.9 has zero overlap between formation-recruiting and explicit-barracks country/state pairs,PASS,Formation units materialize one barracks level each; explicit nondeferred levels would be additive.
NAG,Nagpur,STATE_CENTRAL_PROVINCES,YES,NO,land,16,0,16,0,0,0,0,0,0,NO,FORMATION_MATERIALIZATION_ONLY,NO,16,16,0,0,Vanilla 1.13.9 has zero overlap between formation-recruiting and explicit-barracks country/state pairs,PASS,Formation units materialize one barracks level each; explicit nondeferred levels would be additive.
NAS,Nassau,STATE_HESSE,YES,NO,land,3,0,3,0,0,0,0,0,0,NO,FORMATION_MATERIALIZATION_ONLY,NO,3,3,0,0,Vanilla 1.13.9 has zero overlap between formation-recruiting and explicit-barracks country/state pairs,PASS,Formation units materialize one barracks level each; explicit nondeferred levels would be additive.
NBS,New Brunswick,STATE_NEW_BRUNSWICK,YES,YES,land,0,2,0,2,2,0,0,0,0,YES,STRUCTURAL_DEFER_PRESERVE,NO,2,2,0,0,Vanilla 1.13.9 has zero overlap between formation-recruiting and explicit-barracks country/state pairs,PASS,Formation units materialize one barracks level each; explicit nondeferred levels would be additive.
NEP,Nepal,STATE_HIMALAYAS,YES,NO,land,14,35,14,0,0,0,0,0,0,NO,REMOVE_DUPLICATE_WITH_FORMATION_MATERIALIZATION,NO,49,14,0,0,Vanilla 1.13.9 has zero overlap between formation-recruiting and explicit-barracks country/state pairs,PASS,Formation units materialize one barracks level each; explicit nondeferred levels would be additive.
NET,Netherlands,STATE_FRIESLAND,YES,YES,land,24,0,24,0,0,0,0,0,0,NO,FORMATION_MATERIALIZATION_ONLY,NO,24,24,0,0,Vanilla 1.13.9 has zero overlap between formation-recruiting and explicit-barracks country/state pairs,PASS,Formation units materialize one barracks level each; explicit nondeferred levels would be additive.
NVS,Nova Scotia,STATE_NEW_BRUNSWICK,YES,YES,land,0,3,0,3,3,0,0,0,0,YES,STRUCTURAL_DEFER_PRESERVE,NO,3,3,0,0,Vanilla 1.13.9 has zero overlap between formation-recruiting and explicit-barracks country/state pairs,PASS,Formation units materialize one barracks level each; explicit nondeferred levels would be additive.
OLD,Oldenburg,STATE_HANNOVER,YES,YES,land,3,0,3,0,0,0,0,0,0,NO,FORMATION_MATERIALIZATION_ONLY,NO,3,3,0,0,Vanilla 1.13.9 has zero overlap between formation-recruiting and explicit-barracks country/state pairs,PASS,Formation units materialize one barracks level each; explicit nondeferred levels would be additive.
OMA,Oman,STATE_BALUCHISTAN,YES,YES,land,10,0,10,0,0,0,0,0,0,NO,FORMATION_MATERIALIZATION_ONLY,NO,10,10,0,0,Vanilla 1.13.9 has zero overlap between formation-recruiting and explicit-barracks country/state pairs,PASS,Formation units materialize one barracks level each; explicit nondeferred levels would be additive.
OMA,Oman,STATE_OMAN,YES,YES,land,0,5,0,0,0,0,0,0,0,NO,REMOVE_STALE_PRE_3B_CAPACITY,NO,5,0,0,0,Vanilla 1.13.9 has zero overlap between formation-recruiting and explicit-barracks country/state pairs,PASS,Formation units materialize one barracks level each; explicit nondeferred levels would be additive.
OMA,Oman,STATE_ZANZIBAR,YES,YES,land,0,5,0,0,0,0,0,0,0,NO,REMOVE_STALE_PRE_3B_CAPACITY,NO,5,0,0,0,Vanilla 1.13.9 has zero overlap between formation-recruiting and explicit-barracks country/state pairs,PASS,Formation units materialize one barracks level each; explicit nondeferred levels would be additive.
ONT,Ontario,STATE_ONTARIO,YES,YES,land,0,5,0,5,5,0,0,0,0,YES,STRUCTURAL_DEFER_PRESERVE,NO,5,5,0,0,Vanilla 1.13.9 has zero overlap between formation-recruiting and explicit-barracks country/state pairs,PASS,Formation units materialize one barracks level each; explicit nondeferred levels would be additive.
ORA,Oranje,STATE_VRYSTAAT,YES,NO,land,0,2,0,2,2,0,0,0,0,YES,STRUCTURAL_DEFER_PRESERVE,NO,2,2,0,0,Vanilla 1.13.9 has zero overlap between formation-recruiting and explicit-barracks country/state pairs,PASS,Formation units materialize one barracks level each; explicit nondeferred levels would be additive.
OYO,Oyo,STATE_YORUBA_STATES,YES,YES,land,12,15,12,0,0,0,0,0,0,NO,REMOVE_DUPLICATE_WITH_FORMATION_MATERIALIZATION,NO,27,12,0,0,Vanilla 1.13.9 has zero overlap between formation-recruiting and explicit-barracks country/state pairs,PASS,Formation units materialize one barracks level each; explicit nondeferred levels would be additive.
OZH,Orta Zhuz,STATE_AKMOLINSK,YES,NO,land,1,2,1,0,0,0,0,0,0,NO,REMOVE_DUPLICATE_WITH_FORMATION_MATERIALIZATION,NO,3,1,0,0,Vanilla 1.13.9 has zero overlap between formation-recruiting and explicit-barracks country/state pairs,PASS,Formation units materialize one barracks level each; explicit nondeferred levels would be additive.
OZH,Orta Zhuz,STATE_SEMIRECHE,YES,NO,land,0,1,0,0,0,0,0,0,0,NO,REMOVE_STALE_PRE_3B_CAPACITY,NO,1,0,0,0,Vanilla 1.13.9 has zero overlap between formation-recruiting and explicit-barracks country/state pairs,PASS,Formation units materialize one barracks level each; explicit nondeferred levels would be additive.
PAN,Punjab,STATE_PUNJAB,YES,NO,land,45,0,45,0,0,0,0,0,0,NO,FORMATION_MATERIALIZATION_ONLY,NO,45,45,0,0,Vanilla 1.13.9 has zero overlap between formation-recruiting and explicit-barracks country/state pairs,PASS,Formation units materialize one barracks level each; explicit nondeferred levels would be additive.
PAP,Papal States,STATE_LAZIO,YES,YES,land,6,0,6,0,0,0,0,0,0,NO,FORMATION_MATERIALIZATION_ONLY,NO,6,6,0,0,Vanilla 1.13.9 has zero overlap between formation-recruiting and explicit-barracks country/state pairs,PASS,Formation units materialize one barracks level each; explicit nondeferred levels would be additive.
PAR,Parma,STATE_EMILIA,YES,YES,land,3,0,3,0,0,0,0,0,0,NO,FORMATION_MATERIALIZATION_ONLY,NO,3,3,0,0,Vanilla 1.13.9 has zero overlap between formation-recruiting and explicit-barracks country/state pairs,PASS,Formation units materialize one barracks level each; explicit nondeferred levels would be additive.
PCO,Puerto Rico,STATE_PUERTO_RICO,YES,YES,land,7,0,7,0,0,0,0,0,0,YES,STRUCTURAL_DEFER_PRESERVE,NO,7,7,0,0,Vanilla 1.13.9 has zero overlap between formation-recruiting and explicit-barracks country/state pairs,PASS,Formation units materialize one barracks level each; explicit nondeferred levels would be additive.
PER,Persia,STATE_ARMENIA,YES,NO,land,32,0,32,0,0,0,0,0,0,NO,FORMATION_MATERIALIZATION_ONLY,NO,32,32,0,0,Vanilla 1.13.9 has zero overlap between formation-recruiting and explicit-barracks country/state pairs,PASS,Formation units materialize one barracks level each; explicit nondeferred levels would be additive.
PHI,Philippines,STATE_LUZON,YES,YES,land,5,0,5,0,0,0,0,0,0,YES,STRUCTURAL_DEFER_PRESERVE,NO,5,5,0,0,Vanilla 1.13.9 has zero overlap between formation-recruiting and explicit-barracks country/state pairs,PASS,Formation units materialize one barracks level each; explicit nondeferred levels would be additive.
PHI,Philippines,STATE_VISAYAS,YES,YES,land,2,0,2,0,0,0,0,0,0,YES,STRUCTURAL_DEFER_PRESERVE,NO,2,2,0,0,Vanilla 1.13.9 has zero overlap between formation-recruiting and explicit-barracks country/state pairs,PASS,Formation units materialize one barracks level each; explicit nondeferred levels would be additive.
PHL,Philippolis,STATE_VRYSTAAT,YES,NO,land,0,1,0,1,1,0,0,0,0,YES,STRUCTURAL_DEFER_PRESERVE,NO,1,1,0,0,Vanilla 1.13.9 has zero overlap between formation-recruiting and explicit-barracks country/state pairs,PASS,Formation units materialize one barracks level each; explicit nondeferred levels would be additive.
PLC,Poland-Lithuania,STATE_BREST,YES,NO,land,16,0,16,0,0,0,0,0,0,NO,FORMATION_MATERIALIZATION_ONLY,NO,16,16,0,0,Vanilla 1.13.9 has zero overlap between formation-recruiting and explicit-barracks country/state pairs,PASS,Formation units materialize one barracks level each; explicit nondeferred levels would be additive.
PON,Pontianak,STATE_WEST_BORNEO,YES,YES,land,1,3,1,0,0,0,0,0,0,NO,REMOVE_DUPLICATE_WITH_FORMATION_MATERIALIZATION,NO,4,1,0,0,Vanilla 1.13.9 has zero overlap between formation-recruiting and explicit-barracks country/state pairs,PASS,Formation units materialize one barracks level each; explicit nondeferred levels would be additive.
POR,Portugal,STATE_ALENTEJO,YES,YES,land,24,0,24,0,0,0,0,0,0,NO,FORMATION_MATERIALIZATION_ONLY,NO,24,24,0,0,Vanilla 1.13.9 has zero overlap between formation-recruiting and explicit-barracks country/state pairs,PASS,Formation units materialize one barracks level each; explicit nondeferred levels would be additive.
PRK,Perak,STATE_MALAYA,YES,YES,land,2,5,2,0,0,0,0,0,0,NO,REMOVE_DUPLICATE_WITH_FORMATION_MATERIALIZATION,NO,7,2,0,0,Vanilla 1.13.9 has zero overlap between formation-recruiting and explicit-barracks country/state pairs,PASS,Formation units materialize one barracks level each; explicit nondeferred levels would be additive.
PRU,Prussia,STATE_ANHALT,YES,NO,land,158,0,158,0,0,0,0,0,0,NO,FORMATION_MATERIALIZATION_ONLY,NO,158,158,0,0,Vanilla 1.13.9 has zero overlap between formation-recruiting and explicit-barracks country/state pairs,PASS,Formation units materialize one barracks level each; explicit nondeferred levels would be additive.
PUD,Pudukottai,STATE_MADRAS,YES,YES,land,2,0,2,0,0,0,0,0,0,NO,FORMATION_MATERIALIZATION_ONLY,NO,2,2,0,0,Vanilla 1.13.9 has zero overlap between formation-recruiting and explicit-barracks country/state pairs,PASS,Formation units materialize one barracks level each; explicit nondeferred levels would be additive.
QUE,Quebec,STATE_QUEBEC,YES,YES,land,0,5,0,5,5,0,0,0,0,YES,STRUCTURAL_DEFER_PRESERVE,NO,5,5,0,0,Vanilla 1.13.9 has zero overlap between formation-recruiting and explicit-barracks country/state pairs,PASS,Formation units materialize one barracks level each; explicit nondeferred levels would be additive.
RUS,Russia,STATE_ARKHANGELSK,YES,YES,land,131,0,131,0,0,0,0,0,0,NO,FORMATION_MATERIALIZATION_ONLY,NO,131,131,0,0,Vanilla 1.13.9 has zero overlap between formation-recruiting and explicit-barracks country/state pairs,PASS,Formation units materialize one barracks level each; explicit nondeferred levels would be additive.
RUS,Russia,STATE_BURYATIA,YES,NO,land,42,0,42,0,0,0,0,0,0,NO,FORMATION_MATERIALIZATION_ONLY,NO,42,42,0,0,Vanilla 1.13.9 has zero overlap between formation-recruiting and explicit-barracks country/state pairs,PASS,Formation units materialize one barracks level each; explicit nondeferred levels would be additive.
RUS,Russia,STATE_DOBRUDJA,YES,YES,land,42,0,42,0,0,0,0,0,0,NO,FORMATION_MATERIALIZATION_ONLY,NO,42,42,0,0,Vanilla 1.13.9 has zero overlap between formation-recruiting and explicit-barracks country/state pairs,PASS,Formation units materialize one barracks level each; explicit nondeferred levels would be additive.
RWD,Rwanda,STATE_TANGANYIKA,YES,NO,land,2,5,2,0,0,0,0,0,0,NO,REMOVE_DUPLICATE_WITH_FORMATION_MATERIALIZATION,NO,7,2,0,0,Vanilla 1.13.9 has zero overlap between formation-recruiting and explicit-barracks country/state pairs,PASS,Formation units materialize one barracks level each; explicit nondeferred levels would be additive.
SAK,Siak,STATE_ACEH,YES,YES,land,2,2,2,0,0,0,0,0,0,NO,REMOVE_DUPLICATE_WITH_FORMATION_MATERIALIZATION,NO,4,2,0,0,Vanilla 1.13.9 has zero overlap between formation-recruiting and explicit-barracks country/state pairs,PASS,Formation units materialize one barracks level each; explicit nondeferred levels would be additive.
SAK,Siak,STATE_NORTH_SUMATRA,YES,YES,land,0,3,0,0,0,0,0,0,0,NO,REMOVE_STALE_PRE_3B_CAPACITY,NO,3,0,0,0,Vanilla 1.13.9 has zero overlap between formation-recruiting and explicit-barracks country/state pairs,PASS,Formation units materialize one barracks level each; explicit nondeferred levels would be additive.
SAR,Sardinia-Piedmont,STATE_PIEDMONT,YES,YES,land,19,0,19,0,0,0,0,0,0,NO,FORMATION_MATERIALIZATION_ONLY,NO,19,19,0,0,Vanilla 1.13.9 has zero overlap between formation-recruiting and explicit-barracks country/state pairs,PASS,Formation units materialize one barracks level each; explicit nondeferred levels would be additive.
SAT,Satara,STATE_BOMBAY,YES,YES,land,2,0,2,0,0,0,0,0,0,NO,FORMATION_MATERIALIZATION_ONLY,NO,2,2,0,0,Vanilla 1.13.9 has zero overlap between formation-recruiting and explicit-barracks country/state pairs,PASS,Formation units materialize one barracks level each; explicit nondeferred levels would be additive.
SAX,Saxony,STATE_SAXONY,YES,NO,land,22,0,22,0,0,0,0,0,0,NO,FORMATION_MATERIALIZATION_ONLY,NO,22,22,0,0,Vanilla 1.13.9 has zero overlap between formation-recruiting and explicit-barracks country/state pairs,PASS,Formation units materialize one barracks level each; explicit nondeferred levels would be additive.
SC1,Nueva España,STATE_COSTA_RICA,YES,YES,land,0,1,0,1,1,0,0,0,0,YES,STRUCTURAL_DEFER_PRESERVE,NO,1,1,0,0,Vanilla 1.13.9 has zero overlap between formation-recruiting and explicit-barracks country/state pairs,PASS,Formation units materialize one barracks level each; explicit nondeferred levels would be additive.
SC1,Nueva España,STATE_GUATEMALA,YES,YES,land,0,2,0,2,2,0,0,0,0,YES,STRUCTURAL_DEFER_PRESERVE,NO,2,2,0,0,Vanilla 1.13.9 has zero overlap between formation-recruiting and explicit-barracks country/state pairs,PASS,Formation units materialize one barracks level each; explicit nondeferred levels would be additive.
SC1,Nueva España,STATE_HONDURAS,YES,YES,land,0,2,0,2,2,0,0,0,0,YES,STRUCTURAL_DEFER_PRESERVE,NO,2,2,0,0,Vanilla 1.13.9 has zero overlap between formation-recruiting and explicit-barracks country/state pairs,PASS,Formation units materialize one barracks level each; explicit nondeferred levels would be additive.
SC1,Nueva España,STATE_NICARAGUA,YES,YES,land,0,1,0,1,1,0,0,0,0,YES,STRUCTURAL_DEFER_PRESERVE,NO,1,1,0,0,Vanilla 1.13.9 has zero overlap between formation-recruiting and explicit-barracks country/state pairs,PASS,Formation units materialize one barracks level each; explicit nondeferred levels would be additive.
SC1,Nueva España,STATE_SAN_SALVADOR,YES,YES,land,0,2,0,2,2,0,0,0,0,YES,STRUCTURAL_DEFER_PRESERVE,NO,2,2,0,0,Vanilla 1.13.9 has zero overlap between formation-recruiting and explicit-barracks country/state pairs,PASS,Formation units materialize one barracks level each; explicit nondeferred levels would be additive.
SC2,Nueva Granada,STATE_ANTIOQUIA,YES,YES,land,6,0,6,0,0,0,0,0,0,YES,STRUCTURAL_DEFER_PRESERVE,NO,6,6,0,0,Vanilla 1.13.9 has zero overlap between formation-recruiting and explicit-barracks country/state pairs,PASS,Formation units materialize one barracks level each; explicit nondeferred levels would be additive.
SC2,Nueva Granada,STATE_BOLIVAR,YES,YES,land,1,0,1,0,0,0,0,0,0,YES,STRUCTURAL_DEFER_PRESERVE,NO,1,1,0,0,Vanilla 1.13.9 has zero overlap between formation-recruiting and explicit-barracks country/state pairs,PASS,Formation units materialize one barracks level each; explicit nondeferred levels would be additive.
SC2,Nueva Granada,STATE_CAUCA,YES,YES,land,5,0,5,0,0,0,0,0,0,YES,STRUCTURAL_DEFER_PRESERVE,NO,5,5,0,0,Vanilla 1.13.9 has zero overlap between formation-recruiting and explicit-barracks country/state pairs,PASS,Formation units materialize one barracks level each; explicit nondeferred levels would be additive.
SC2,Nueva Granada,STATE_CUNDINAMARCA,YES,NO,land,7,0,7,0,0,0,0,0,0,YES,STRUCTURAL_DEFER_PRESERVE,NO,7,7,0,0,Vanilla 1.13.9 has zero overlap between formation-recruiting and explicit-barracks country/state pairs,PASS,Formation units materialize one barracks level each; explicit nondeferred levels would be additive.
SC2,Nueva Granada,STATE_ECUADOR,YES,YES,land,7,0,7,0,0,0,0,0,0,YES,STRUCTURAL_DEFER_PRESERVE,NO,7,7,0,0,Vanilla 1.13.9 has zero overlap between formation-recruiting and explicit-barracks country/state pairs,PASS,Formation units materialize one barracks level each; explicit nondeferred levels would be additive.
SC2,Nueva Granada,STATE_MIRANDA,YES,YES,land,3,0,3,0,0,0,0,0,0,YES,STRUCTURAL_DEFER_PRESERVE,NO,3,3,0,0,Vanilla 1.13.9 has zero overlap between formation-recruiting and explicit-barracks country/state pairs,PASS,Formation units materialize one barracks level each; explicit nondeferred levels would be additive.
SC2,Nueva Granada,STATE_ZULIA,YES,YES,land,5,0,5,0,0,0,0,0,0,YES,STRUCTURAL_DEFER_PRESERVE,NO,5,5,0,0,Vanilla 1.13.9 has zero overlap between formation-recruiting and explicit-barracks country/state pairs,PASS,Formation units materialize one barracks level each; explicit nondeferred levels would be additive.
SC3,Perú,STATE_AREQUIPA,YES,YES,land,0,1,0,1,1,0,0,0,0,YES,STRUCTURAL_DEFER_PRESERVE,NO,1,1,0,0,Vanilla 1.13.9 has zero overlap between formation-recruiting and explicit-barracks country/state pairs,PASS,Formation units materialize one barracks level each; explicit nondeferred levels would be additive.
SC3,Perú,STATE_CAJAMARCA,YES,YES,land,0,1,0,1,1,0,0,0,0,YES,STRUCTURAL_DEFER_PRESERVE,NO,1,1,0,0,Vanilla 1.13.9 has zero overlap between formation-recruiting and explicit-barracks country/state pairs,PASS,Formation units materialize one barracks level each; explicit nondeferred levels would be additive.
SC3,Perú,STATE_ICA,YES,YES,land,0,3,0,3,3,0,0,0,0,YES,STRUCTURAL_DEFER_PRESERVE,NO,3,3,0,0,Vanilla 1.13.9 has zero overlap between formation-recruiting and explicit-barracks country/state pairs,PASS,Formation units materialize one barracks level each; explicit nondeferred levels would be additive.
SC3,Perú,STATE_LIMA,YES,YES,land,0,3,0,3,3,0,0,0,0,YES,STRUCTURAL_DEFER_PRESERVE,NO,3,3,0,0,Vanilla 1.13.9 has zero overlap between formation-recruiting and explicit-barracks country/state pairs,PASS,Formation units materialize one barracks level each; explicit nondeferred levels would be additive.
SC3,Perú,STATE_POTOSI,YES,NO,land,0,2,0,2,2,0,0,0,0,YES,STRUCTURAL_DEFER_PRESERVE,NO,2,2,0,0,Vanilla 1.13.9 has zero overlap between formation-recruiting and explicit-barracks country/state pairs,PASS,Formation units materialize one barracks level each; explicit nondeferred levels would be additive.
SC3,Perú,STATE_SANTA_CRUZ,YES,NO,land,0,5,0,5,5,0,0,0,0,YES,STRUCTURAL_DEFER_PRESERVE,NO,5,5,0,0,Vanilla 1.13.9 has zero overlap between formation-recruiting and explicit-barracks country/state pairs,PASS,Formation units materialize one barracks level each; explicit nondeferred levels would be additive.
SC4,Río de la Plata,STATE_BUENOS_AIRES,YES,YES,land,5,0,5,0,0,0,0,0,0,YES,STRUCTURAL_DEFER_PRESERVE,NO,5,5,0,0,Vanilla 1.13.9 has zero overlap between formation-recruiting and explicit-barracks country/state pairs,PASS,Formation units materialize one barracks level each; explicit nondeferred levels would be additive.
SC4,Río de la Plata,STATE_TUCUMAN,YES,NO,land,2,0,2,0,0,0,0,0,0,YES,STRUCTURAL_DEFER_PRESERVE,NO,2,2,0,0,Vanilla 1.13.9 has zero overlap between formation-recruiting and explicit-barracks country/state pairs,PASS,Formation units materialize one barracks level each; explicit nondeferred levels would be additive.
SCH,Schleswig,STATE_SCHLESWIG_HOLSTEIN,YES,YES,land,2,0,2,0,0,0,0,0,0,NO,FORMATION_MATERIALIZATION_ONLY,NO,2,2,0,0,Vanilla 1.13.9 has zero overlap between formation-recruiting and explicit-barracks country/state pairs,PASS,Formation units materialize one barracks level each; explicit nondeferred levels would be additive.
SCW,Schwarzburg,STATE_SAXONY,YES,NO,land,1,1,1,0,0,0,0,0,0,NO,REMOVE_DUPLICATE_WITH_FORMATION_MATERIALIZATION,NO,2,1,0,0,Vanilla 1.13.9 has zero overlap between formation-recruiting and explicit-barracks country/state pairs,PASS,Formation units materialize one barracks level each; explicit nondeferred levels would be additive.
SEL,Selangor,STATE_MALAYA,YES,YES,land,2,5,2,0,0,0,0,0,0,NO,REMOVE_DUPLICATE_WITH_FORMATION_MATERIALIZATION,NO,7,2,0,0,Vanilla 1.13.9 has zero overlap between formation-recruiting and explicit-barracks country/state pairs,PASS,Formation units materialize one barracks level each; explicit nondeferred levels would be additive.
SGU,Segou,STATE_WESTERN_MALI,YES,NO,land,4,10,4,0,0,0,0,0,0,NO,REMOVE_DUPLICATE_WITH_FORMATION_MATERIALIZATION,NO,14,4,0,0,Vanilla 1.13.9 has zero overlap between formation-recruiting and explicit-barracks country/state pairs,PASS,Formation units materialize one barracks level each; explicit nondeferred levels would be additive.
SIA,Siam,STATE_BANGKOK,YES,YES,land,18,20,18,0,0,0,0,0,0,NO,REMOVE_DUPLICATE_WITH_FORMATION_MATERIALIZATION,NO,38,18,0,0,Vanilla 1.13.9 has zero overlap between formation-recruiting and explicit-barracks country/state pairs,PASS,Formation units materialize one barracks level each; explicit nondeferred levels would be additive.
SIA,Siam,STATE_CAMBODIA,YES,YES,land,0,5,0,0,0,0,0,0,0,NO,REMOVE_STALE_PRE_3B_CAPACITY,NO,5,0,0,0,Vanilla 1.13.9 has zero overlap between formation-recruiting and explicit-barracks country/state pairs,PASS,Formation units materialize one barracks level each; explicit nondeferred levels would be additive.
SIA,Siam,STATE_LAOS,YES,NO,land,0,5,0,0,0,0,0,0,0,NO,REMOVE_STALE_PRE_3B_CAPACITY,NO,5,0,0,0,Vanilla 1.13.9 has zero overlap between formation-recruiting and explicit-barracks country/state pairs,PASS,Formation units materialize one barracks level each; explicit nondeferred levels would be additive.
SIA,Siam,STATE_NAKHON_RATCHASIMA,YES,YES,land,0,15,0,0,0,0,0,0,0,NO,REMOVE_STALE_PRE_3B_CAPACITY,NO,15,0,0,0,Vanilla 1.13.9 has zero overlap between formation-recruiting and explicit-barracks country/state pairs,PASS,Formation units materialize one barracks level each; explicit nondeferred levels would be additive.
SIC,Two Sicilies,STATE_ABRUZZO,YES,YES,land,3,0,3,0,0,0,0,0,0,YES,STRUCTURAL_DEFER_PRESERVE,NO,3,3,0,0,Vanilla 1.13.9 has zero overlap between formation-recruiting and explicit-barracks country/state pairs,PASS,Formation units materialize one barracks level each; explicit nondeferred levels would be additive.
SIC,Two Sicilies,STATE_APULIA,YES,YES,land,2,0,2,0,0,0,0,0,0,YES,STRUCTURAL_DEFER_PRESERVE,NO,2,2,0,0,Vanilla 1.13.9 has zero overlap between formation-recruiting and explicit-barracks country/state pairs,PASS,Formation units materialize one barracks level each; explicit nondeferred levels would be additive.
SIC,Two Sicilies,STATE_CALABRIA,YES,YES,land,3,0,3,0,0,0,0,0,0,YES,STRUCTURAL_DEFER_PRESERVE,NO,3,3,0,0,Vanilla 1.13.9 has zero overlap between formation-recruiting and explicit-barracks country/state pairs,PASS,Formation units materialize one barracks level each; explicit nondeferred levels would be additive.
SIC,Two Sicilies,STATE_CAMPANIA,YES,YES,land,17,0,17,0,0,0,0,0,0,YES,STRUCTURAL_DEFER_PRESERVE,NO,17,17,0,0,Vanilla 1.13.9 has zero overlap between formation-recruiting and explicit-barracks country/state pairs,PASS,Formation units materialize one barracks level each; explicit nondeferred levels would be additive.
SIC,Two Sicilies,STATE_SICILY,NO,YES,land,5,0,0,0,0,0,0,0,0,YES,STRUCTURAL_DEFER_PRESERVE,NO,0,0,5,5,Direct 1776 owner is GR3; invalid structural-defer recruiting state cannot provide SIC barracks capacity,PASS_STRUCTURAL_DEFER,Preexisting five-unit structural risk preserved without legitimizing new SIC infrastructure.
SIK,Sikkim,STATE_EASTERN_HIMALAYAS,YES,NO,land,1,1,1,0,0,0,0,0,0,NO,REMOVE_DUPLICATE_WITH_FORMATION_MATERIALIZATION,NO,2,1,0,0,Vanilla 1.13.9 has zero overlap between formation-recruiting and explicit-barracks country/state pairs,PASS,Formation units materialize one barracks level each; explicit nondeferred levels would be additive.
SIN,Sindh,STATE_SINDH,YES,YES,land,17,0,17,0,0,0,0,0,0,NO,FORMATION_MATERIALIZATION_ONLY,NO,17,17,0,0,Vanilla 1.13.9 has zero overlap between formation-recruiting and explicit-barracks country/state pairs,PASS,Formation units materialize one barracks level each; explicit nondeferred levels would be additive.
SMB,Sambas,STATE_WEST_BORNEO,YES,YES,land,1,2,1,0,0,0,0,0,0,NO,REMOVE_DUPLICATE_WITH_FORMATION_MATERIALIZATION,NO,3,1,0,0,Vanilla 1.13.9 has zero overlap between formation-recruiting and explicit-barracks country/state pairs,PASS,Formation units materialize one barracks level each; explicit nondeferred levels would be additive.
SOK,Sokoto,STATE_EAST_HAUSALAND,YES,NO,land,0,20,0,20,20,0,0,0,0,YES,STRUCTURAL_DEFER_PRESERVE,NO,20,20,0,0,Vanilla 1.13.9 has zero overlap between formation-recruiting and explicit-barracks country/state pairs,PASS,Formation units materialize one barracks level each; explicit nondeferred levels would be additive.
SOK,Sokoto,STATE_HAUSALAND,YES,NO,land,0,20,0,20,20,0,0,0,0,YES,STRUCTURAL_DEFER_PRESERVE,NO,20,20,0,0,Vanilla 1.13.9 has zero overlap between formation-recruiting and explicit-barracks country/state pairs,PASS,Formation units materialize one barracks level each; explicit nondeferred levels would be additive.
SOK,Sokoto,STATE_NIGERIA,YES,NO,land,0,15,0,15,15,0,0,0,0,YES,STRUCTURAL_DEFER_PRESERVE,NO,15,15,0,0,Vanilla 1.13.9 has zero overlap between formation-recruiting and explicit-barracks country/state pairs,PASS,Formation units materialize one barracks level each; explicit nondeferred levels would be additive.
SOK,Sokoto,STATE_NORTH_CAMEROON,YES,NO,land,0,10,0,10,10,0,0,0,0,YES,STRUCTURAL_DEFER_PRESERVE,NO,10,10,0,0,Vanilla 1.13.9 has zero overlap between formation-recruiting and explicit-barracks country/state pairs,PASS,Formation units materialize one barracks level each; explicit nondeferred levels would be additive.
SOK,Sokoto,STATE_OUTER_HAUSALAND,YES,NO,land,0,5,0,5,5,0,0,0,0,YES,STRUCTURAL_DEFER_PRESERVE,NO,5,5,0,0,Vanilla 1.13.9 has zero overlap between formation-recruiting and explicit-barracks country/state pairs,PASS,Formation units materialize one barracks level each; explicit nondeferred levels would be additive.
SPA,Spain,STATE_ARAGON,YES,NO,land,65,0,65,0,0,0,0,0,0,NO,FORMATION_MATERIALIZATION_ONLY,NO,65,65,0,0,Vanilla 1.13.9 has zero overlap between formation-recruiting and explicit-barracks country/state pairs,PASS,Formation units materialize one barracks level each; explicit nondeferred levels would be additive.
SPA,Spain,STATE_WEST_INDIES,YES,YES,land,30,0,30,0,0,0,0,0,0,NO,FORMATION_MATERIALIZATION_ONLY,NO,30,30,0,0,Vanilla 1.13.9 has zero overlap between formation-recruiting and explicit-barracks country/state pairs,PASS,Formation units materialize one barracks level each; explicit nondeferred levels would be additive.
SRK,Surakarta,STATE_CENTRAL_JAVA,YES,YES,land,1,1,1,0,0,0,0,0,0,NO,REMOVE_DUPLICATE_WITH_FORMATION_MATERIALIZATION,NO,2,1,0,0,Vanilla 1.13.9 has zero overlap between formation-recruiting and explicit-barracks country/state pairs,PASS,Formation units materialize one barracks level each; explicit nondeferred levels would be additive.
STG,Sintang,STATE_WEST_BORNEO,YES,YES,land,1,2,1,0,0,0,0,0,0,NO,REMOVE_DUPLICATE_WITH_FORMATION_MATERIALIZATION,NO,3,1,0,0,Vanilla 1.13.9 has zero overlap between formation-recruiting and explicit-barracks country/state pairs,PASS,Formation units materialize one barracks level each; explicit nondeferred levels would be additive.
SUL,Sulu,STATE_LUZON,YES,YES,land,1,0,1,0,0,0,0,0,0,NO,FORMATION_MATERIALIZATION_ONLY,NO,1,1,0,0,Vanilla 1.13.9 has zero overlap between formation-recruiting and explicit-barracks country/state pairs,PASS,Formation units materialize one barracks level each; explicit nondeferred levels would be additive.
SUL,Sulu,STATE_MINDANAO,YES,YES,land,0,2,0,0,0,0,0,0,0,NO,REMOVE_STALE_PRE_3B_CAPACITY,NO,2,0,0,0,Vanilla 1.13.9 has zero overlap between formation-recruiting and explicit-barracks country/state pairs,PASS,Formation units materialize one barracks level each; explicit nondeferred levels would be additive.
SWE,Sweden,STATE_ALAND,YES,YES,land,30,0,30,0,0,0,0,0,0,NO,FORMATION_MATERIALIZATION_ONLY,NO,30,30,0,0,Vanilla 1.13.9 has zero overlap between formation-recruiting and explicit-barracks country/state pairs,PASS,Formation units materialize one barracks level each; explicit nondeferred levels would be additive.
SWI,Switzerland,STATE_EAST_SWITZERLAND,YES,NO,land,4,5,4,0,0,0,0,0,0,NO,REMOVE_DUPLICATE_WITH_FORMATION_MATERIALIZATION,NO,9,4,0,0,Vanilla 1.13.9 has zero overlap between formation-recruiting and explicit-barracks country/state pairs,PASS,Formation units materialize one barracks level each; explicit nondeferred levels would be additive.
SWI,Switzerland,STATE_WEST_SWITZERLAND,YES,NO,land,0,5,0,0,0,0,0,0,0,NO,REMOVE_STALE_PRE_3B_CAPACITY,NO,5,0,0,0,Vanilla 1.13.9 has zero overlap between formation-recruiting and explicit-barracks country/state pairs,PASS,Formation units materialize one barracks level each; explicit nondeferred levels would be additive.
SWZ,Swaziland,STATE_TRANSVAAL,YES,NO,land,1,2,1,0,0,0,0,0,0,NO,REMOVE_DUPLICATE_WITH_FORMATION_MATERIALIZATION,NO,3,1,0,0,Vanilla 1.13.9 has zero overlap between formation-recruiting and explicit-barracks country/state pairs,PASS,Formation units materialize one barracks level each; explicit nondeferred levels would be additive.
TGI,Tungi,STATE_MOCAMBIQUE,YES,YES,land,1,1,1,0,0,0,0,0,0,NO,REMOVE_DUPLICATE_WITH_FORMATION_MATERIALIZATION,NO,2,1,0,0,Vanilla 1.13.9 has zero overlap between formation-recruiting and explicit-barracks country/state pairs,PASS,Formation units materialize one barracks level each; explicit nondeferred levels would be additive.
TIB,Tibet,STATE_EASTERN_HIMALAYAS,YES,NO,land,7,0,7,0,0,0,0,0,0,NO,FORMATION_MATERIALIZATION_ONLY,NO,7,7,0,0,Vanilla 1.13.9 has zero overlap between formation-recruiting and explicit-barracks country/state pairs,PASS,Formation units materialize one barracks level each; explicit nondeferred levels would be additive.
TIB,Tibet,STATE_LHASA,YES,NO,land,0,12,0,0,0,0,0,0,0,NO,REMOVE_STALE_PRE_3B_CAPACITY,NO,12,0,0,0,Vanilla 1.13.9 has zero overlap between formation-recruiting and explicit-barracks country/state pairs,PASS,Formation units materialize one barracks level each; explicit nondeferred levels would be additive.
TIB,Tibet,STATE_NGARI,YES,NO,land,0,6,0,0,0,0,0,0,0,NO,REMOVE_STALE_PRE_3B_CAPACITY,NO,6,0,0,0,Vanilla 1.13.9 has zero overlap between formation-recruiting and explicit-barracks country/state pairs,PASS,Formation units materialize one barracks level each; explicit nondeferred levels would be additive.
TID,Tidore,STATE_CELEBES,YES,YES,land,2,0,2,0,0,0,0,0,0,NO,FORMATION_MATERIALIZATION_ONLY,NO,2,2,0,0,Vanilla 1.13.9 has zero overlap between formation-recruiting and explicit-barracks country/state pairs,PASS,Formation units materialize one barracks level each; explicit nondeferred levels would be additive.
TID,Tidore,STATE_MOLUCCAS,YES,YES,land,0,5,0,0,0,0,0,0,0,NO,REMOVE_STALE_PRE_3B_CAPACITY,NO,5,0,0,0,Vanilla 1.13.9 has zero overlap between formation-recruiting and explicit-barracks country/state pairs,PASS,Formation units materialize one barracks level each; explicit nondeferred levels would be additive.
TRA,Travancore,STATE_TRAVANCORE,YES,YES,land,7,0,7,0,0,0,0,0,0,NO,FORMATION_MATERIALIZATION_ONLY,NO,7,7,0,0,Vanilla 1.13.9 has zero overlap between formation-recruiting and explicit-barracks country/state pairs,PASS,Formation units materialize one barracks level each; explicit nondeferred levels would be additive.
TRI,Tripolitania,STATE_LIBYA,YES,YES,land,6,6,6,0,0,0,0,0,0,NO,REMOVE_DUPLICATE_WITH_FORMATION_MATERIALIZATION,NO,12,6,0,0,Vanilla 1.13.9 has zero overlap between formation-recruiting and explicit-barracks country/state pairs,PASS,Formation units materialize one barracks level each; explicit nondeferred levels would be additive.
TRI,Tripolitania,STATE_TRIPOLI,YES,YES,land,0,9,0,0,0,0,0,0,0,NO,REMOVE_STALE_PRE_3B_CAPACITY,NO,9,0,0,0,Vanilla 1.13.9 has zero overlap between formation-recruiting and explicit-barracks country/state pairs,PASS,Formation units materialize one barracks level each; explicit nondeferred levels would be additive.
TRN,Transvaal,STATE_TRANSVAAL,YES,NO,land,0,3,0,3,3,0,0,0,0,YES,STRUCTURAL_DEFER_PRESERVE,NO,3,3,0,0,Vanilla 1.13.9 has zero overlap between formation-recruiting and explicit-barracks country/state pairs,PASS,Formation units materialize one barracks level each; explicit nondeferred levels would be additive.
TRS,Transylvania,STATE_NORTHERN_TRANSYLVANIA,YES,NO,land,8,0,8,0,0,0,0,0,0,YES,STRUCTURAL_DEFER_PRESERVE,NO,8,8,0,0,Vanilla 1.13.9 has zero overlap between formation-recruiting and explicit-barracks country/state pairs,PASS,Formation units materialize one barracks level each; explicit nondeferred levels would be additive.
TUG,Touggourt,STATE_EAST_SAHARA,YES,NO,land,1,1,1,0,0,0,0,0,0,NO,REMOVE_DUPLICATE_WITH_FORMATION_MATERIALIZATION,NO,2,1,0,0,Vanilla 1.13.9 has zero overlap between formation-recruiting and explicit-barracks country/state pairs,PASS,Formation units materialize one barracks level each; explicit nondeferred levels would be additive.
TUN,Tunis,STATE_TUNISIA,YES,YES,land,5,13,5,0,0,0,0,0,0,NO,REMOVE_DUPLICATE_WITH_FORMATION_MATERIALIZATION,NO,18,5,0,0,Vanilla 1.13.9 has zero overlap between formation-recruiting and explicit-barracks country/state pairs,PASS,Formation units materialize one barracks level each; explicit nondeferred levels would be additive.
TUR,Ottoman Empire,STATE_ADANA,YES,YES,land,31,0,31,0,0,0,0,0,0,NO,FORMATION_MATERIALIZATION_ONLY,NO,31,31,0,0,Vanilla 1.13.9 has zero overlap between formation-recruiting and explicit-barracks country/state pairs,PASS,Formation units materialize one barracks level each; explicit nondeferred levels would be additive.
TUR,Ottoman Empire,STATE_ALBANIA,YES,YES,land,34,0,34,0,0,0,0,0,0,NO,FORMATION_MATERIALIZATION_ONLY,NO,34,34,0,0,Vanilla 1.13.9 has zero overlap between formation-recruiting and explicit-barracks country/state pairs,PASS,Formation units materialize one barracks level each; explicit nondeferred levels would be additive.
TUS,Tuscany,STATE_TUSCANY,YES,YES,land,7,0,7,0,0,0,0,0,0,NO,FORMATION_MATERIALIZATION_ONLY,NO,7,7,0,0,Vanilla 1.13.9 has zero overlap between formation-recruiting and explicit-barracks country/state pairs,PASS,Formation units materialize one barracks level each; explicit nondeferred levels would be additive.
UBD,United Baltic Provinces,STATE_COURLAND,NO,YES,land,1,0,0,0,0,0,0,0,0,YES,STRUCTURAL_DEFER_PRESERVE,NO,0,0,1,1,Direct 1776 owner is PLC; invalid structural-defer recruiting state cannot provide UBD barracks capacity,PASS_STRUCTURAL_DEFER,Preexisting one-unit structural risk preserved without legitimizing new UBD infrastructure.
UBD,United Baltic Provinces,STATE_RIGA,YES,YES,land,2,0,2,0,0,0,0,0,0,YES,STRUCTURAL_DEFER_PRESERVE,NO,2,2,0,0,Vanilla 1.13.9 has zero overlap between formation-recruiting and explicit-barracks country/state pairs,PASS,Formation units materialize one barracks level each; explicit nondeferred levels would be additive.
UBD,United Baltic Provinces,STATE_TALINN,YES,YES,land,3,0,3,0,0,0,0,0,0,YES,STRUCTURAL_DEFER_PRESERVE,NO,3,3,0,0,Vanilla 1.13.9 has zero overlap between formation-recruiting and explicit-barracks country/state pairs,PASS,Formation units materialize one barracks level each; explicit nondeferred levels would be additive.
USA,America,STATE_CONNECTICUT,YES,YES,land,20,0,20,0,0,0,0,0,0,NO,FORMATION_MATERIALIZATION_ONLY,NO,20,20,0,0,Vanilla 1.13.9 has zero overlap between formation-recruiting and explicit-barracks country/state pairs,PASS,Formation units materialize one barracks level each; explicit nondeferred levels would be additive.
VEN,Venice,STATE_ISTRIA,YES,YES,land,11,0,11,0,0,0,0,0,0,NO,FORMATION_MATERIALIZATION_ONLY,NO,11,11,0,0,Vanilla 1.13.9 has zero overlap between formation-recruiting and explicit-barracks country/state pairs,PASS,Formation units materialize one barracks level each; explicit nondeferred levels would be additive.
WAD,Wadai,STATE_CHAD,YES,NO,land,4,5,4,0,0,0,0,0,0,NO,REMOVE_DUPLICATE_WITH_FORMATION_MATERIALIZATION,NO,9,4,0,0,Vanilla 1.13.9 has zero overlap between formation-recruiting and explicit-barracks country/state pairs,PASS,Formation units materialize one barracks level each; explicit nondeferred levels would be additive.
WAD,Wadai,STATE_WADDAI,YES,NO,land,0,5,0,0,0,0,0,0,0,NO,REMOVE_STALE_PRE_3B_CAPACITY,NO,5,0,0,0,Vanilla 1.13.9 has zero overlap between formation-recruiting and explicit-barracks country/state pairs,PASS,Formation units materialize one barracks level each; explicit nondeferred levels would be additive.
WAL,Wallachia,STATE_WALLACHIA,YES,NO,land,4,0,4,0,0,0,0,0,0,NO,FORMATION_MATERIALIZATION_ONLY,NO,4,4,0,0,Vanilla 1.13.9 has zero overlap between formation-recruiting and explicit-barracks country/state pairs,PASS,Formation units materialize one barracks level each; explicit nondeferred levels would be additive.
WBL,Griqualand,STATE_NORTHERN_CAPE,YES,NO,land,1,1,1,0,0,0,0,0,0,NO,REMOVE_DUPLICATE_WITH_FORMATION_MATERIALIZATION,NO,2,1,0,0,Vanilla 1.13.9 has zero overlap between formation-recruiting and explicit-barracks country/state pairs,PASS,Formation units materialize one barracks level each; explicit nondeferred levels would be additive.
WEI,Saxe-Weimar-Eisenach,STATE_SAXONY,YES,NO,land,1,3,1,0,0,0,0,0,0,NO,REMOVE_DUPLICATE_WITH_FORMATION_MATERIALIZATION,NO,4,1,0,0,Vanilla 1.13.9 has zero overlap between formation-recruiting and explicit-barracks country/state pairs,PASS,Formation units materialize one barracks level each; explicit nondeferred levels would be additive.
WLD,Waldeck,STATE_HESSE,YES,NO,land,1,0,1,0,0,0,0,0,0,NO,FORMATION_MATERIALIZATION_ONLY,NO,1,1,0,0,Vanilla 1.13.9 has zero overlap between formation-recruiting and explicit-barracks country/state pairs,PASS,Formation units materialize one barracks level each; explicit nondeferred levels would be additive.
WSG,Warsangali,STATE_SOMALILAND,YES,YES,land,1,2,1,0,0,0,0,0,0,NO,REMOVE_DUPLICATE_WITH_FORMATION_MATERIALIZATION,NO,3,1,0,0,Vanilla 1.13.9 has zero overlap between formation-recruiting and explicit-barracks country/state pairs,PASS,Formation units materialize one barracks level each; explicit nondeferred levels would be additive.
WTU,Witu,STATE_KENYA,YES,YES,land,0,1,0,1,1,0,0,0,0,YES,STRUCTURAL_DEFER_PRESERVE,NO,1,1,0,0,Vanilla 1.13.9 has zero overlap between formation-recruiting and explicit-barracks country/state pairs,PASS,Formation units materialize one barracks level each; explicit nondeferred levels would be additive.
WUR,Württemberg,STATE_WURTTEMBERG,YES,NO,land,13,0,13,0,0,0,0,0,0,NO,FORMATION_MATERIALIZATION_ONLY,NO,13,13,0,0,Vanilla 1.13.9 has zero overlap between formation-recruiting and explicit-barracks country/state pairs,PASS,Formation units materialize one barracks level each; explicit nondeferred levels would be additive.
YOG,Yogyakarta,STATE_CENTRAL_JAVA,YES,YES,land,1,2,1,0,0,0,0,0,0,NO,REMOVE_DUPLICATE_WITH_FORMATION_MATERIALIZATION,NO,3,1,0,0,Vanilla 1.13.9 has zero overlap between formation-recruiting and explicit-barracks country/state pairs,PASS,Formation units materialize one barracks level each; explicit nondeferred levels would be additive.
ZAI,Azal,STATE_YEMEN,YES,YES,land,2,5,2,0,0,0,0,0,0,NO,REMOVE_DUPLICATE_WITH_FORMATION_MATERIALIZATION,NO,7,2,0,0,Vanilla 1.13.9 has zero overlap between formation-recruiting and explicit-barracks country/state pairs,PASS,Formation units materialize one barracks level each; explicit nondeferred levels would be additive.
AUS,Austria,STATE_CROATIA,YES,YES,naval,0,0,0,0,0,1500,3,2,2,NO,REDUCE_TO_NATIONAL_MINIMUM,NO,3000,2000,0,0,1 naval administration level = 1000 sailors; direct ownership from 1776 state history; coast from vanilla state port locator,PASS,National shortfall repeated per placement state.
CHI,China,STATE_GUANGDONG,YES,YES,naval,0,0,0,0,0,4000,0,2,2,NO,CREATE_TO_NATIONAL_MINIMUM,NO,0,2000,4000,0,1 naval administration level = 1000 sailors; direct ownership from 1776 state history; coast from vanilla state port locator,PASS,National shortfall repeated per placement state.
CHI,China,STATE_SHANDONG,YES,YES,naval,0,0,0,0,0,4000,0,2,2,NO,CREATE_TO_NATIONAL_MINIMUM,NO,0,2000,4000,0,1 naval administration level = 1000 sailors; direct ownership from 1776 state history; coast from vanilla state port locator,PASS,National shortfall repeated per placement state.
DEI,East Indies,STATE_WEST_JAVA,YES,YES,naval,0,0,0,0,0,1000,2,1,1,NO,REDUCE_TO_NATIONAL_MINIMUM,NO,2000,1000,0,0,1 naval administration level = 1000 sailors; direct ownership from 1776 state history; coast from vanilla state port locator,PASS,National shortfall repeated per placement state.
DENNOR,Denmark-Norway,STATE_ZEALAND,YES,YES,naval,0,0,0,0,0,8800,9,9,9,NO,KEEP_AT_NATIONAL_MINIMUM,NO,9000,9000,0,0,1 naval administration level = 1000 sailors; direct ownership from 1776 state history; coast from vanilla state port locator,PASS,National shortfall repeated per placement state.
FRA,France,STATE_BRITTANY,YES,YES,naval,0,0,0,0,0,27400,12,14,14,NO,INCREASE_TO_NATIONAL_MINIMUM,NO,12000,14000,3400,0,1 naval administration level = 1000 sailors; direct ownership from 1776 state history; coast from vanilla state port locator,PASS,National shortfall repeated per placement state.
FRA,France,STATE_POITOU,YES,YES,naval,0,0,0,0,0,27400,4,5,5,NO,INCREASE_TO_NATIONAL_MINIMUM,NO,4000,5000,3400,0,1 naval administration level = 1000 sailors; direct ownership from 1776 state history; coast from vanilla state port locator,PASS,National shortfall repeated per placement state.
FRA,France,STATE_PROVENCE,YES,YES,naval,0,0,0,0,0,27400,8,9,9,NO,INCREASE_TO_NATIONAL_MINIMUM,NO,8000,9000,3400,0,1 naval administration level = 1000 sailors; direct ownership from 1776 state history; coast from vanilla state port locator,PASS,National shortfall repeated per placement state.
GBR,Great Britain,STATE_CEYLON,YES,YES,naval,0,0,0,0,0,83400,0,5,5,NO,CREATE_TO_NATIONAL_MINIMUM,YES,0,5000,50400,0,1 naval administration level = 1000 sailors; direct ownership from 1776 state history; coast from vanilla state port locator,PASS,National shortfall repeated per placement state. East Indies support remains GBR via directly owned Ceylon.
GBR,Great Britain,STATE_HOME_COUNTIES,YES,YES,naval,0,0,0,0,0,83400,20,35,35,NO,INCREASE_TO_NATIONAL_MINIMUM,NO,20000,35000,50400,0,1 naval administration level = 1000 sailors; direct ownership from 1776 state history; coast from vanilla state port locator,PASS,National shortfall repeated per placement state.
GBR,Great Britain,STATE_LANCASHIRE,YES,YES,naval,0,0,0,0,0,83400,10,10,10,NO,KEEP_AT_NATIONAL_MINIMUM,NO,10000,10000,50400,0,1 naval administration level = 1000 sailors; direct ownership from 1776 state history; coast from vanilla state port locator,PASS,National shortfall repeated per placement state.
GBR,Great Britain,STATE_UPPER_ANDALUSIA,YES,YES,naval,0,0,0,0,0,83400,3,9,9,NO,INCREASE_TO_NATIONAL_MINIMUM,NO,3000,9000,50400,0,1 naval administration level = 1000 sailors; direct ownership from 1776 state history; coast from vanilla state port locator,PASS,National shortfall repeated per placement state.
GBR,Great Britain,STATE_WEST_COUNTRY,YES,YES,naval,0,0,0,0,0,83400,0,25,25,NO,CREATE_TO_NATIONAL_MINIMUM,NO,0,25000,50400,0,1 naval administration level = 1000 sailors; direct ownership from 1776 state history; coast from vanilla state port locator,PASS,National shortfall repeated per placement state.
GEN,Most Serene Republic of Genoa,STATE_PIEDMONT,YES,YES,naval,0,0,0,0,0,1500,3,2,2,NO,REDUCE_TO_NATIONAL_MINIMUM,NO,3000,2000,0,0,1 naval administration level = 1000 sailors; direct ownership from 1776 state history; coast from vanilla state port locator,PASS,National shortfall repeated per placement state.
MARATH,Maratha Confederacy,STATE_BOMBAY,YES,YES,naval,0,0,0,0,0,1000,1,1,1,NO,KEEP_AT_NATIONAL_MINIMUM,NO,1000,1000,0,0,1 naval administration level = 1000 sailors; direct ownership from 1776 state history; coast from vanilla state port locator,PASS,National shortfall repeated per placement state.
NET,Netherlands,STATE_HOLLAND,YES,YES,naval,0,0,0,0,0,8800,13,9,9,NO,REDUCE_TO_NATIONAL_MINIMUM,NO,13000,9000,0,0,1 naval administration level = 1000 sailors; direct ownership from 1776 state history; coast from vanilla state port locator,PASS,National shortfall repeated per placement state.
OMA,Oman,STATE_OMAN,YES,YES,naval,0,0,0,0,0,4000,4,4,4,NO,KEEP_AT_NATIONAL_MINIMUM,NO,4000,4000,0,0,1 naval administration level = 1000 sailors; direct ownership from 1776 state history; coast from vanilla state port locator,PASS,National shortfall repeated per placement state.
PAP,Papal States,STATE_LAZIO,YES,YES,naval,0,0,0,0,0,500,1,1,1,NO,KEEP_AT_NATIONAL_MINIMUM,NO,1000,1000,0,0,1 naval administration level = 1000 sailors; direct ownership from 1776 state history; coast from vanilla state port locator,PASS,National shortfall repeated per placement state.
POR,Portugal,STATE_ESTREMADURA,YES,YES,naval,0,0,0,0,0,7200,9,8,8,NO,REDUCE_TO_NATIONAL_MINIMUM,NO,9000,8000,0,0,1 naval administration level = 1000 sailors; direct ownership from 1776 state history; coast from vanilla state port locator,PASS,National shortfall repeated per placement state.
RUS,Russia,STATE_INGRIA,YES,YES,naval,0,0,0,0,0,21400,0,17,17,NO,CREATE_TO_NATIONAL_MINIMUM,NO,0,17000,21400,0,1 naval administration level = 1000 sailors; direct ownership from 1776 state history; coast from vanilla state port locator,PASS,National shortfall repeated per placement state.
RUS,Russia,STATE_ROSTOV,YES,YES,naval,0,0,0,0,0,21400,0,5,5,NO,CREATE_TO_NATIONAL_MINIMUM,NO,0,5000,21400,0,1 naval administration level = 1000 sailors; direct ownership from 1776 state history; coast from vanilla state port locator,PASS,National shortfall repeated per placement state.
SAR,Sardinia-Piedmont,STATE_SARDINIA,YES,YES,naval,0,0,0,0,0,2500,2,3,3,NO,INCREASE_TO_NATIONAL_MINIMUM,NO,2000,3000,500,0,1 naval administration level = 1000 sailors; direct ownership from 1776 state history; coast from vanilla state port locator,PASS,National shortfall repeated per placement state.
SIC,Two Sicilies,STATE_CAMPANIA,YES,YES,naval,0,0,0,0,0,4600,3,3,3,YES,STRUCTURAL_DEFER_PRESERVE,NO,3000,3000,1600,1600,1 naval administration level = 1000 sailors; direct ownership from 1776 state history; coast from vanilla state port locator,PASS,National shortfall repeated per placement state.
SPA,Spain,STATE_GALICIA,YES,YES,naval,0,0,0,0,0,26600,8,9,9,NO,INCREASE_TO_NATIONAL_MINIMUM,NO,8000,9000,2600,0,1 naval administration level = 1000 sailors; direct ownership from 1776 state history; coast from vanilla state port locator,PASS,National shortfall repeated per placement state.
SPA,Spain,STATE_LOWER_ANDALUSIA,YES,YES,naval,0,0,0,0,0,26600,8,9,9,NO,INCREASE_TO_NATIONAL_MINIMUM,NO,8000,9000,2600,0,1 naval administration level = 1000 sailors; direct ownership from 1776 state history; coast from vanilla state port locator,PASS,National shortfall repeated per placement state.
SPA,Spain,STATE_MURCIA,YES,YES,naval,0,0,0,0,0,26600,5,6,6,NO,INCREASE_TO_NATIONAL_MINIMUM,NO,5000,6000,2600,0,1 naval administration level = 1000 sailors; direct ownership from 1776 state history; coast from vanilla state port locator,PASS,National shortfall repeated per placement state.
SPA,Spain,STATE_WEST_INDIES,YES,YES,naval,0,0,0,0,0,26600,3,3,3,NO,KEEP_AT_NATIONAL_MINIMUM,NO,3000,3000,2600,0,1 naval administration level = 1000 sailors; direct ownership from 1776 state history; coast from vanilla state port locator,PASS,National shortfall repeated per placement state.
SWE,Sweden,STATE_SCANIA,YES,YES,naval,0,0,0,0,0,15800,10,16,16,NO,INCREASE_TO_NATIONAL_MINIMUM,NO,10000,16000,5800,0,1 naval administration level = 1000 sailors; direct ownership from 1776 state history; coast from vanilla state port locator,PASS,National shortfall repeated per placement state.
TRA,Travancore,STATE_TRAVANCORE,YES,YES,naval,0,0,0,0,0,500,1,1,1,NO,KEEP_AT_NATIONAL_MINIMUM,NO,1000,1000,0,0,1 naval administration level = 1000 sailors; direct ownership from 1776 state history; coast from vanilla state port locator,PASS,National shortfall repeated per placement state.
TRI,Tripolitania,STATE_TRIPOLI,YES,YES,naval,0,0,0,0,0,500,1,1,1,NO,KEEP_AT_NATIONAL_MINIMUM,NO,1000,1000,0,0,1 naval administration level = 1000 sailors; direct ownership from 1776 state history; coast from vanilla state port locator,PASS,National shortfall repeated per placement state.
TUN,Tunis,STATE_TUNISIA,YES,YES,naval,0,0,0,0,0,500,1,1,1,NO,KEEP_AT_NATIONAL_MINIMUM,NO,1000,1000,0,0,1 naval administration level = 1000 sailors; direct ownership from 1776 state history; coast from vanilla state port locator,PASS,National shortfall repeated per placement state.
TUR,Ottoman Empire,STATE_EASTERN_THRACE,YES,YES,naval,0,0,0,0,0,5400,9,6,6,NO,REDUCE_TO_NATIONAL_MINIMUM,NO,9000,6000,0,0,1 naval administration level = 1000 sailors; direct ownership from 1776 state history; coast from vanilla state port locator,PASS,National shortfall repeated per placement state.
TUS,Tuscany,STATE_TUSCANY,YES,YES,naval,0,0,0,0,0,500,1,1,1,NO,KEEP_AT_NATIONAL_MINIMUM,NO,1000,1000,0,0,1 naval administration level = 1000 sailors; direct ownership from 1776 state history; coast from vanilla state port locator,PASS,National shortfall repeated per placement state.
USA,America,STATE_NEW_YORK,YES,YES,naval,0,0,0,0,0,2500,0,2,2,NO,CREATE_TO_NATIONAL_MINIMUM,NO,0,2000,2500,0,1 naval administration level = 1000 sailors; direct ownership from 1776 state history; coast from vanilla state port locator,PASS,National shortfall repeated per placement state.
USA,America,STATE_VIRGINIA,YES,YES,naval,0,0,0,0,0,2500,0,1,1,NO,CREATE_TO_NATIONAL_MINIMUM,NO,0,1000,2500,0,1 naval administration level = 1000 sailors; direct ownership from 1776 state history; coast from vanilla state port locator,PASS,National shortfall repeated per placement state.
VEN,Venice,STATE_VENETIA,YES,YES,naval,0,0,0,0,0,4100,5,5,5,NO,KEEP_AT_NATIONAL_MINIMUM,NO,5000,5000,0,0,1 naval administration level = 1000 sailors; direct ownership from 1776 state history; coast from vanilla state port locator,PASS,National shortfall repeated per placement state.
